solid OpenSCAD_Model
  facet normal -0.989168 -0.146788 0
    outer loop
      vertex -33.0082 -34.5334 -4.6
      vertex -33.0327 -34.3683 0
      vertex -33.0327 -34.3683 -4.6
    endloop
  endfacet
  facet normal -0.989168 -0.146788 0
    outer loop
      vertex -33.0327 -34.3683 0
      vertex -33.0082 -34.5334 -4.6
      vertex -33.0082 -34.5334 0
    endloop
  endfacet
  facet normal -0.998791 -0.0491602 0
    outer loop
      vertex -33 -34.7 -4.6
      vertex -33.0082 -34.5334 0
      vertex -33.0082 -34.5334 -4.6
    endloop
  endfacet
  facet normal -0.998791 -0.0491602 0
    outer loop
      vertex -33.0082 -34.5334 0
      vertex -33 -34.7 -4.6
      vertex -33 -34.7 0
    endloop
  endfacet
  facet normal -0.970072 -0.242818 0
    outer loop
      vertex -33.0327 -34.3683 -4.6
      vertex -33.0732 -34.2065 0
      vertex -33.0732 -34.2065 -4.6
    endloop
  endfacet
  facet normal -0.970072 -0.242818 0
    outer loop
      vertex -33.0732 -34.2065 0
      vertex -33.0327 -34.3683 -4.6
      vertex -33.0327 -34.3683 0
    endloop
  endfacet
  facet normal 0.33683 -0.941566 0
    outer loop
      vertex -35.3506 -33.1294 -4.6
      vertex -35.1935 -33.0732 0
      vertex -35.3506 -33.1294 0
    endloop
  endfacet
  facet normal 0.33683 -0.941566 0
    outer loop
      vertex -35.1935 -33.0732 0
      vertex -35.3506 -33.1294 -4.6
      vertex -35.1935 -33.0732 -4.6
    endloop
  endfacet
  facet normal -0.427442 0.904043 0
    outer loop
      vertex -33.8986 -36.1993 -4.6
      vertex -34.0494 -36.2706 0
      vertex -33.8986 -36.1993 0
    endloop
  endfacet
  facet normal -0.427442 0.904043 0
    outer loop
      vertex -34.0494 -36.2706 0
      vertex -33.8986 -36.1993 -4.6
      vertex -34.0494 -36.2706 -4.6
    endloop
  endfacet
  facet normal -0.514231 -0.857652 0
    outer loop
      vertex -33.8986 -33.2007 -4.6
      vertex -33.7555 -33.2865 0
      vertex -33.8986 -33.2007 0
    endloop
  endfacet
  facet normal -0.514231 -0.857652 -0
    outer loop
      vertex -33.7555 -33.2865 0
      vertex -33.8986 -33.2007 -4.6
      vertex -33.7555 -33.2865 -4.6
    endloop
  endfacet
  facet normal 0.904043 -0.427442 0
    outer loop
      vertex -36.2706 -34.0494 0
      vertex -36.1993 -33.8986 -4.6
      vertex -36.1993 -33.8986 0
    endloop
  endfacet
  facet normal 0.904043 -0.427442 0
    outer loop
      vertex -36.1993 -33.8986 -4.6
      vertex -36.2706 -34.0494 0
      vertex -36.2706 -34.0494 -4.6
    endloop
  endfacet
  facet normal -0.242818 0.970072 0
    outer loop
      vertex -34.2065 -36.3268 -4.6
      vertex -34.3683 -36.3673 0
      vertex -34.2065 -36.3268 0
    endloop
  endfacet
  facet normal -0.242818 0.970072 0
    outer loop
      vertex -34.3683 -36.3673 0
      vertex -34.2065 -36.3268 -4.6
      vertex -34.3683 -36.3673 -4.6
    endloop
  endfacet
  facet normal 0.989168 -0.146788 0
    outer loop
      vertex -36.3918 -34.5334 0
      vertex -36.3673 -34.3683 -4.6
      vertex -36.3673 -34.3683 0
    endloop
  endfacet
  facet normal 0.989168 -0.146788 0
    outer loop
      vertex -36.3673 -34.3683 -4.6
      vertex -36.3918 -34.5334 0
      vertex -36.3918 -34.5334 -4.6
    endloop
  endfacet
  facet normal -0.0491602 0.998791 0
    outer loop
      vertex -34.5334 -36.3918 -4.6
      vertex -34.7 -36.4 0
      vertex -34.5334 -36.3918 0
    endloop
  endfacet
  facet normal -0.0491602 0.998791 0
    outer loop
      vertex -34.7 -36.4 0
      vertex -34.5334 -36.3918 -4.6
      vertex -34.7 -36.4 -4.6
    endloop
  endfacet
  facet normal 0.941566 0.33683 0
    outer loop
      vertex -36.2706 -35.3506 0
      vertex -36.3268 -35.1935 -4.6
      vertex -36.3268 -35.1935 0
    endloop
  endfacet
  facet normal 0.941566 0.33683 0
    outer loop
      vertex -36.3268 -35.1935 -4.6
      vertex -36.2706 -35.3506 0
      vertex -36.2706 -35.3506 -4.6
    endloop
  endfacet
  facet normal -0.595772 0.803154 0
    outer loop
      vertex -33.6215 -36.0141 -4.6
      vertex -33.7555 -36.1135 0
      vertex -33.6215 -36.0141 0
    endloop
  endfacet
  facet normal -0.595772 0.803154 0
    outer loop
      vertex -33.7555 -36.1135 0
      vertex -33.6215 -36.0141 -4.6
      vertex -33.7555 -36.1135 -4.6
    endloop
  endfacet
  facet normal 0.427442 0.904043 -0
    outer loop
      vertex -35.3506 -36.2706 -4.6
      vertex -35.5014 -36.1993 0
      vertex -35.3506 -36.2706 0
    endloop
  endfacet
  facet normal 0.427442 0.904043 0
    outer loop
      vertex -35.5014 -36.1993 0
      vertex -35.3506 -36.2706 -4.6
      vertex -35.5014 -36.1993 -4.6
    endloop
  endfacet
  facet normal -0.904043 -0.427442 0
    outer loop
      vertex -33.1294 -34.0494 -4.6
      vertex -33.2007 -33.8986 0
      vertex -33.2007 -33.8986 -4.6
    endloop
  endfacet
  facet normal -0.904043 -0.427442 0
    outer loop
      vertex -33.2007 -33.8986 0
      vertex -33.1294 -34.0494 -4.6
      vertex -33.1294 -34.0494 0
    endloop
  endfacet
  facet normal 0.146788 0.989168 -0
    outer loop
      vertex -34.8666 -36.3918 -4.6
      vertex -35.0317 -36.3673 0
      vertex -34.8666 -36.3918 0
    endloop
  endfacet
  facet normal 0.146788 0.989168 0
    outer loop
      vertex -35.0317 -36.3673 0
      vertex -34.8666 -36.3918 -4.6
      vertex -35.0317 -36.3673 -4.6
    endloop
  endfacet
  facet normal 0.998791 -0.0491602 0
    outer loop
      vertex -36.4 -34.7 0
      vertex -36.3918 -34.5334 -4.6
      vertex -36.3918 -34.5334 0
    endloop
  endfacet
  facet normal 0.998791 -0.0491602 0
    outer loop
      vertex -36.3918 -34.5334 -4.6
      vertex -36.4 -34.7 0
      vertex -36.4 -34.7 -4.6
    endloop
  endfacet
  facet normal 0.0491602 -0.998791 0
    outer loop
      vertex -34.8666 -33.0082 -4.6
      vertex -34.7 -33 0
      vertex -34.8666 -33.0082 0
    endloop
  endfacet
  facet normal 0.0491602 -0.998791 0
    outer loop
      vertex -34.7 -33 0
      vertex -34.8666 -33.0082 -4.6
      vertex -34.7 -33 -4.6
    endloop
  endfacet
  facet normal -0.595772 -0.803154 0
    outer loop
      vertex -33.7555 -33.2865 -4.6
      vertex -33.6215 -33.3859 0
      vertex -33.7555 -33.2865 0
    endloop
  endfacet
  facet normal -0.595772 -0.803154 -0
    outer loop
      vertex -33.6215 -33.3859 0
      vertex -33.7555 -33.2865 -4.6
      vertex -33.6215 -33.3859 -4.6
    endloop
  endfacet
  facet normal -0.803154 0.595772 0
    outer loop
      vertex -33.3859 -35.7785 -4.6
      vertex -33.2865 -35.6445 0
      vertex -33.2865 -35.6445 -4.6
    endloop
  endfacet
  facet normal -0.803154 0.595772 0
    outer loop
      vertex -33.2865 -35.6445 0
      vertex -33.3859 -35.7785 -4.6
      vertex -33.3859 -35.7785 0
    endloop
  endfacet
  facet normal -0.33683 0.941566 0
    outer loop
      vertex -34.0494 -36.2706 -4.6
      vertex -34.2065 -36.3268 0
      vertex -34.0494 -36.2706 0
    endloop
  endfacet
  facet normal -0.33683 0.941566 0
    outer loop
      vertex -34.2065 -36.3268 0
      vertex -34.0494 -36.2706 -4.6
      vertex -34.2065 -36.3268 -4.6
    endloop
  endfacet
  facet normal 0.970072 0.242818 0
    outer loop
      vertex -36.3268 -35.1935 0
      vertex -36.3673 -35.0317 -4.6
      vertex -36.3673 -35.0317 0
    endloop
  endfacet
  facet normal 0.970072 0.242818 0
    outer loop
      vertex -36.3673 -35.0317 -4.6
      vertex -36.3268 -35.1935 0
      vertex -36.3268 -35.1935 -4.6
    endloop
  endfacet
  facet normal -0.803154 -0.595772 0
    outer loop
      vertex -33.2865 -33.7555 -4.6
      vertex -33.3859 -33.6215 0
      vertex -33.3859 -33.6215 -4.6
    endloop
  endfacet
  facet normal -0.803154 -0.595772 0
    outer loop
      vertex -33.3859 -33.6215 0
      vertex -33.2865 -33.7555 -4.6
      vertex -33.2865 -33.7555 0
    endloop
  endfacet
  facet normal 0.514231 0.857652 -0
    outer loop
      vertex -35.5014 -36.1993 -4.6
      vertex -35.6445 -36.1135 0
      vertex -35.5014 -36.1993 0
    endloop
  endfacet
  facet normal 0.514231 0.857652 0
    outer loop
      vertex -35.6445 -36.1135 0
      vertex -35.5014 -36.1993 -4.6
      vertex -35.6445 -36.1135 -4.6
    endloop
  endfacet
  facet normal 0.741024 0.671478 0
    outer loop
      vertex -35.9021 -35.9021 0
      vertex -36.0141 -35.7785 -4.6
      vertex -36.0141 -35.7785 0
    endloop
  endfacet
  facet normal 0.741024 0.671478 0
    outer loop
      vertex -36.0141 -35.7785 -4.6
      vertex -35.9021 -35.9021 0
      vertex -35.9021 -35.9021 -4.6
    endloop
  endfacet
  facet normal -0.904043 0.427442 0
    outer loop
      vertex -33.2007 -35.5014 -4.6
      vertex -33.1294 -35.3506 0
      vertex -33.1294 -35.3506 -4.6
    endloop
  endfacet
  facet normal -0.904043 0.427442 0
    outer loop
      vertex -33.1294 -35.3506 0
      vertex -33.2007 -35.5014 -4.6
      vertex -33.2007 -35.5014 0
    endloop
  endfacet
  facet normal -0.242818 -0.970072 0
    outer loop
      vertex -34.3683 -33.0327 -4.6
      vertex -34.2065 -33.0732 0
      vertex -34.3683 -33.0327 0
    endloop
  endfacet
  facet normal -0.242818 -0.970072 -0
    outer loop
      vertex -34.2065 -33.0732 0
      vertex -34.3683 -33.0327 -4.6
      vertex -34.2065 -33.0732 -4.6
    endloop
  endfacet
  facet normal 0.0491602 0.998791 -0
    outer loop
      vertex -34.7 -36.4 -4.6
      vertex -34.8666 -36.3918 0
      vertex -34.7 -36.4 0
    endloop
  endfacet
  facet normal 0.0491602 0.998791 0
    outer loop
      vertex -34.8666 -36.3918 0
      vertex -34.7 -36.4 -4.6
      vertex -34.8666 -36.3918 -4.6
    endloop
  endfacet
  facet normal 0.427442 -0.904043 0
    outer loop
      vertex -35.5014 -33.2007 -4.6
      vertex -35.3506 -33.1294 0
      vertex -35.5014 -33.2007 0
    endloop
  endfacet
  facet normal 0.427442 -0.904043 0
    outer loop
      vertex -35.3506 -33.1294 0
      vertex -35.5014 -33.2007 -4.6
      vertex -35.3506 -33.1294 -4.6
    endloop
  endfacet
  facet normal 0.671478 -0.741024 0
    outer loop
      vertex -35.9021 -33.4979 -4.6
      vertex -35.7785 -33.3859 0
      vertex -35.9021 -33.4979 0
    endloop
  endfacet
  facet normal 0.671478 -0.741024 0
    outer loop
      vertex -35.7785 -33.3859 0
      vertex -35.9021 -33.4979 -4.6
      vertex -35.7785 -33.3859 -4.6
    endloop
  endfacet
  facet normal -0.146788 0.989168 0
    outer loop
      vertex -34.3683 -36.3673 -4.6
      vertex -34.5334 -36.3918 0
      vertex -34.3683 -36.3673 0
    endloop
  endfacet
  facet normal -0.146788 0.989168 0
    outer loop
      vertex -34.5334 -36.3918 0
      vertex -34.3683 -36.3673 -4.6
      vertex -34.5334 -36.3918 -4.6
    endloop
  endfacet
  facet normal 0.998791 0.0491602 0
    outer loop
      vertex -36.3918 -34.8666 0
      vertex -36.4 -34.7 -4.6
      vertex -36.4 -34.7 0
    endloop
  endfacet
  facet normal 0.998791 0.0491602 0
    outer loop
      vertex -36.4 -34.7 -4.6
      vertex -36.3918 -34.8666 0
      vertex -36.3918 -34.8666 -4.6
    endloop
  endfacet
  facet normal -0.941566 -0.33683 0
    outer loop
      vertex -33.0732 -34.2065 -4.6
      vertex -33.1294 -34.0494 0
      vertex -33.1294 -34.0494 -4.6
    endloop
  endfacet
  facet normal -0.941566 -0.33683 0
    outer loop
      vertex -33.1294 -34.0494 0
      vertex -33.0732 -34.2065 -4.6
      vertex -33.0732 -34.2065 0
    endloop
  endfacet
  facet normal -0.671478 -0.741024 0
    outer loop
      vertex -33.6215 -33.3859 -4.6
      vertex -33.4979 -33.4979 0
      vertex -33.6215 -33.3859 0
    endloop
  endfacet
  facet normal -0.671478 -0.741024 -0
    outer loop
      vertex -33.4979 -33.4979 0
      vertex -33.6215 -33.3859 -4.6
      vertex -33.4979 -33.4979 -4.6
    endloop
  endfacet
  facet normal 0.741024 -0.671478 0
    outer loop
      vertex -36.0141 -33.6215 0
      vertex -35.9021 -33.4979 -4.6
      vertex -35.9021 -33.4979 0
    endloop
  endfacet
  facet normal 0.741024 -0.671478 0
    outer loop
      vertex -35.9021 -33.4979 -4.6
      vertex -36.0141 -33.6215 0
      vertex -36.0141 -33.6215 -4.6
    endloop
  endfacet
  facet normal -0.970072 0.242818 0
    outer loop
      vertex -33.0732 -35.1935 -4.6
      vertex -33.0327 -35.0317 0
      vertex -33.0327 -35.0317 -4.6
    endloop
  endfacet
  facet normal -0.970072 0.242818 0
    outer loop
      vertex -33.0327 -35.0317 0
      vertex -33.0732 -35.1935 -4.6
      vertex -33.0732 -35.1935 0
    endloop
  endfacet
  facet normal -0.0491602 -0.998791 0
    outer loop
      vertex -34.7 -33 -4.6
      vertex -34.5334 -33.0082 0
      vertex -34.7 -33 0
    endloop
  endfacet
  facet normal -0.0491602 -0.998791 -0
    outer loop
      vertex -34.5334 -33.0082 0
      vertex -34.7 -33 -4.6
      vertex -34.5334 -33.0082 -4.6
    endloop
  endfacet
  facet normal 0.146788 -0.989168 0
    outer loop
      vertex -35.0317 -33.0327 -4.6
      vertex -34.8666 -33.0082 0
      vertex -35.0317 -33.0327 0
    endloop
  endfacet
  facet normal 0.146788 -0.989168 0
    outer loop
      vertex -34.8666 -33.0082 0
      vertex -35.0317 -33.0327 -4.6
      vertex -34.8666 -33.0082 -4.6
    endloop
  endfacet
  facet normal -0.33683 -0.941566 0
    outer loop
      vertex -34.2065 -33.0732 -4.6
      vertex -34.0494 -33.1294 0
      vertex -34.2065 -33.0732 0
    endloop
  endfacet
  facet normal -0.33683 -0.941566 -0
    outer loop
      vertex -34.0494 -33.1294 0
      vertex -34.2065 -33.0732 -4.6
      vertex -34.0494 -33.1294 -4.6
    endloop
  endfacet
  facet normal 0.242818 -0.970072 0
    outer loop
      vertex -35.1935 -33.0732 -4.6
      vertex -35.0317 -33.0327 0
      vertex -35.1935 -33.0732 0
    endloop
  endfacet
  facet normal 0.242818 -0.970072 0
    outer loop
      vertex -35.0317 -33.0327 0
      vertex -35.1935 -33.0732 -4.6
      vertex -35.0317 -33.0327 -4.6
    endloop
  endfacet
  facet normal -0.989168 0.146788 0
    outer loop
      vertex -33.0327 -35.0317 -4.6
      vertex -33.0082 -34.8666 0
      vertex -33.0082 -34.8666 -4.6
    endloop
  endfacet
  facet normal -0.989168 0.146788 0
    outer loop
      vertex -33.0082 -34.8666 0
      vertex -33.0327 -35.0317 -4.6
      vertex -33.0327 -35.0317 0
    endloop
  endfacet
  facet normal 0.671478 0.741024 -0
    outer loop
      vertex -35.7785 -36.0141 -4.6
      vertex -35.9021 -35.9021 0
      vertex -35.7785 -36.0141 0
    endloop
  endfacet
  facet normal 0.671478 0.741024 0
    outer loop
      vertex -35.9021 -35.9021 0
      vertex -35.7785 -36.0141 -4.6
      vertex -35.9021 -35.9021 -4.6
    endloop
  endfacet
  facet normal -0.857652 0.514231 0
    outer loop
      vertex -33.2865 -35.6445 -4.6
      vertex -33.2007 -35.5014 0
      vertex -33.2007 -35.5014 -4.6
    endloop
  endfacet
  facet normal -0.857652 0.514231 0
    outer loop
      vertex -33.2007 -35.5014 0
      vertex -33.2865 -35.6445 -4.6
      vertex -33.2865 -35.6445 0
    endloop
  endfacet
  facet normal -0.427442 -0.904043 0
    outer loop
      vertex -34.0494 -33.1294 -4.6
      vertex -33.8986 -33.2007 0
      vertex -34.0494 -33.1294 0
    endloop
  endfacet
  facet normal -0.427442 -0.904043 -0
    outer loop
      vertex -33.8986 -33.2007 0
      vertex -34.0494 -33.1294 -4.6
      vertex -33.8986 -33.2007 -4.6
    endloop
  endfacet
  facet normal 0.941566 -0.33683 0
    outer loop
      vertex -36.3268 -34.2065 0
      vertex -36.2706 -34.0494 -4.6
      vertex -36.2706 -34.0494 0
    endloop
  endfacet
  facet normal 0.941566 -0.33683 0
    outer loop
      vertex -36.2706 -34.0494 -4.6
      vertex -36.3268 -34.2065 0
      vertex -36.3268 -34.2065 -4.6
    endloop
  endfacet
  facet normal -0.671478 0.741024 0
    outer loop
      vertex -33.4979 -35.9021 -4.6
      vertex -33.6215 -36.0141 0
      vertex -33.4979 -35.9021 0
    endloop
  endfacet
  facet normal -0.671478 0.741024 0
    outer loop
      vertex -33.6215 -36.0141 0
      vertex -33.4979 -35.9021 -4.6
      vertex -33.6215 -36.0141 -4.6
    endloop
  endfacet
  facet normal 0.857652 0.514231 0
    outer loop
      vertex -36.1135 -35.6445 0
      vertex -36.1993 -35.5014 -4.6
      vertex -36.1993 -35.5014 0
    endloop
  endfacet
  facet normal 0.857652 0.514231 0
    outer loop
      vertex -36.1993 -35.5014 -4.6
      vertex -36.1135 -35.6445 0
      vertex -36.1135 -35.6445 -4.6
    endloop
  endfacet
  facet normal -0.857652 -0.514231 0
    outer loop
      vertex -33.2007 -33.8986 -4.6
      vertex -33.2865 -33.7555 0
      vertex -33.2865 -33.7555 -4.6
    endloop
  endfacet
  facet normal -0.857652 -0.514231 0
    outer loop
      vertex -33.2865 -33.7555 0
      vertex -33.2007 -33.8986 -4.6
      vertex -33.2007 -33.8986 0
    endloop
  endfacet
  facet normal -0.998791 0.0491602 0
    outer loop
      vertex -33.0082 -34.8666 -4.6
      vertex -33 -34.7 0
      vertex -33 -34.7 -4.6
    endloop
  endfacet
  facet normal -0.998791 0.0491602 0
    outer loop
      vertex -33 -34.7 0
      vertex -33.0082 -34.8666 -4.6
      vertex -33.0082 -34.8666 0
    endloop
  endfacet
  facet normal 0.595772 -0.803154 0
    outer loop
      vertex -35.7785 -33.3859 -4.6
      vertex -35.6445 -33.2865 0
      vertex -35.7785 -33.3859 0
    endloop
  endfacet
  facet normal 0.595772 -0.803154 0
    outer loop
      vertex -35.6445 -33.2865 0
      vertex -35.7785 -33.3859 -4.6
      vertex -35.6445 -33.2865 -4.6
    endloop
  endfacet
  facet normal 0.595772 0.803154 -0
    outer loop
      vertex -35.6445 -36.1135 -4.6
      vertex -35.7785 -36.0141 0
      vertex -35.6445 -36.1135 0
    endloop
  endfacet
  facet normal 0.595772 0.803154 0
    outer loop
      vertex -35.7785 -36.0141 0
      vertex -35.6445 -36.1135 -4.6
      vertex -35.7785 -36.0141 -4.6
    endloop
  endfacet
  facet normal 0.803154 -0.595772 0
    outer loop
      vertex -36.1135 -33.7555 0
      vertex -36.0141 -33.6215 -4.6
      vertex -36.0141 -33.6215 0
    endloop
  endfacet
  facet normal 0.803154 -0.595772 0
    outer loop
      vertex -36.0141 -33.6215 -4.6
      vertex -36.1135 -33.7555 0
      vertex -36.1135 -33.7555 -4.6
    endloop
  endfacet
  facet normal 0.904043 0.427442 0
    outer loop
      vertex -36.1993 -35.5014 0
      vertex -36.2706 -35.3506 -4.6
      vertex -36.2706 -35.3506 0
    endloop
  endfacet
  facet normal 0.904043 0.427442 0
    outer loop
      vertex -36.2706 -35.3506 -4.6
      vertex -36.1993 -35.5014 0
      vertex -36.1993 -35.5014 -4.6
    endloop
  endfacet
  facet normal -0.146788 -0.989168 0
    outer loop
      vertex -34.5334 -33.0082 -4.6
      vertex -34.3683 -33.0327 0
      vertex -34.5334 -33.0082 0
    endloop
  endfacet
  facet normal -0.146788 -0.989168 -0
    outer loop
      vertex -34.3683 -33.0327 0
      vertex -34.5334 -33.0082 -4.6
      vertex -34.3683 -33.0327 -4.6
    endloop
  endfacet
  facet normal 0.803154 0.595772 0
    outer loop
      vertex -36.0141 -35.7785 0
      vertex -36.1135 -35.6445 -4.6
      vertex -36.1135 -35.6445 0
    endloop
  endfacet
  facet normal 0.803154 0.595772 0
    outer loop
      vertex -36.1135 -35.6445 -4.6
      vertex -36.0141 -35.7785 0
      vertex -36.0141 -35.7785 -4.6
    endloop
  endfacet
  facet normal 0.242818 0.970072 -0
    outer loop
      vertex -35.0317 -36.3673 -4.6
      vertex -35.1935 -36.3268 0
      vertex -35.0317 -36.3673 0
    endloop
  endfacet
  facet normal 0.242818 0.970072 0
    outer loop
      vertex -35.1935 -36.3268 0
      vertex -35.0317 -36.3673 -4.6
      vertex -35.1935 -36.3268 -4.6
    endloop
  endfacet
  facet normal 0.989168 0.146788 0
    outer loop
      vertex -36.3673 -35.0317 0
      vertex -36.3918 -34.8666 -4.6
      vertex -36.3918 -34.8666 0
    endloop
  endfacet
  facet normal 0.989168 0.146788 0
    outer loop
      vertex -36.3918 -34.8666 -4.6
      vertex -36.3673 -35.0317 0
      vertex -36.3673 -35.0317 -4.6
    endloop
  endfacet
  facet normal 0.970072 -0.242818 0
    outer loop
      vertex -36.3673 -34.3683 0
      vertex -36.3268 -34.2065 -4.6
      vertex -36.3268 -34.2065 0
    endloop
  endfacet
  facet normal 0.970072 -0.242818 0
    outer loop
      vertex -36.3268 -34.2065 -4.6
      vertex -36.3673 -34.3683 0
      vertex -36.3673 -34.3683 -4.6
    endloop
  endfacet
  facet normal -0.941566 0.33683 0
    outer loop
      vertex -33.1294 -35.3506 -4.6
      vertex -33.0732 -35.1935 0
      vertex -33.0732 -35.1935 -4.6
    endloop
  endfacet
  facet normal -0.941566 0.33683 0
    outer loop
      vertex -33.0732 -35.1935 0
      vertex -33.1294 -35.3506 -4.6
      vertex -33.1294 -35.3506 0
    endloop
  endfacet
  facet normal 0.514231 -0.857652 0
    outer loop
      vertex -35.6445 -33.2865 -4.6
      vertex -35.5014 -33.2007 0
      vertex -35.6445 -33.2865 0
    endloop
  endfacet
  facet normal 0.514231 -0.857652 0
    outer loop
      vertex -35.5014 -33.2007 0
      vertex -35.6445 -33.2865 -4.6
      vertex -35.5014 -33.2007 -4.6
    endloop
  endfacet
  facet normal -0.741024 -0.671478 0
    outer loop
      vertex -33.3859 -33.6215 -4.6
      vertex -33.4979 -33.4979 0
      vertex -33.4979 -33.4979 -4.6
    endloop
  endfacet
  facet normal -0.741024 -0.671478 0
    outer loop
      vertex -33.4979 -33.4979 0
      vertex -33.3859 -33.6215 -4.6
      vertex -33.3859 -33.6215 0
    endloop
  endfacet
  facet normal -0.514231 0.857652 0
    outer loop
      vertex -33.7555 -36.1135 -4.6
      vertex -33.8986 -36.1993 0
      vertex -33.7555 -36.1135 0
    endloop
  endfacet
  facet normal -0.514231 0.857652 0
    outer loop
      vertex -33.8986 -36.1993 0
      vertex -33.7555 -36.1135 -4.6
      vertex -33.8986 -36.1993 -4.6
    endloop
  endfacet
  facet normal 0.857652 -0.514231 0
    outer loop
      vertex -36.1993 -33.8986 0
      vertex -36.1135 -33.7555 -4.6
      vertex -36.1135 -33.7555 0
    endloop
  endfacet
  facet normal 0.857652 -0.514231 0
    outer loop
      vertex -36.1135 -33.7555 -4.6
      vertex -36.1993 -33.8986 0
      vertex -36.1993 -33.8986 -4.6
    endloop
  endfacet
  facet normal 0.33683 0.941566 -0
    outer loop
      vertex -35.1935 -36.3268 -4.6
      vertex -35.3506 -36.2706 0
      vertex -35.1935 -36.3268 0
    endloop
  endfacet
  facet normal 0.33683 0.941566 0
    outer loop
      vertex -35.3506 -36.2706 0
      vertex -35.1935 -36.3268 -4.6
      vertex -35.3506 -36.2706 -4.6
    endloop
  endfacet
  facet normal -0.741024 0.671478 0
    outer loop
      vertex -33.4979 -35.9021 -4.6
      vertex -33.3859 -35.7785 0
      vertex -33.3859 -35.7785 -4.6
    endloop
  endfacet
  facet normal -0.741024 0.671478 0
    outer loop
      vertex -33.3859 -35.7785 0
      vertex -33.4979 -35.9021 -4.6
      vertex -33.4979 -35.9021 0
    endloop
  endfacet
  facet normal -0.989168 -0.146788 0
    outer loop
      vertex -33.0082 34.8666 -4.6
      vertex -33.0327 35.0317 0
      vertex -33.0327 35.0317 -4.6
    endloop
  endfacet
  facet normal -0.989168 -0.146788 0
    outer loop
      vertex -33.0327 35.0317 0
      vertex -33.0082 34.8666 -4.6
      vertex -33.0082 34.8666 0
    endloop
  endfacet
  facet normal -0.998791 -0.0491602 0
    outer loop
      vertex -33 34.7 -4.6
      vertex -33.0082 34.8666 0
      vertex -33.0082 34.8666 -4.6
    endloop
  endfacet
  facet normal -0.998791 -0.0491602 0
    outer loop
      vertex -33.0082 34.8666 0
      vertex -33 34.7 -4.6
      vertex -33 34.7 0
    endloop
  endfacet
  facet normal -0.970072 -0.242818 0
    outer loop
      vertex -33.0327 35.0317 -4.6
      vertex -33.0732 35.1935 0
      vertex -33.0732 35.1935 -4.6
    endloop
  endfacet
  facet normal -0.970072 -0.242818 0
    outer loop
      vertex -33.0732 35.1935 0
      vertex -33.0327 35.0317 -4.6
      vertex -33.0327 35.0317 0
    endloop
  endfacet
  facet normal -0.998791 0.0491602 0
    outer loop
      vertex -33.0082 34.5334 -4.6
      vertex -33 34.7 0
      vertex -33 34.7 -4.6
    endloop
  endfacet
  facet normal -0.998791 0.0491602 0
    outer loop
      vertex -33 34.7 0
      vertex -33.0082 34.5334 -4.6
      vertex -33.0082 34.5334 0
    endloop
  endfacet
  facet normal 0.514231 0.857652 -0
    outer loop
      vertex -35.5014 33.2007 -4.6
      vertex -35.6445 33.2865 0
      vertex -35.5014 33.2007 0
    endloop
  endfacet
  facet normal 0.514231 0.857652 0
    outer loop
      vertex -35.6445 33.2865 0
      vertex -35.5014 33.2007 -4.6
      vertex -35.6445 33.2865 -4.6
    endloop
  endfacet
  facet normal -0.941566 0.33683 0
    outer loop
      vertex -33.1294 34.0494 -4.6
      vertex -33.0732 34.2065 0
      vertex -33.0732 34.2065 -4.6
    endloop
  endfacet
  facet normal -0.941566 0.33683 0
    outer loop
      vertex -33.0732 34.2065 0
      vertex -33.1294 34.0494 -4.6
      vertex -33.1294 34.0494 0
    endloop
  endfacet
  facet normal 0.33683 -0.941566 0
    outer loop
      vertex -35.3506 36.2706 -4.6
      vertex -35.1935 36.3268 0
      vertex -35.3506 36.2706 0
    endloop
  endfacet
  facet normal 0.33683 -0.941566 0
    outer loop
      vertex -35.1935 36.3268 0
      vertex -35.3506 36.2706 -4.6
      vertex -35.1935 36.3268 -4.6
    endloop
  endfacet
  facet normal -0.803154 -0.595772 0
    outer loop
      vertex -33.2865 35.6445 -4.6
      vertex -33.3859 35.7785 0
      vertex -33.3859 35.7785 -4.6
    endloop
  endfacet
  facet normal -0.803154 -0.595772 0
    outer loop
      vertex -33.3859 35.7785 0
      vertex -33.2865 35.6445 -4.6
      vertex -33.2865 35.6445 0
    endloop
  endfacet
  facet normal 0.0491602 0.998791 -0
    outer loop
      vertex -34.7 33 -4.6
      vertex -34.8666 33.0082 0
      vertex -34.7 33 0
    endloop
  endfacet
  facet normal 0.0491602 0.998791 0
    outer loop
      vertex -34.8666 33.0082 0
      vertex -34.7 33 -4.6
      vertex -34.8666 33.0082 -4.6
    endloop
  endfacet
  facet normal 0.970072 -0.242818 0
    outer loop
      vertex -36.3673 35.0317 0
      vertex -36.3268 35.1935 -4.6
      vertex -36.3268 35.1935 0
    endloop
  endfacet
  facet normal 0.970072 -0.242818 0
    outer loop
      vertex -36.3268 35.1935 -4.6
      vertex -36.3673 35.0317 0
      vertex -36.3673 35.0317 -4.6
    endloop
  endfacet
  facet normal -0.741024 0.671478 0
    outer loop
      vertex -33.4979 33.4979 -4.6
      vertex -33.3859 33.6215 0
      vertex -33.3859 33.6215 -4.6
    endloop
  endfacet
  facet normal -0.741024 0.671478 0
    outer loop
      vertex -33.3859 33.6215 0
      vertex -33.4979 33.4979 -4.6
      vertex -33.4979 33.4979 0
    endloop
  endfacet
  facet normal 0.941566 0.33683 0
    outer loop
      vertex -36.2706 34.0494 0
      vertex -36.3268 34.2065 -4.6
      vertex -36.3268 34.2065 0
    endloop
  endfacet
  facet normal 0.941566 0.33683 0
    outer loop
      vertex -36.3268 34.2065 -4.6
      vertex -36.2706 34.0494 0
      vertex -36.2706 34.0494 -4.6
    endloop
  endfacet
  facet normal -0.595772 -0.803154 0
    outer loop
      vertex -33.7555 36.1135 -4.6
      vertex -33.6215 36.0141 0
      vertex -33.7555 36.1135 0
    endloop
  endfacet
  facet normal -0.595772 -0.803154 -0
    outer loop
      vertex -33.6215 36.0141 0
      vertex -33.7555 36.1135 -4.6
      vertex -33.6215 36.0141 -4.6
    endloop
  endfacet
  facet normal -0.904043 0.427442 0
    outer loop
      vertex -33.2007 33.8986 -4.6
      vertex -33.1294 34.0494 0
      vertex -33.1294 34.0494 -4.6
    endloop
  endfacet
  facet normal -0.904043 0.427442 0
    outer loop
      vertex -33.1294 34.0494 0
      vertex -33.2007 33.8986 -4.6
      vertex -33.2007 33.8986 0
    endloop
  endfacet
  facet normal 0.803154 0.595772 0
    outer loop
      vertex -36.0141 33.6215 0
      vertex -36.1135 33.7555 -4.6
      vertex -36.1135 33.7555 0
    endloop
  endfacet
  facet normal 0.803154 0.595772 0
    outer loop
      vertex -36.1135 33.7555 -4.6
      vertex -36.0141 33.6215 0
      vertex -36.0141 33.6215 -4.6
    endloop
  endfacet
  facet normal -0.989168 0.146788 0
    outer loop
      vertex -33.0327 34.3683 -4.6
      vertex -33.0082 34.5334 0
      vertex -33.0082 34.5334 -4.6
    endloop
  endfacet
  facet normal -0.989168 0.146788 0
    outer loop
      vertex -33.0082 34.5334 0
      vertex -33.0327 34.3683 -4.6
      vertex -33.0327 34.3683 0
    endloop
  endfacet
  facet normal 0.671478 -0.741024 0
    outer loop
      vertex -35.9021 35.9021 -4.6
      vertex -35.7785 36.0141 0
      vertex -35.9021 35.9021 0
    endloop
  endfacet
  facet normal 0.671478 -0.741024 0
    outer loop
      vertex -35.7785 36.0141 0
      vertex -35.9021 35.9021 -4.6
      vertex -35.7785 36.0141 -4.6
    endloop
  endfacet
  facet normal -0.427442 -0.904043 0
    outer loop
      vertex -34.0494 36.2706 -4.6
      vertex -33.8986 36.1993 0
      vertex -34.0494 36.2706 0
    endloop
  endfacet
  facet normal -0.427442 -0.904043 -0
    outer loop
      vertex -33.8986 36.1993 0
      vertex -34.0494 36.2706 -4.6
      vertex -33.8986 36.1993 -4.6
    endloop
  endfacet
  facet normal -0.146788 0.989168 0
    outer loop
      vertex -34.3683 33.0327 -4.6
      vertex -34.5334 33.0082 0
      vertex -34.3683 33.0327 0
    endloop
  endfacet
  facet normal -0.146788 0.989168 0
    outer loop
      vertex -34.5334 33.0082 0
      vertex -34.3683 33.0327 -4.6
      vertex -34.5334 33.0082 -4.6
    endloop
  endfacet
  facet normal 0.741024 -0.671478 0
    outer loop
      vertex -36.0141 35.7785 0
      vertex -35.9021 35.9021 -4.6
      vertex -35.9021 35.9021 0
    endloop
  endfacet
  facet normal 0.741024 -0.671478 0
    outer loop
      vertex -35.9021 35.9021 -4.6
      vertex -36.0141 35.7785 0
      vertex -36.0141 35.7785 -4.6
    endloop
  endfacet
  facet normal 0.427442 -0.904043 0
    outer loop
      vertex -35.5014 36.1993 -4.6
      vertex -35.3506 36.2706 0
      vertex -35.5014 36.1993 0
    endloop
  endfacet
  facet normal 0.427442 -0.904043 0
    outer loop
      vertex -35.3506 36.2706 0
      vertex -35.5014 36.1993 -4.6
      vertex -35.3506 36.2706 -4.6
    endloop
  endfacet
  facet normal -0.0491602 0.998791 0
    outer loop
      vertex -34.5334 33.0082 -4.6
      vertex -34.7 33 0
      vertex -34.5334 33.0082 0
    endloop
  endfacet
  facet normal -0.0491602 0.998791 0
    outer loop
      vertex -34.7 33 0
      vertex -34.5334 33.0082 -4.6
      vertex -34.7 33 -4.6
    endloop
  endfacet
  facet normal -0.0491602 -0.998791 0
    outer loop
      vertex -34.7 36.4 -4.6
      vertex -34.5334 36.3918 0
      vertex -34.7 36.4 0
    endloop
  endfacet
  facet normal -0.0491602 -0.998791 -0
    outer loop
      vertex -34.5334 36.3918 0
      vertex -34.7 36.4 -4.6
      vertex -34.5334 36.3918 -4.6
    endloop
  endfacet
  facet normal -0.671478 -0.741024 0
    outer loop
      vertex -33.6215 36.0141 -4.6
      vertex -33.4979 35.9021 0
      vertex -33.6215 36.0141 0
    endloop
  endfacet
  facet normal -0.671478 -0.741024 -0
    outer loop
      vertex -33.4979 35.9021 0
      vertex -33.6215 36.0141 -4.6
      vertex -33.4979 35.9021 -4.6
    endloop
  endfacet
  facet normal -0.514231 -0.857652 0
    outer loop
      vertex -33.8986 36.1993 -4.6
      vertex -33.7555 36.1135 0
      vertex -33.8986 36.1993 0
    endloop
  endfacet
  facet normal -0.514231 -0.857652 -0
    outer loop
      vertex -33.7555 36.1135 0
      vertex -33.8986 36.1993 -4.6
      vertex -33.7555 36.1135 -4.6
    endloop
  endfacet
  facet normal 0.989168 0.146788 0
    outer loop
      vertex -36.3673 34.3683 0
      vertex -36.3918 34.5334 -4.6
      vertex -36.3918 34.5334 0
    endloop
  endfacet
  facet normal 0.989168 0.146788 0
    outer loop
      vertex -36.3918 34.5334 -4.6
      vertex -36.3673 34.3683 0
      vertex -36.3673 34.3683 -4.6
    endloop
  endfacet
  facet normal -0.857652 0.514231 0
    outer loop
      vertex -33.2865 33.7555 -4.6
      vertex -33.2007 33.8986 0
      vertex -33.2007 33.8986 -4.6
    endloop
  endfacet
  facet normal -0.857652 0.514231 0
    outer loop
      vertex -33.2007 33.8986 0
      vertex -33.2865 33.7555 -4.6
      vertex -33.2865 33.7555 0
    endloop
  endfacet
  facet normal -0.146788 -0.989168 0
    outer loop
      vertex -34.5334 36.3918 -4.6
      vertex -34.3683 36.3673 0
      vertex -34.5334 36.3918 0
    endloop
  endfacet
  facet normal -0.146788 -0.989168 -0
    outer loop
      vertex -34.3683 36.3673 0
      vertex -34.5334 36.3918 -4.6
      vertex -34.3683 36.3673 -4.6
    endloop
  endfacet
  facet normal 0.33683 0.941566 -0
    outer loop
      vertex -35.1935 33.0732 -4.6
      vertex -35.3506 33.1294 0
      vertex -35.1935 33.0732 0
    endloop
  endfacet
  facet normal 0.33683 0.941566 0
    outer loop
      vertex -35.3506 33.1294 0
      vertex -35.1935 33.0732 -4.6
      vertex -35.3506 33.1294 -4.6
    endloop
  endfacet
  facet normal -0.242818 0.970072 0
    outer loop
      vertex -34.2065 33.0732 -4.6
      vertex -34.3683 33.0327 0
      vertex -34.2065 33.0732 0
    endloop
  endfacet
  facet normal -0.242818 0.970072 0
    outer loop
      vertex -34.3683 33.0327 0
      vertex -34.2065 33.0732 -4.6
      vertex -34.3683 33.0327 -4.6
    endloop
  endfacet
  facet normal 0.989168 -0.146788 0
    outer loop
      vertex -36.3918 34.8666 0
      vertex -36.3673 35.0317 -4.6
      vertex -36.3673 35.0317 0
    endloop
  endfacet
  facet normal 0.989168 -0.146788 0
    outer loop
      vertex -36.3673 35.0317 -4.6
      vertex -36.3918 34.8666 0
      vertex -36.3918 34.8666 -4.6
    endloop
  endfacet
  facet normal -0.741024 -0.671478 0
    outer loop
      vertex -33.3859 35.7785 -4.6
      vertex -33.4979 35.9021 0
      vertex -33.4979 35.9021 -4.6
    endloop
  endfacet
  facet normal -0.741024 -0.671478 0
    outer loop
      vertex -33.4979 35.9021 0
      vertex -33.3859 35.7785 -4.6
      vertex -33.3859 35.7785 0
    endloop
  endfacet
  facet normal 0.514231 -0.857652 0
    outer loop
      vertex -35.6445 36.1135 -4.6
      vertex -35.5014 36.1993 0
      vertex -35.6445 36.1135 0
    endloop
  endfacet
  facet normal 0.514231 -0.857652 0
    outer loop
      vertex -35.5014 36.1993 0
      vertex -35.6445 36.1135 -4.6
      vertex -35.5014 36.1993 -4.6
    endloop
  endfacet
  facet normal 0.146788 -0.989168 0
    outer loop
      vertex -35.0317 36.3673 -4.6
      vertex -34.8666 36.3918 0
      vertex -35.0317 36.3673 0
    endloop
  endfacet
  facet normal 0.146788 -0.989168 0
    outer loop
      vertex -34.8666 36.3918 0
      vertex -35.0317 36.3673 -4.6
      vertex -34.8666 36.3918 -4.6
    endloop
  endfacet
  facet normal 0.857652 0.514231 0
    outer loop
      vertex -36.1135 33.7555 0
      vertex -36.1993 33.8986 -4.6
      vertex -36.1993 33.8986 0
    endloop
  endfacet
  facet normal 0.857652 0.514231 0
    outer loop
      vertex -36.1993 33.8986 -4.6
      vertex -36.1135 33.7555 0
      vertex -36.1135 33.7555 -4.6
    endloop
  endfacet
  facet normal 0.998791 0.0491602 0
    outer loop
      vertex -36.3918 34.5334 0
      vertex -36.4 34.7 -4.6
      vertex -36.4 34.7 0
    endloop
  endfacet
  facet normal 0.998791 0.0491602 0
    outer loop
      vertex -36.4 34.7 -4.6
      vertex -36.3918 34.5334 0
      vertex -36.3918 34.5334 -4.6
    endloop
  endfacet
  facet normal 0.671478 0.741024 -0
    outer loop
      vertex -35.7785 33.3859 -4.6
      vertex -35.9021 33.4979 0
      vertex -35.7785 33.3859 0
    endloop
  endfacet
  facet normal 0.671478 0.741024 0
    outer loop
      vertex -35.9021 33.4979 0
      vertex -35.7785 33.3859 -4.6
      vertex -35.9021 33.4979 -4.6
    endloop
  endfacet
  facet normal -0.427442 0.904043 0
    outer loop
      vertex -33.8986 33.2007 -4.6
      vertex -34.0494 33.1294 0
      vertex -33.8986 33.2007 0
    endloop
  endfacet
  facet normal -0.427442 0.904043 0
    outer loop
      vertex -34.0494 33.1294 0
      vertex -33.8986 33.2007 -4.6
      vertex -34.0494 33.1294 -4.6
    endloop
  endfacet
  facet normal 0.803154 -0.595772 0
    outer loop
      vertex -36.1135 35.6445 0
      vertex -36.0141 35.7785 -4.6
      vertex -36.0141 35.7785 0
    endloop
  endfacet
  facet normal 0.803154 -0.595772 0
    outer loop
      vertex -36.0141 35.7785 -4.6
      vertex -36.1135 35.6445 0
      vertex -36.1135 35.6445 -4.6
    endloop
  endfacet
  facet normal -0.941566 -0.33683 0
    outer loop
      vertex -33.0732 35.1935 -4.6
      vertex -33.1294 35.3506 0
      vertex -33.1294 35.3506 -4.6
    endloop
  endfacet
  facet normal -0.941566 -0.33683 0
    outer loop
      vertex -33.1294 35.3506 0
      vertex -33.0732 35.1935 -4.6
      vertex -33.0732 35.1935 0
    endloop
  endfacet
  facet normal -0.904043 -0.427442 0
    outer loop
      vertex -33.1294 35.3506 -4.6
      vertex -33.2007 35.5014 0
      vertex -33.2007 35.5014 -4.6
    endloop
  endfacet
  facet normal -0.904043 -0.427442 0
    outer loop
      vertex -33.2007 35.5014 0
      vertex -33.1294 35.3506 -4.6
      vertex -33.1294 35.3506 0
    endloop
  endfacet
  facet normal -0.970072 0.242818 0
    outer loop
      vertex -33.0732 34.2065 -4.6
      vertex -33.0327 34.3683 0
      vertex -33.0327 34.3683 -4.6
    endloop
  endfacet
  facet normal -0.970072 0.242818 0
    outer loop
      vertex -33.0327 34.3683 0
      vertex -33.0732 34.2065 -4.6
      vertex -33.0732 34.2065 0
    endloop
  endfacet
  facet normal -0.857652 -0.514231 0
    outer loop
      vertex -33.2007 35.5014 -4.6
      vertex -33.2865 35.6445 0
      vertex -33.2865 35.6445 -4.6
    endloop
  endfacet
  facet normal -0.857652 -0.514231 0
    outer loop
      vertex -33.2865 35.6445 0
      vertex -33.2007 35.5014 -4.6
      vertex -33.2007 35.5014 0
    endloop
  endfacet
  facet normal -0.33683 -0.941566 0
    outer loop
      vertex -34.2065 36.3268 -4.6
      vertex -34.0494 36.2706 0
      vertex -34.2065 36.3268 0
    endloop
  endfacet
  facet normal -0.33683 -0.941566 -0
    outer loop
      vertex -34.0494 36.2706 0
      vertex -34.2065 36.3268 -4.6
      vertex -34.0494 36.2706 -4.6
    endloop
  endfacet
  facet normal 0.595772 -0.803154 0
    outer loop
      vertex -35.7785 36.0141 -4.6
      vertex -35.6445 36.1135 0
      vertex -35.7785 36.0141 0
    endloop
  endfacet
  facet normal 0.595772 -0.803154 0
    outer loop
      vertex -35.6445 36.1135 0
      vertex -35.7785 36.0141 -4.6
      vertex -35.6445 36.1135 -4.6
    endloop
  endfacet
  facet normal 0.857652 -0.514231 0
    outer loop
      vertex -36.1993 35.5014 0
      vertex -36.1135 35.6445 -4.6
      vertex -36.1135 35.6445 0
    endloop
  endfacet
  facet normal 0.857652 -0.514231 0
    outer loop
      vertex -36.1135 35.6445 -4.6
      vertex -36.1993 35.5014 0
      vertex -36.1993 35.5014 -4.6
    endloop
  endfacet
  facet normal 0.741024 0.671478 0
    outer loop
      vertex -35.9021 33.4979 0
      vertex -36.0141 33.6215 -4.6
      vertex -36.0141 33.6215 0
    endloop
  endfacet
  facet normal 0.741024 0.671478 0
    outer loop
      vertex -36.0141 33.6215 -4.6
      vertex -35.9021 33.4979 0
      vertex -35.9021 33.4979 -4.6
    endloop
  endfacet
  facet normal 0.0491602 -0.998791 0
    outer loop
      vertex -34.8666 36.3918 -4.6
      vertex -34.7 36.4 0
      vertex -34.8666 36.3918 0
    endloop
  endfacet
  facet normal 0.0491602 -0.998791 0
    outer loop
      vertex -34.7 36.4 0
      vertex -34.8666 36.3918 -4.6
      vertex -34.7 36.4 -4.6
    endloop
  endfacet
  facet normal 0.242818 -0.970072 0
    outer loop
      vertex -35.1935 36.3268 -4.6
      vertex -35.0317 36.3673 0
      vertex -35.1935 36.3268 0
    endloop
  endfacet
  facet normal 0.242818 -0.970072 0
    outer loop
      vertex -35.0317 36.3673 0
      vertex -35.1935 36.3268 -4.6
      vertex -35.0317 36.3673 -4.6
    endloop
  endfacet
  facet normal 0.427442 0.904043 -0
    outer loop
      vertex -35.3506 33.1294 -4.6
      vertex -35.5014 33.2007 0
      vertex -35.3506 33.1294 0
    endloop
  endfacet
  facet normal 0.427442 0.904043 0
    outer loop
      vertex -35.5014 33.2007 0
      vertex -35.3506 33.1294 -4.6
      vertex -35.5014 33.2007 -4.6
    endloop
  endfacet
  facet normal -0.803154 0.595772 0
    outer loop
      vertex -33.3859 33.6215 -4.6
      vertex -33.2865 33.7555 0
      vertex -33.2865 33.7555 -4.6
    endloop
  endfacet
  facet normal -0.803154 0.595772 0
    outer loop
      vertex -33.2865 33.7555 0
      vertex -33.3859 33.6215 -4.6
      vertex -33.3859 33.6215 0
    endloop
  endfacet
  facet normal -0.595772 0.803154 0
    outer loop
      vertex -33.6215 33.3859 -4.6
      vertex -33.7555 33.2865 0
      vertex -33.6215 33.3859 0
    endloop
  endfacet
  facet normal -0.595772 0.803154 0
    outer loop
      vertex -33.7555 33.2865 0
      vertex -33.6215 33.3859 -4.6
      vertex -33.7555 33.2865 -4.6
    endloop
  endfacet
  facet normal 0.242818 0.970072 -0
    outer loop
      vertex -35.0317 33.0327 -4.6
      vertex -35.1935 33.0732 0
      vertex -35.0317 33.0327 0
    endloop
  endfacet
  facet normal 0.242818 0.970072 0
    outer loop
      vertex -35.1935 33.0732 0
      vertex -35.0317 33.0327 -4.6
      vertex -35.1935 33.0732 -4.6
    endloop
  endfacet
  facet normal 0.970072 0.242818 0
    outer loop
      vertex -36.3268 34.2065 0
      vertex -36.3673 34.3683 -4.6
      vertex -36.3673 34.3683 0
    endloop
  endfacet
  facet normal 0.970072 0.242818 0
    outer loop
      vertex -36.3673 34.3683 -4.6
      vertex -36.3268 34.2065 0
      vertex -36.3268 34.2065 -4.6
    endloop
  endfacet
  facet normal -0.33683 0.941566 0
    outer loop
      vertex -34.0494 33.1294 -4.6
      vertex -34.2065 33.0732 0
      vertex -34.0494 33.1294 0
    endloop
  endfacet
  facet normal -0.33683 0.941566 0
    outer loop
      vertex -34.2065 33.0732 0
      vertex -34.0494 33.1294 -4.6
      vertex -34.2065 33.0732 -4.6
    endloop
  endfacet
  facet normal -0.671478 0.741024 0
    outer loop
      vertex -33.4979 33.4979 -4.6
      vertex -33.6215 33.3859 0
      vertex -33.4979 33.4979 0
    endloop
  endfacet
  facet normal -0.671478 0.741024 0
    outer loop
      vertex -33.6215 33.3859 0
      vertex -33.4979 33.4979 -4.6
      vertex -33.6215 33.3859 -4.6
    endloop
  endfacet
  facet normal 0.595772 0.803154 -0
    outer loop
      vertex -35.6445 33.2865 -4.6
      vertex -35.7785 33.3859 0
      vertex -35.6445 33.2865 0
    endloop
  endfacet
  facet normal 0.595772 0.803154 0
    outer loop
      vertex -35.7785 33.3859 0
      vertex -35.6445 33.2865 -4.6
      vertex -35.7785 33.3859 -4.6
    endloop
  endfacet
  facet normal -0.514231 0.857652 0
    outer loop
      vertex -33.7555 33.2865 -4.6
      vertex -33.8986 33.2007 0
      vertex -33.7555 33.2865 0
    endloop
  endfacet
  facet normal -0.514231 0.857652 0
    outer loop
      vertex -33.8986 33.2007 0
      vertex -33.7555 33.2865 -4.6
      vertex -33.8986 33.2007 -4.6
    endloop
  endfacet
  facet normal 0.941566 -0.33683 0
    outer loop
      vertex -36.3268 35.1935 0
      vertex -36.2706 35.3506 -4.6
      vertex -36.2706 35.3506 0
    endloop
  endfacet
  facet normal 0.941566 -0.33683 0
    outer loop
      vertex -36.2706 35.3506 -4.6
      vertex -36.3268 35.1935 0
      vertex -36.3268 35.1935 -4.6
    endloop
  endfacet
  facet normal 0.904043 0.427442 0
    outer loop
      vertex -36.1993 33.8986 0
      vertex -36.2706 34.0494 -4.6
      vertex -36.2706 34.0494 0
    endloop
  endfacet
  facet normal 0.904043 0.427442 0
    outer loop
      vertex -36.2706 34.0494 -4.6
      vertex -36.1993 33.8986 0
      vertex -36.1993 33.8986 -4.6
    endloop
  endfacet
  facet normal 0.146788 0.989168 -0
    outer loop
      vertex -34.8666 33.0082 -4.6
      vertex -35.0317 33.0327 0
      vertex -34.8666 33.0082 0
    endloop
  endfacet
  facet normal 0.146788 0.989168 0
    outer loop
      vertex -35.0317 33.0327 0
      vertex -34.8666 33.0082 -4.6
      vertex -35.0317 33.0327 -4.6
    endloop
  endfacet
  facet normal 0.998791 -0.0491602 0
    outer loop
      vertex -36.4 34.7 0
      vertex -36.3918 34.8666 -4.6
      vertex -36.3918 34.8666 0
    endloop
  endfacet
  facet normal 0.998791 -0.0491602 0
    outer loop
      vertex -36.3918 34.8666 -4.6
      vertex -36.4 34.7 0
      vertex -36.4 34.7 -4.6
    endloop
  endfacet
  facet normal -0.242818 -0.970072 0
    outer loop
      vertex -34.3683 36.3673 -4.6
      vertex -34.2065 36.3268 0
      vertex -34.3683 36.3673 0
    endloop
  endfacet
  facet normal -0.242818 -0.970072 -0
    outer loop
      vertex -34.2065 36.3268 0
      vertex -34.3683 36.3673 -4.6
      vertex -34.2065 36.3268 -4.6
    endloop
  endfacet
  facet normal 0.904043 -0.427442 0
    outer loop
      vertex -36.2706 35.3506 0
      vertex -36.1993 35.5014 -4.6
      vertex -36.1993 35.5014 0
    endloop
  endfacet
  facet normal 0.904043 -0.427442 0
    outer loop
      vertex -36.1993 35.5014 -4.6
      vertex -36.2706 35.3506 0
      vertex -36.2706 35.3506 -4.6
    endloop
  endfacet
  facet normal -0.33683 -0.941566 0
    outer loop
      vertex 35.1935 -33.0732 -4.6
      vertex 35.3506 -33.1294 0
      vertex 35.1935 -33.0732 0
    endloop
  endfacet
  facet normal -0.33683 -0.941566 -0
    outer loop
      vertex 35.3506 -33.1294 0
      vertex 35.1935 -33.0732 -4.6
      vertex 35.3506 -33.1294 -4.6
    endloop
  endfacet
  facet normal -0.989168 -0.146788 0
    outer loop
      vertex 36.3918 -34.5334 -4.6
      vertex 36.3673 -34.3683 0
      vertex 36.3673 -34.3683 -4.6
    endloop
  endfacet
  facet normal -0.989168 -0.146788 0
    outer loop
      vertex 36.3673 -34.3683 0
      vertex 36.3918 -34.5334 -4.6
      vertex 36.3918 -34.5334 0
    endloop
  endfacet
  facet normal -0.998791 -0.0491602 0
    outer loop
      vertex 36.4 -34.7 -4.6
      vertex 36.3918 -34.5334 0
      vertex 36.3918 -34.5334 -4.6
    endloop
  endfacet
  facet normal -0.998791 -0.0491602 0
    outer loop
      vertex 36.3918 -34.5334 0
      vertex 36.4 -34.7 -4.6
      vertex 36.4 -34.7 0
    endloop
  endfacet
  facet normal -0.970072 -0.242818 0
    outer loop
      vertex 36.3673 -34.3683 -4.6
      vertex 36.3268 -34.2065 0
      vertex 36.3268 -34.2065 -4.6
    endloop
  endfacet
  facet normal -0.970072 -0.242818 0
    outer loop
      vertex 36.3268 -34.2065 0
      vertex 36.3673 -34.3683 -4.6
      vertex 36.3673 -34.3683 0
    endloop
  endfacet
  facet normal 0.33683 0.941566 -0
    outer loop
      vertex 34.2065 -36.3268 -4.6
      vertex 34.0494 -36.2706 0
      vertex 34.2065 -36.3268 0
    endloop
  endfacet
  facet normal 0.33683 0.941566 0
    outer loop
      vertex 34.0494 -36.2706 0
      vertex 34.2065 -36.3268 -4.6
      vertex 34.0494 -36.2706 -4.6
    endloop
  endfacet
  facet normal 0.595772 -0.803154 0
    outer loop
      vertex 33.6215 -33.3859 -4.6
      vertex 33.7555 -33.2865 0
      vertex 33.6215 -33.3859 0
    endloop
  endfacet
  facet normal 0.595772 -0.803154 0
    outer loop
      vertex 33.7555 -33.2865 0
      vertex 33.6215 -33.3859 -4.6
      vertex 33.7555 -33.2865 -4.6
    endloop
  endfacet
  facet normal 0.970072 0.242818 0
    outer loop
      vertex 33.0732 -35.1935 0
      vertex 33.0327 -35.0317 -4.6
      vertex 33.0327 -35.0317 0
    endloop
  endfacet
  facet normal 0.970072 0.242818 0
    outer loop
      vertex 33.0327 -35.0317 -4.6
      vertex 33.0732 -35.1935 0
      vertex 33.0732 -35.1935 -4.6
    endloop
  endfacet
  facet normal 0.998791 -0.0491602 0
    outer loop
      vertex 33 -34.7 0
      vertex 33.0082 -34.5334 -4.6
      vertex 33.0082 -34.5334 0
    endloop
  endfacet
  facet normal 0.998791 -0.0491602 0
    outer loop
      vertex 33.0082 -34.5334 -4.6
      vertex 33 -34.7 0
      vertex 33 -34.7 -4.6
    endloop
  endfacet
  facet normal -0.998791 0.0491602 0
    outer loop
      vertex 36.3918 -34.8666 -4.6
      vertex 36.4 -34.7 0
      vertex 36.4 -34.7 -4.6
    endloop
  endfacet
  facet normal -0.998791 0.0491602 0
    outer loop
      vertex 36.4 -34.7 0
      vertex 36.3918 -34.8666 -4.6
      vertex 36.3918 -34.8666 0
    endloop
  endfacet
  facet normal -0.0491602 0.998791 0
    outer loop
      vertex 34.8666 -36.3918 -4.6
      vertex 34.7 -36.4 0
      vertex 34.8666 -36.3918 0
    endloop
  endfacet
  facet normal -0.0491602 0.998791 0
    outer loop
      vertex 34.7 -36.4 0
      vertex 34.8666 -36.3918 -4.6
      vertex 34.7 -36.4 -4.6
    endloop
  endfacet
  facet normal -0.941566 -0.33683 0
    outer loop
      vertex 36.3268 -34.2065 -4.6
      vertex 36.2706 -34.0494 0
      vertex 36.2706 -34.0494 -4.6
    endloop
  endfacet
  facet normal -0.941566 -0.33683 0
    outer loop
      vertex 36.2706 -34.0494 0
      vertex 36.3268 -34.2065 -4.6
      vertex 36.3268 -34.2065 0
    endloop
  endfacet
  facet normal -0.904043 -0.427442 0
    outer loop
      vertex 36.2706 -34.0494 -4.6
      vertex 36.1993 -33.8986 0
      vertex 36.1993 -33.8986 -4.6
    endloop
  endfacet
  facet normal -0.904043 -0.427442 0
    outer loop
      vertex 36.1993 -33.8986 0
      vertex 36.2706 -34.0494 -4.6
      vertex 36.2706 -34.0494 0
    endloop
  endfacet
  facet normal 0.242818 -0.970072 0
    outer loop
      vertex 34.2065 -33.0732 -4.6
      vertex 34.3683 -33.0327 0
      vertex 34.2065 -33.0732 0
    endloop
  endfacet
  facet normal 0.242818 -0.970072 0
    outer loop
      vertex 34.3683 -33.0327 0
      vertex 34.2065 -33.0732 -4.6
      vertex 34.3683 -33.0327 -4.6
    endloop
  endfacet
  facet normal -0.671478 0.741024 0
    outer loop
      vertex 35.9021 -35.9021 -4.6
      vertex 35.7785 -36.0141 0
      vertex 35.9021 -35.9021 0
    endloop
  endfacet
  facet normal -0.671478 0.741024 0
    outer loop
      vertex 35.7785 -36.0141 0
      vertex 35.9021 -35.9021 -4.6
      vertex 35.7785 -36.0141 -4.6
    endloop
  endfacet
  facet normal 0.970072 -0.242818 0
    outer loop
      vertex 33.0327 -34.3683 0
      vertex 33.0732 -34.2065 -4.6
      vertex 33.0732 -34.2065 0
    endloop
  endfacet
  facet normal 0.970072 -0.242818 0
    outer loop
      vertex 33.0732 -34.2065 -4.6
      vertex 33.0327 -34.3683 0
      vertex 33.0327 -34.3683 -4.6
    endloop
  endfacet
  facet normal -0.514231 -0.857652 0
    outer loop
      vertex 35.5014 -33.2007 -4.6
      vertex 35.6445 -33.2865 0
      vertex 35.5014 -33.2007 0
    endloop
  endfacet
  facet normal -0.514231 -0.857652 -0
    outer loop
      vertex 35.6445 -33.2865 0
      vertex 35.5014 -33.2007 -4.6
      vertex 35.6445 -33.2865 -4.6
    endloop
  endfacet
  facet normal 0.0491602 -0.998791 0
    outer loop
      vertex 34.5334 -33.0082 -4.6
      vertex 34.7 -33 0
      vertex 34.5334 -33.0082 0
    endloop
  endfacet
  facet normal 0.0491602 -0.998791 0
    outer loop
      vertex 34.7 -33 0
      vertex 34.5334 -33.0082 -4.6
      vertex 34.7 -33 -4.6
    endloop
  endfacet
  facet normal 0.242818 0.970072 -0
    outer loop
      vertex 34.3683 -36.3673 -4.6
      vertex 34.2065 -36.3268 0
      vertex 34.3683 -36.3673 0
    endloop
  endfacet
  facet normal 0.242818 0.970072 0
    outer loop
      vertex 34.2065 -36.3268 0
      vertex 34.3683 -36.3673 -4.6
      vertex 34.2065 -36.3268 -4.6
    endloop
  endfacet
  facet normal -0.595772 -0.803154 0
    outer loop
      vertex 35.6445 -33.2865 -4.6
      vertex 35.7785 -33.3859 0
      vertex 35.6445 -33.2865 0
    endloop
  endfacet
  facet normal -0.595772 -0.803154 -0
    outer loop
      vertex 35.7785 -33.3859 0
      vertex 35.6445 -33.2865 -4.6
      vertex 35.7785 -33.3859 -4.6
    endloop
  endfacet
  facet normal 0.904043 0.427442 0
    outer loop
      vertex 33.2007 -35.5014 0
      vertex 33.1294 -35.3506 -4.6
      vertex 33.1294 -35.3506 0
    endloop
  endfacet
  facet normal 0.904043 0.427442 0
    outer loop
      vertex 33.1294 -35.3506 -4.6
      vertex 33.2007 -35.5014 0
      vertex 33.2007 -35.5014 -4.6
    endloop
  endfacet
  facet normal -0.514231 0.857652 0
    outer loop
      vertex 35.6445 -36.1135 -4.6
      vertex 35.5014 -36.1993 0
      vertex 35.6445 -36.1135 0
    endloop
  endfacet
  facet normal -0.514231 0.857652 0
    outer loop
      vertex 35.5014 -36.1993 0
      vertex 35.6445 -36.1135 -4.6
      vertex 35.5014 -36.1993 -4.6
    endloop
  endfacet
  facet normal -0.146788 0.989168 0
    outer loop
      vertex 35.0317 -36.3673 -4.6
      vertex 34.8666 -36.3918 0
      vertex 35.0317 -36.3673 0
    endloop
  endfacet
  facet normal -0.146788 0.989168 0
    outer loop
      vertex 34.8666 -36.3918 0
      vertex 35.0317 -36.3673 -4.6
      vertex 34.8666 -36.3918 -4.6
    endloop
  endfacet
  facet normal -0.595772 0.803154 0
    outer loop
      vertex 35.7785 -36.0141 -4.6
      vertex 35.6445 -36.1135 0
      vertex 35.7785 -36.0141 0
    endloop
  endfacet
  facet normal -0.595772 0.803154 0
    outer loop
      vertex 35.6445 -36.1135 0
      vertex 35.7785 -36.0141 -4.6
      vertex 35.6445 -36.1135 -4.6
    endloop
  endfacet
  facet normal 0.989168 -0.146788 0
    outer loop
      vertex 33.0082 -34.5334 0
      vertex 33.0327 -34.3683 -4.6
      vertex 33.0327 -34.3683 0
    endloop
  endfacet
  facet normal 0.989168 -0.146788 0
    outer loop
      vertex 33.0327 -34.3683 -4.6
      vertex 33.0082 -34.5334 0
      vertex 33.0082 -34.5334 -4.6
    endloop
  endfacet
  facet normal -0.803154 -0.595772 0
    outer loop
      vertex 36.1135 -33.7555 -4.6
      vertex 36.0141 -33.6215 0
      vertex 36.0141 -33.6215 -4.6
    endloop
  endfacet
  facet normal -0.803154 -0.595772 0
    outer loop
      vertex 36.0141 -33.6215 0
      vertex 36.1135 -33.7555 -4.6
      vertex 36.1135 -33.7555 0
    endloop
  endfacet
  facet normal -0.146788 -0.989168 0
    outer loop
      vertex 34.8666 -33.0082 -4.6
      vertex 35.0317 -33.0327 0
      vertex 34.8666 -33.0082 0
    endloop
  endfacet
  facet normal -0.146788 -0.989168 -0
    outer loop
      vertex 35.0317 -33.0327 0
      vertex 34.8666 -33.0082 -4.6
      vertex 35.0317 -33.0327 -4.6
    endloop
  endfacet
  facet normal 0.671478 0.741024 -0
    outer loop
      vertex 33.6215 -36.0141 -4.6
      vertex 33.4979 -35.9021 0
      vertex 33.6215 -36.0141 0
    endloop
  endfacet
  facet normal 0.671478 0.741024 0
    outer loop
      vertex 33.4979 -35.9021 0
      vertex 33.6215 -36.0141 -4.6
      vertex 33.4979 -35.9021 -4.6
    endloop
  endfacet
  facet normal -0.427442 -0.904043 0
    outer loop
      vertex 35.3506 -33.1294 -4.6
      vertex 35.5014 -33.2007 0
      vertex 35.3506 -33.1294 0
    endloop
  endfacet
  facet normal -0.427442 -0.904043 -0
    outer loop
      vertex 35.5014 -33.2007 0
      vertex 35.3506 -33.1294 -4.6
      vertex 35.5014 -33.2007 -4.6
    endloop
  endfacet
  facet normal -0.970072 0.242818 0
    outer loop
      vertex 36.3268 -35.1935 -4.6
      vertex 36.3673 -35.0317 0
      vertex 36.3673 -35.0317 -4.6
    endloop
  endfacet
  facet normal -0.970072 0.242818 0
    outer loop
      vertex 36.3673 -35.0317 0
      vertex 36.3268 -35.1935 -4.6
      vertex 36.3268 -35.1935 0
    endloop
  endfacet
  facet normal -0.33683 0.941566 0
    outer loop
      vertex 35.3506 -36.2706 -4.6
      vertex 35.1935 -36.3268 0
      vertex 35.3506 -36.2706 0
    endloop
  endfacet
  facet normal -0.33683 0.941566 0
    outer loop
      vertex 35.1935 -36.3268 0
      vertex 35.3506 -36.2706 -4.6
      vertex 35.1935 -36.3268 -4.6
    endloop
  endfacet
  facet normal -0.242818 0.970072 0
    outer loop
      vertex 35.1935 -36.3268 -4.6
      vertex 35.0317 -36.3673 0
      vertex 35.1935 -36.3268 0
    endloop
  endfacet
  facet normal -0.242818 0.970072 0
    outer loop
      vertex 35.0317 -36.3673 0
      vertex 35.1935 -36.3268 -4.6
      vertex 35.0317 -36.3673 -4.6
    endloop
  endfacet
  facet normal -0.803154 0.595772 0
    outer loop
      vertex 36.0141 -35.7785 -4.6
      vertex 36.1135 -35.6445 0
      vertex 36.1135 -35.6445 -4.6
    endloop
  endfacet
  facet normal -0.803154 0.595772 0
    outer loop
      vertex 36.1135 -35.6445 0
      vertex 36.0141 -35.7785 -4.6
      vertex 36.0141 -35.7785 0
    endloop
  endfacet
  facet normal 0.803154 -0.595772 0
    outer loop
      vertex 33.2865 -33.7555 0
      vertex 33.3859 -33.6215 -4.6
      vertex 33.3859 -33.6215 0
    endloop
  endfacet
  facet normal 0.803154 -0.595772 0
    outer loop
      vertex 33.3859 -33.6215 -4.6
      vertex 33.2865 -33.7555 0
      vertex 33.2865 -33.7555 -4.6
    endloop
  endfacet
  facet normal 0.941566 0.33683 0
    outer loop
      vertex 33.1294 -35.3506 0
      vertex 33.0732 -35.1935 -4.6
      vertex 33.0732 -35.1935 0
    endloop
  endfacet
  facet normal 0.941566 0.33683 0
    outer loop
      vertex 33.0732 -35.1935 -4.6
      vertex 33.1294 -35.3506 0
      vertex 33.1294 -35.3506 -4.6
    endloop
  endfacet
  facet normal 0.33683 -0.941566 0
    outer loop
      vertex 34.0494 -33.1294 -4.6
      vertex 34.2065 -33.0732 0
      vertex 34.0494 -33.1294 0
    endloop
  endfacet
  facet normal 0.33683 -0.941566 0
    outer loop
      vertex 34.2065 -33.0732 0
      vertex 34.0494 -33.1294 -4.6
      vertex 34.2065 -33.0732 -4.6
    endloop
  endfacet
  facet normal -0.941566 0.33683 0
    outer loop
      vertex 36.2706 -35.3506 -4.6
      vertex 36.3268 -35.1935 0
      vertex 36.3268 -35.1935 -4.6
    endloop
  endfacet
  facet normal -0.941566 0.33683 0
    outer loop
      vertex 36.3268 -35.1935 0
      vertex 36.2706 -35.3506 -4.6
      vertex 36.2706 -35.3506 0
    endloop
  endfacet
  facet normal 0.671478 -0.741024 0
    outer loop
      vertex 33.4979 -33.4979 -4.6
      vertex 33.6215 -33.3859 0
      vertex 33.4979 -33.4979 0
    endloop
  endfacet
  facet normal 0.671478 -0.741024 0
    outer loop
      vertex 33.6215 -33.3859 0
      vertex 33.4979 -33.4979 -4.6
      vertex 33.6215 -33.3859 -4.6
    endloop
  endfacet
  facet normal 0.514231 -0.857652 0
    outer loop
      vertex 33.7555 -33.2865 -4.6
      vertex 33.8986 -33.2007 0
      vertex 33.7555 -33.2865 0
    endloop
  endfacet
  facet normal 0.514231 -0.857652 0
    outer loop
      vertex 33.8986 -33.2007 0
      vertex 33.7555 -33.2865 -4.6
      vertex 33.8986 -33.2007 -4.6
    endloop
  endfacet
  facet normal -0.242818 -0.970072 0
    outer loop
      vertex 35.0317 -33.0327 -4.6
      vertex 35.1935 -33.0732 0
      vertex 35.0317 -33.0327 0
    endloop
  endfacet
  facet normal -0.242818 -0.970072 -0
    outer loop
      vertex 35.1935 -33.0732 0
      vertex 35.0317 -33.0327 -4.6
      vertex 35.1935 -33.0732 -4.6
    endloop
  endfacet
  facet normal 0.989168 0.146788 0
    outer loop
      vertex 33.0327 -35.0317 0
      vertex 33.0082 -34.8666 -4.6
      vertex 33.0082 -34.8666 0
    endloop
  endfacet
  facet normal 0.989168 0.146788 0
    outer loop
      vertex 33.0082 -34.8666 -4.6
      vertex 33.0327 -35.0317 0
      vertex 33.0327 -35.0317 -4.6
    endloop
  endfacet
  facet normal -0.427442 0.904043 0
    outer loop
      vertex 35.5014 -36.1993 -4.6
      vertex 35.3506 -36.2706 0
      vertex 35.5014 -36.1993 0
    endloop
  endfacet
  facet normal -0.427442 0.904043 0
    outer loop
      vertex 35.3506 -36.2706 0
      vertex 35.5014 -36.1993 -4.6
      vertex 35.3506 -36.2706 -4.6
    endloop
  endfacet
  facet normal -0.904043 0.427442 0
    outer loop
      vertex 36.1993 -35.5014 -4.6
      vertex 36.2706 -35.3506 0
      vertex 36.2706 -35.3506 -4.6
    endloop
  endfacet
  facet normal -0.904043 0.427442 0
    outer loop
      vertex 36.2706 -35.3506 0
      vertex 36.1993 -35.5014 -4.6
      vertex 36.1993 -35.5014 0
    endloop
  endfacet
  facet normal -0.0491602 -0.998791 0
    outer loop
      vertex 34.7 -33 -4.6
      vertex 34.8666 -33.0082 0
      vertex 34.7 -33 0
    endloop
  endfacet
  facet normal -0.0491602 -0.998791 -0
    outer loop
      vertex 34.8666 -33.0082 0
      vertex 34.7 -33 -4.6
      vertex 34.8666 -33.0082 -4.6
    endloop
  endfacet
  facet normal 0.427442 0.904043 -0
    outer loop
      vertex 34.0494 -36.2706 -4.6
      vertex 33.8986 -36.1993 0
      vertex 34.0494 -36.2706 0
    endloop
  endfacet
  facet normal 0.427442 0.904043 0
    outer loop
      vertex 33.8986 -36.1993 0
      vertex 34.0494 -36.2706 -4.6
      vertex 33.8986 -36.1993 -4.6
    endloop
  endfacet
  facet normal 0.146788 -0.989168 0
    outer loop
      vertex 34.3683 -33.0327 -4.6
      vertex 34.5334 -33.0082 0
      vertex 34.3683 -33.0327 0
    endloop
  endfacet
  facet normal 0.146788 -0.989168 0
    outer loop
      vertex 34.5334 -33.0082 0
      vertex 34.3683 -33.0327 -4.6
      vertex 34.5334 -33.0082 -4.6
    endloop
  endfacet
  facet normal 0.514231 0.857652 -0
    outer loop
      vertex 33.8986 -36.1993 -4.6
      vertex 33.7555 -36.1135 0
      vertex 33.8986 -36.1993 0
    endloop
  endfacet
  facet normal 0.514231 0.857652 0
    outer loop
      vertex 33.7555 -36.1135 0
      vertex 33.8986 -36.1993 -4.6
      vertex 33.7555 -36.1135 -4.6
    endloop
  endfacet
  facet normal 0.427442 -0.904043 0
    outer loop
      vertex 33.8986 -33.2007 -4.6
      vertex 34.0494 -33.1294 0
      vertex 33.8986 -33.2007 0
    endloop
  endfacet
  facet normal 0.427442 -0.904043 0
    outer loop
      vertex 34.0494 -33.1294 0
      vertex 33.8986 -33.2007 -4.6
      vertex 34.0494 -33.1294 -4.6
    endloop
  endfacet
  facet normal -0.989168 0.146788 0
    outer loop
      vertex 36.3673 -35.0317 -4.6
      vertex 36.3918 -34.8666 0
      vertex 36.3918 -34.8666 -4.6
    endloop
  endfacet
  facet normal -0.989168 0.146788 0
    outer loop
      vertex 36.3918 -34.8666 0
      vertex 36.3673 -35.0317 -4.6
      vertex 36.3673 -35.0317 0
    endloop
  endfacet
  facet normal -0.857652 -0.514231 0
    outer loop
      vertex 36.1993 -33.8986 -4.6
      vertex 36.1135 -33.7555 0
      vertex 36.1135 -33.7555 -4.6
    endloop
  endfacet
  facet normal -0.857652 -0.514231 0
    outer loop
      vertex 36.1135 -33.7555 0
      vertex 36.1993 -33.8986 -4.6
      vertex 36.1993 -33.8986 0
    endloop
  endfacet
  facet normal 0.803154 0.595772 0
    outer loop
      vertex 33.3859 -35.7785 0
      vertex 33.2865 -35.6445 -4.6
      vertex 33.2865 -35.6445 0
    endloop
  endfacet
  facet normal 0.803154 0.595772 0
    outer loop
      vertex 33.2865 -35.6445 -4.6
      vertex 33.3859 -35.7785 0
      vertex 33.3859 -35.7785 -4.6
    endloop
  endfacet
  facet normal -0.857652 0.514231 0
    outer loop
      vertex 36.1135 -35.6445 -4.6
      vertex 36.1993 -35.5014 0
      vertex 36.1993 -35.5014 -4.6
    endloop
  endfacet
  facet normal -0.857652 0.514231 0
    outer loop
      vertex 36.1993 -35.5014 0
      vertex 36.1135 -35.6445 -4.6
      vertex 36.1135 -35.6445 0
    endloop
  endfacet
  facet normal 0.0491602 0.998791 -0
    outer loop
      vertex 34.7 -36.4 -4.6
      vertex 34.5334 -36.3918 0
      vertex 34.7 -36.4 0
    endloop
  endfacet
  facet normal 0.0491602 0.998791 0
    outer loop
      vertex 34.5334 -36.3918 0
      vertex 34.7 -36.4 -4.6
      vertex 34.5334 -36.3918 -4.6
    endloop
  endfacet
  facet normal 0.741024 -0.671478 0
    outer loop
      vertex 33.3859 -33.6215 0
      vertex 33.4979 -33.4979 -4.6
      vertex 33.4979 -33.4979 0
    endloop
  endfacet
  facet normal 0.741024 -0.671478 0
    outer loop
      vertex 33.4979 -33.4979 -4.6
      vertex 33.3859 -33.6215 0
      vertex 33.3859 -33.6215 -4.6
    endloop
  endfacet
  facet normal 0.941566 -0.33683 0
    outer loop
      vertex 33.0732 -34.2065 0
      vertex 33.1294 -34.0494 -4.6
      vertex 33.1294 -34.0494 0
    endloop
  endfacet
  facet normal 0.941566 -0.33683 0
    outer loop
      vertex 33.1294 -34.0494 -4.6
      vertex 33.0732 -34.2065 0
      vertex 33.0732 -34.2065 -4.6
    endloop
  endfacet
  facet normal -0.741024 0.671478 0
    outer loop
      vertex 35.9021 -35.9021 -4.6
      vertex 36.0141 -35.7785 0
      vertex 36.0141 -35.7785 -4.6
    endloop
  endfacet
  facet normal -0.741024 0.671478 0
    outer loop
      vertex 36.0141 -35.7785 0
      vertex 35.9021 -35.9021 -4.6
      vertex 35.9021 -35.9021 0
    endloop
  endfacet
  facet normal 0.741024 0.671478 0
    outer loop
      vertex 33.4979 -35.9021 0
      vertex 33.3859 -35.7785 -4.6
      vertex 33.3859 -35.7785 0
    endloop
  endfacet
  facet normal 0.741024 0.671478 0
    outer loop
      vertex 33.3859 -35.7785 -4.6
      vertex 33.4979 -35.9021 0
      vertex 33.4979 -35.9021 -4.6
    endloop
  endfacet
  facet normal -0.671478 -0.741024 0
    outer loop
      vertex 35.7785 -33.3859 -4.6
      vertex 35.9021 -33.4979 0
      vertex 35.7785 -33.3859 0
    endloop
  endfacet
  facet normal -0.671478 -0.741024 -0
    outer loop
      vertex 35.9021 -33.4979 0
      vertex 35.7785 -33.3859 -4.6
      vertex 35.9021 -33.4979 -4.6
    endloop
  endfacet
  facet normal -0.741024 -0.671478 0
    outer loop
      vertex 36.0141 -33.6215 -4.6
      vertex 35.9021 -33.4979 0
      vertex 35.9021 -33.4979 -4.6
    endloop
  endfacet
  facet normal -0.741024 -0.671478 0
    outer loop
      vertex 35.9021 -33.4979 0
      vertex 36.0141 -33.6215 -4.6
      vertex 36.0141 -33.6215 0
    endloop
  endfacet
  facet normal 0.904043 -0.427442 0
    outer loop
      vertex 33.1294 -34.0494 0
      vertex 33.2007 -33.8986 -4.6
      vertex 33.2007 -33.8986 0
    endloop
  endfacet
  facet normal 0.904043 -0.427442 0
    outer loop
      vertex 33.2007 -33.8986 -4.6
      vertex 33.1294 -34.0494 0
      vertex 33.1294 -34.0494 -4.6
    endloop
  endfacet
  facet normal 0.595772 0.803154 -0
    outer loop
      vertex 33.7555 -36.1135 -4.6
      vertex 33.6215 -36.0141 0
      vertex 33.7555 -36.1135 0
    endloop
  endfacet
  facet normal 0.595772 0.803154 0
    outer loop
      vertex 33.6215 -36.0141 0
      vertex 33.7555 -36.1135 -4.6
      vertex 33.6215 -36.0141 -4.6
    endloop
  endfacet
  facet normal 0.857652 0.514231 0
    outer loop
      vertex 33.2865 -35.6445 0
      vertex 33.2007 -35.5014 -4.6
      vertex 33.2007 -35.5014 0
    endloop
  endfacet
  facet normal 0.857652 0.514231 0
    outer loop
      vertex 33.2007 -35.5014 -4.6
      vertex 33.2865 -35.6445 0
      vertex 33.2865 -35.6445 -4.6
    endloop
  endfacet
  facet normal 0.998791 0.0491602 0
    outer loop
      vertex 33.0082 -34.8666 0
      vertex 33 -34.7 -4.6
      vertex 33 -34.7 0
    endloop
  endfacet
  facet normal 0.998791 0.0491602 0
    outer loop
      vertex 33 -34.7 -4.6
      vertex 33.0082 -34.8666 0
      vertex 33.0082 -34.8666 -4.6
    endloop
  endfacet
  facet normal 0.146788 0.989168 -0
    outer loop
      vertex 34.5334 -36.3918 -4.6
      vertex 34.3683 -36.3673 0
      vertex 34.5334 -36.3918 0
    endloop
  endfacet
  facet normal 0.146788 0.989168 0
    outer loop
      vertex 34.3683 -36.3673 0
      vertex 34.5334 -36.3918 -4.6
      vertex 34.3683 -36.3673 -4.6
    endloop
  endfacet
  facet normal 0.857652 -0.514231 0
    outer loop
      vertex 33.2007 -33.8986 0
      vertex 33.2865 -33.7555 -4.6
      vertex 33.2865 -33.7555 0
    endloop
  endfacet
  facet normal 0.857652 -0.514231 0
    outer loop
      vertex 33.2865 -33.7555 -4.6
      vertex 33.2007 -33.8986 0
      vertex 33.2007 -33.8986 -4.6
    endloop
  endfacet
  facet normal 0.33683 0.941566 -0
    outer loop
      vertex 34.2065 33.0732 -4.6
      vertex 34.0494 33.1294 0
      vertex 34.2065 33.0732 0
    endloop
  endfacet
  facet normal 0.33683 0.941566 0
    outer loop
      vertex 34.0494 33.1294 0
      vertex 34.2065 33.0732 -4.6
      vertex 34.0494 33.1294 -4.6
    endloop
  endfacet
  facet normal -0.989168 -0.146788 0
    outer loop
      vertex 36.3918 34.8666 -4.6
      vertex 36.3673 35.0317 0
      vertex 36.3673 35.0317 -4.6
    endloop
  endfacet
  facet normal -0.989168 -0.146788 0
    outer loop
      vertex 36.3673 35.0317 0
      vertex 36.3918 34.8666 -4.6
      vertex 36.3918 34.8666 0
    endloop
  endfacet
  facet normal -0.998791 -0.0491602 0
    outer loop
      vertex 36.4 34.7 -4.6
      vertex 36.3918 34.8666 0
      vertex 36.3918 34.8666 -4.6
    endloop
  endfacet
  facet normal -0.998791 -0.0491602 0
    outer loop
      vertex 36.3918 34.8666 0
      vertex 36.4 34.7 -4.6
      vertex 36.4 34.7 0
    endloop
  endfacet
  facet normal -0.970072 -0.242818 0
    outer loop
      vertex 36.3673 35.0317 -4.6
      vertex 36.3268 35.1935 0
      vertex 36.3268 35.1935 -4.6
    endloop
  endfacet
  facet normal -0.970072 -0.242818 0
    outer loop
      vertex 36.3268 35.1935 0
      vertex 36.3673 35.0317 -4.6
      vertex 36.3673 35.0317 0
    endloop
  endfacet
  facet normal 0.989168 -0.146788 0
    outer loop
      vertex 33.0082 34.8666 0
      vertex 33.0327 35.0317 -4.6
      vertex 33.0327 35.0317 0
    endloop
  endfacet
  facet normal 0.989168 -0.146788 0
    outer loop
      vertex 33.0327 35.0317 -4.6
      vertex 33.0082 34.8666 0
      vertex 33.0082 34.8666 -4.6
    endloop
  endfacet
  facet normal 0.242818 0.970072 -0
    outer loop
      vertex 34.3683 33.0327 -4.6
      vertex 34.2065 33.0732 0
      vertex 34.3683 33.0327 0
    endloop
  endfacet
  facet normal 0.242818 0.970072 0
    outer loop
      vertex 34.2065 33.0732 0
      vertex 34.3683 33.0327 -4.6
      vertex 34.2065 33.0732 -4.6
    endloop
  endfacet
  facet normal -0.33683 -0.941566 0
    outer loop
      vertex 35.1935 36.3268 -4.6
      vertex 35.3506 36.2706 0
      vertex 35.1935 36.3268 0
    endloop
  endfacet
  facet normal -0.33683 -0.941566 -0
    outer loop
      vertex 35.3506 36.2706 0
      vertex 35.1935 36.3268 -4.6
      vertex 35.3506 36.2706 -4.6
    endloop
  endfacet
  facet normal 0.514231 -0.857652 0
    outer loop
      vertex 33.7555 36.1135 -4.6
      vertex 33.8986 36.1993 0
      vertex 33.7555 36.1135 0
    endloop
  endfacet
  facet normal 0.514231 -0.857652 0
    outer loop
      vertex 33.8986 36.1993 0
      vertex 33.7555 36.1135 -4.6
      vertex 33.8986 36.1993 -4.6
    endloop
  endfacet
  facet normal 0.904043 0.427442 0
    outer loop
      vertex 33.2007 33.8986 0
      vertex 33.1294 34.0494 -4.6
      vertex 33.1294 34.0494 0
    endloop
  endfacet
  facet normal 0.904043 0.427442 0
    outer loop
      vertex 33.1294 34.0494 -4.6
      vertex 33.2007 33.8986 0
      vertex 33.2007 33.8986 -4.6
    endloop
  endfacet
  facet normal 0.242818 -0.970072 0
    outer loop
      vertex 34.2065 36.3268 -4.6
      vertex 34.3683 36.3673 0
      vertex 34.2065 36.3268 0
    endloop
  endfacet
  facet normal 0.242818 -0.970072 0
    outer loop
      vertex 34.3683 36.3673 0
      vertex 34.2065 36.3268 -4.6
      vertex 34.3683 36.3673 -4.6
    endloop
  endfacet
  facet normal 0.857652 0.514231 0
    outer loop
      vertex 33.2865 33.7555 0
      vertex 33.2007 33.8986 -4.6
      vertex 33.2007 33.8986 0
    endloop
  endfacet
  facet normal 0.857652 0.514231 0
    outer loop
      vertex 33.2007 33.8986 -4.6
      vertex 33.2865 33.7555 0
      vertex 33.2865 33.7555 -4.6
    endloop
  endfacet
  facet normal -0.242818 0.970072 0
    outer loop
      vertex 35.1935 33.0732 -4.6
      vertex 35.0317 33.0327 0
      vertex 35.1935 33.0732 0
    endloop
  endfacet
  facet normal -0.242818 0.970072 0
    outer loop
      vertex 35.0317 33.0327 0
      vertex 35.1935 33.0732 -4.6
      vertex 35.0317 33.0327 -4.6
    endloop
  endfacet
  facet normal 0.595772 0.803154 -0
    outer loop
      vertex 33.7555 33.2865 -4.6
      vertex 33.6215 33.3859 0
      vertex 33.7555 33.2865 0
    endloop
  endfacet
  facet normal 0.595772 0.803154 0
    outer loop
      vertex 33.6215 33.3859 0
      vertex 33.7555 33.2865 -4.6
      vertex 33.6215 33.3859 -4.6
    endloop
  endfacet
  facet normal -0.514231 0.857652 0
    outer loop
      vertex 35.6445 33.2865 -4.6
      vertex 35.5014 33.2007 0
      vertex 35.6445 33.2865 0
    endloop
  endfacet
  facet normal -0.514231 0.857652 0
    outer loop
      vertex 35.5014 33.2007 0
      vertex 35.6445 33.2865 -4.6
      vertex 35.5014 33.2007 -4.6
    endloop
  endfacet
  facet normal -0.803154 0.595772 0
    outer loop
      vertex 36.0141 33.6215 -4.6
      vertex 36.1135 33.7555 0
      vertex 36.1135 33.7555 -4.6
    endloop
  endfacet
  facet normal -0.803154 0.595772 0
    outer loop
      vertex 36.1135 33.7555 0
      vertex 36.0141 33.6215 -4.6
      vertex 36.0141 33.6215 0
    endloop
  endfacet
  facet normal -0.146788 -0.989168 0
    outer loop
      vertex 34.8666 36.3918 -4.6
      vertex 35.0317 36.3673 0
      vertex 34.8666 36.3918 0
    endloop
  endfacet
  facet normal -0.146788 -0.989168 -0
    outer loop
      vertex 35.0317 36.3673 0
      vertex 34.8666 36.3918 -4.6
      vertex 35.0317 36.3673 -4.6
    endloop
  endfacet
  facet normal 0.595772 -0.803154 0
    outer loop
      vertex 33.6215 36.0141 -4.6
      vertex 33.7555 36.1135 0
      vertex 33.6215 36.0141 0
    endloop
  endfacet
  facet normal 0.595772 -0.803154 0
    outer loop
      vertex 33.7555 36.1135 0
      vertex 33.6215 36.0141 -4.6
      vertex 33.7555 36.1135 -4.6
    endloop
  endfacet
  facet normal 0.803154 -0.595772 0
    outer loop
      vertex 33.2865 35.6445 0
      vertex 33.3859 35.7785 -4.6
      vertex 33.3859 35.7785 0
    endloop
  endfacet
  facet normal 0.803154 -0.595772 0
    outer loop
      vertex 33.3859 35.7785 -4.6
      vertex 33.2865 35.6445 0
      vertex 33.2865 35.6445 -4.6
    endloop
  endfacet
  facet normal -0.989168 0.146788 0
    outer loop
      vertex 36.3673 34.3683 -4.6
      vertex 36.3918 34.5334 0
      vertex 36.3918 34.5334 -4.6
    endloop
  endfacet
  facet normal -0.989168 0.146788 0
    outer loop
      vertex 36.3918 34.5334 0
      vertex 36.3673 34.3683 -4.6
      vertex 36.3673 34.3683 0
    endloop
  endfacet
  facet normal 0.941566 -0.33683 0
    outer loop
      vertex 33.0732 35.1935 0
      vertex 33.1294 35.3506 -4.6
      vertex 33.1294 35.3506 0
    endloop
  endfacet
  facet normal 0.941566 -0.33683 0
    outer loop
      vertex 33.1294 35.3506 -4.6
      vertex 33.0732 35.1935 0
      vertex 33.0732 35.1935 -4.6
    endloop
  endfacet
  facet normal -0.427442 -0.904043 0
    outer loop
      vertex 35.3506 36.2706 -4.6
      vertex 35.5014 36.1993 0
      vertex 35.3506 36.2706 0
    endloop
  endfacet
  facet normal -0.427442 -0.904043 -0
    outer loop
      vertex 35.5014 36.1993 0
      vertex 35.3506 36.2706 -4.6
      vertex 35.5014 36.1993 -4.6
    endloop
  endfacet
  facet normal 0.941566 0.33683 0
    outer loop
      vertex 33.1294 34.0494 0
      vertex 33.0732 34.2065 -4.6
      vertex 33.0732 34.2065 0
    endloop
  endfacet
  facet normal 0.941566 0.33683 0
    outer loop
      vertex 33.0732 34.2065 -4.6
      vertex 33.1294 34.0494 0
      vertex 33.1294 34.0494 -4.6
    endloop
  endfacet
  facet normal -0.970072 0.242818 0
    outer loop
      vertex 36.3268 34.2065 -4.6
      vertex 36.3673 34.3683 0
      vertex 36.3673 34.3683 -4.6
    endloop
  endfacet
  facet normal -0.970072 0.242818 0
    outer loop
      vertex 36.3673 34.3683 0
      vertex 36.3268 34.2065 -4.6
      vertex 36.3268 34.2065 0
    endloop
  endfacet
  facet normal 0.0491602 -0.998791 0
    outer loop
      vertex 34.5334 36.3918 -4.6
      vertex 34.7 36.4 0
      vertex 34.5334 36.3918 0
    endloop
  endfacet
  facet normal 0.0491602 -0.998791 0
    outer loop
      vertex 34.7 36.4 0
      vertex 34.5334 36.3918 -4.6
      vertex 34.7 36.4 -4.6
    endloop
  endfacet
  facet normal -0.671478 -0.741024 0
    outer loop
      vertex 35.7785 36.0141 -4.6
      vertex 35.9021 35.9021 0
      vertex 35.7785 36.0141 0
    endloop
  endfacet
  facet normal -0.671478 -0.741024 -0
    outer loop
      vertex 35.9021 35.9021 0
      vertex 35.7785 36.0141 -4.6
      vertex 35.9021 35.9021 -4.6
    endloop
  endfacet
  facet normal 0.427442 -0.904043 0
    outer loop
      vertex 33.8986 36.1993 -4.6
      vertex 34.0494 36.2706 0
      vertex 33.8986 36.1993 0
    endloop
  endfacet
  facet normal 0.427442 -0.904043 0
    outer loop
      vertex 34.0494 36.2706 0
      vertex 33.8986 36.1993 -4.6
      vertex 34.0494 36.2706 -4.6
    endloop
  endfacet
  facet normal 0.671478 -0.741024 0
    outer loop
      vertex 33.4979 35.9021 -4.6
      vertex 33.6215 36.0141 0
      vertex 33.4979 35.9021 0
    endloop
  endfacet
  facet normal 0.671478 -0.741024 0
    outer loop
      vertex 33.6215 36.0141 0
      vertex 33.4979 35.9021 -4.6
      vertex 33.6215 36.0141 -4.6
    endloop
  endfacet
  facet normal -0.33683 0.941566 0
    outer loop
      vertex 35.3506 33.1294 -4.6
      vertex 35.1935 33.0732 0
      vertex 35.3506 33.1294 0
    endloop
  endfacet
  facet normal -0.33683 0.941566 0
    outer loop
      vertex 35.1935 33.0732 0
      vertex 35.3506 33.1294 -4.6
      vertex 35.1935 33.0732 -4.6
    endloop
  endfacet
  facet normal 0.33683 -0.941566 0
    outer loop
      vertex 34.0494 36.2706 -4.6
      vertex 34.2065 36.3268 0
      vertex 34.0494 36.2706 0
    endloop
  endfacet
  facet normal 0.33683 -0.941566 0
    outer loop
      vertex 34.2065 36.3268 0
      vertex 34.0494 36.2706 -4.6
      vertex 34.2065 36.3268 -4.6
    endloop
  endfacet
  facet normal -0.803154 -0.595772 0
    outer loop
      vertex 36.1135 35.6445 -4.6
      vertex 36.0141 35.7785 0
      vertex 36.0141 35.7785 -4.6
    endloop
  endfacet
  facet normal -0.803154 -0.595772 0
    outer loop
      vertex 36.0141 35.7785 0
      vertex 36.1135 35.6445 -4.6
      vertex 36.1135 35.6445 0
    endloop
  endfacet
  facet normal 0.857652 -0.514231 0
    outer loop
      vertex 33.2007 35.5014 0
      vertex 33.2865 35.6445 -4.6
      vertex 33.2865 35.6445 0
    endloop
  endfacet
  facet normal 0.857652 -0.514231 0
    outer loop
      vertex 33.2865 35.6445 -4.6
      vertex 33.2007 35.5014 0
      vertex 33.2007 35.5014 -4.6
    endloop
  endfacet
  facet normal -0.998791 0.0491602 0
    outer loop
      vertex 36.3918 34.5334 -4.6
      vertex 36.4 34.7 0
      vertex 36.4 34.7 -4.6
    endloop
  endfacet
  facet normal -0.998791 0.0491602 0
    outer loop
      vertex 36.4 34.7 0
      vertex 36.3918 34.5334 -4.6
      vertex 36.3918 34.5334 0
    endloop
  endfacet
  facet normal -0.904043 0.427442 0
    outer loop
      vertex 36.1993 33.8986 -4.6
      vertex 36.2706 34.0494 0
      vertex 36.2706 34.0494 -4.6
    endloop
  endfacet
  facet normal -0.904043 0.427442 0
    outer loop
      vertex 36.2706 34.0494 0
      vertex 36.1993 33.8986 -4.6
      vertex 36.1993 33.8986 0
    endloop
  endfacet
  facet normal 0.671478 0.741024 -0
    outer loop
      vertex 33.6215 33.3859 -4.6
      vertex 33.4979 33.4979 0
      vertex 33.6215 33.3859 0
    endloop
  endfacet
  facet normal 0.671478 0.741024 0
    outer loop
      vertex 33.4979 33.4979 0
      vertex 33.6215 33.3859 -4.6
      vertex 33.4979 33.4979 -4.6
    endloop
  endfacet
  facet normal -0.595772 -0.803154 0
    outer loop
      vertex 35.6445 36.1135 -4.6
      vertex 35.7785 36.0141 0
      vertex 35.6445 36.1135 0
    endloop
  endfacet
  facet normal -0.595772 -0.803154 -0
    outer loop
      vertex 35.7785 36.0141 0
      vertex 35.6445 36.1135 -4.6
      vertex 35.7785 36.0141 -4.6
    endloop
  endfacet
  facet normal 0.514231 0.857652 -0
    outer loop
      vertex 33.8986 33.2007 -4.6
      vertex 33.7555 33.2865 0
      vertex 33.8986 33.2007 0
    endloop
  endfacet
  facet normal 0.514231 0.857652 0
    outer loop
      vertex 33.7555 33.2865 0
      vertex 33.8986 33.2007 -4.6
      vertex 33.7555 33.2865 -4.6
    endloop
  endfacet
  facet normal -0.514231 -0.857652 0
    outer loop
      vertex 35.5014 36.1993 -4.6
      vertex 35.6445 36.1135 0
      vertex 35.5014 36.1993 0
    endloop
  endfacet
  facet normal -0.514231 -0.857652 -0
    outer loop
      vertex 35.6445 36.1135 0
      vertex 35.5014 36.1993 -4.6
      vertex 35.6445 36.1135 -4.6
    endloop
  endfacet
  facet normal -0.146788 0.989168 0
    outer loop
      vertex 35.0317 33.0327 -4.6
      vertex 34.8666 33.0082 0
      vertex 35.0317 33.0327 0
    endloop
  endfacet
  facet normal -0.146788 0.989168 0
    outer loop
      vertex 34.8666 33.0082 0
      vertex 35.0317 33.0327 -4.6
      vertex 34.8666 33.0082 -4.6
    endloop
  endfacet
  facet normal -0.941566 -0.33683 0
    outer loop
      vertex 36.3268 35.1935 -4.6
      vertex 36.2706 35.3506 0
      vertex 36.2706 35.3506 -4.6
    endloop
  endfacet
  facet normal -0.941566 -0.33683 0
    outer loop
      vertex 36.2706 35.3506 0
      vertex 36.3268 35.1935 -4.6
      vertex 36.3268 35.1935 0
    endloop
  endfacet
  facet normal -0.857652 0.514231 0
    outer loop
      vertex 36.1135 33.7555 -4.6
      vertex 36.1993 33.8986 0
      vertex 36.1993 33.8986 -4.6
    endloop
  endfacet
  facet normal -0.857652 0.514231 0
    outer loop
      vertex 36.1993 33.8986 0
      vertex 36.1135 33.7555 -4.6
      vertex 36.1135 33.7555 0
    endloop
  endfacet
  facet normal 0.998791 0.0491602 0
    outer loop
      vertex 33.0082 34.5334 0
      vertex 33 34.7 -4.6
      vertex 33 34.7 0
    endloop
  endfacet
  facet normal 0.998791 0.0491602 0
    outer loop
      vertex 33 34.7 -4.6
      vertex 33.0082 34.5334 0
      vertex 33.0082 34.5334 -4.6
    endloop
  endfacet
  facet normal -0.941566 0.33683 0
    outer loop
      vertex 36.2706 34.0494 -4.6
      vertex 36.3268 34.2065 0
      vertex 36.3268 34.2065 -4.6
    endloop
  endfacet
  facet normal -0.941566 0.33683 0
    outer loop
      vertex 36.3268 34.2065 0
      vertex 36.2706 34.0494 -4.6
      vertex 36.2706 34.0494 0
    endloop
  endfacet
  facet normal -0.741024 -0.671478 0
    outer loop
      vertex 36.0141 35.7785 -4.6
      vertex 35.9021 35.9021 0
      vertex 35.9021 35.9021 -4.6
    endloop
  endfacet
  facet normal -0.741024 -0.671478 0
    outer loop
      vertex 35.9021 35.9021 0
      vertex 36.0141 35.7785 -4.6
      vertex 36.0141 35.7785 0
    endloop
  endfacet
  facet normal -0.0491602 -0.998791 0
    outer loop
      vertex 34.7 36.4 -4.6
      vertex 34.8666 36.3918 0
      vertex 34.7 36.4 0
    endloop
  endfacet
  facet normal -0.0491602 -0.998791 -0
    outer loop
      vertex 34.8666 36.3918 0
      vertex 34.7 36.4 -4.6
      vertex 34.8666 36.3918 -4.6
    endloop
  endfacet
  facet normal -0.904043 -0.427442 0
    outer loop
      vertex 36.2706 35.3506 -4.6
      vertex 36.1993 35.5014 0
      vertex 36.1993 35.5014 -4.6
    endloop
  endfacet
  facet normal -0.904043 -0.427442 0
    outer loop
      vertex 36.1993 35.5014 0
      vertex 36.2706 35.3506 -4.6
      vertex 36.2706 35.3506 0
    endloop
  endfacet
  facet normal 0.146788 0.989168 -0
    outer loop
      vertex 34.5334 33.0082 -4.6
      vertex 34.3683 33.0327 0
      vertex 34.5334 33.0082 0
    endloop
  endfacet
  facet normal 0.146788 0.989168 0
    outer loop
      vertex 34.3683 33.0327 0
      vertex 34.5334 33.0082 -4.6
      vertex 34.3683 33.0327 -4.6
    endloop
  endfacet
  facet normal -0.671478 0.741024 0
    outer loop
      vertex 35.9021 33.4979 -4.6
      vertex 35.7785 33.3859 0
      vertex 35.9021 33.4979 0
    endloop
  endfacet
  facet normal -0.671478 0.741024 0
    outer loop
      vertex 35.7785 33.3859 0
      vertex 35.9021 33.4979 -4.6
      vertex 35.7785 33.3859 -4.6
    endloop
  endfacet
  facet normal -0.857652 -0.514231 0
    outer loop
      vertex 36.1993 35.5014 -4.6
      vertex 36.1135 35.6445 0
      vertex 36.1135 35.6445 -4.6
    endloop
  endfacet
  facet normal -0.857652 -0.514231 0
    outer loop
      vertex 36.1135 35.6445 0
      vertex 36.1993 35.5014 -4.6
      vertex 36.1993 35.5014 0
    endloop
  endfacet
  facet normal 0.0491602 0.998791 -0
    outer loop
      vertex 34.7 33 -4.6
      vertex 34.5334 33.0082 0
      vertex 34.7 33 0
    endloop
  endfacet
  facet normal 0.0491602 0.998791 0
    outer loop
      vertex 34.5334 33.0082 0
      vertex 34.7 33 -4.6
      vertex 34.5334 33.0082 -4.6
    endloop
  endfacet
  facet normal 0.741024 -0.671478 0
    outer loop
      vertex 33.3859 35.7785 0
      vertex 33.4979 35.9021 -4.6
      vertex 33.4979 35.9021 0
    endloop
  endfacet
  facet normal 0.741024 -0.671478 0
    outer loop
      vertex 33.4979 35.9021 -4.6
      vertex 33.3859 35.7785 0
      vertex 33.3859 35.7785 -4.6
    endloop
  endfacet
  facet normal 0.146788 -0.989168 0
    outer loop
      vertex 34.3683 36.3673 -4.6
      vertex 34.5334 36.3918 0
      vertex 34.3683 36.3673 0
    endloop
  endfacet
  facet normal 0.146788 -0.989168 0
    outer loop
      vertex 34.5334 36.3918 0
      vertex 34.3683 36.3673 -4.6
      vertex 34.5334 36.3918 -4.6
    endloop
  endfacet
  facet normal 0.904043 -0.427442 0
    outer loop
      vertex 33.1294 35.3506 0
      vertex 33.2007 35.5014 -4.6
      vertex 33.2007 35.5014 0
    endloop
  endfacet
  facet normal 0.904043 -0.427442 0
    outer loop
      vertex 33.2007 35.5014 -4.6
      vertex 33.1294 35.3506 0
      vertex 33.1294 35.3506 -4.6
    endloop
  endfacet
  facet normal 0.970072 -0.242818 0
    outer loop
      vertex 33.0327 35.0317 0
      vertex 33.0732 35.1935 -4.6
      vertex 33.0732 35.1935 0
    endloop
  endfacet
  facet normal 0.970072 -0.242818 0
    outer loop
      vertex 33.0732 35.1935 -4.6
      vertex 33.0327 35.0317 0
      vertex 33.0327 35.0317 -4.6
    endloop
  endfacet
  facet normal -0.242818 -0.970072 0
    outer loop
      vertex 35.0317 36.3673 -4.6
      vertex 35.1935 36.3268 0
      vertex 35.0317 36.3673 0
    endloop
  endfacet
  facet normal -0.242818 -0.970072 -0
    outer loop
      vertex 35.1935 36.3268 0
      vertex 35.0317 36.3673 -4.6
      vertex 35.1935 36.3268 -4.6
    endloop
  endfacet
  facet normal 0.970072 0.242818 0
    outer loop
      vertex 33.0732 34.2065 0
      vertex 33.0327 34.3683 -4.6
      vertex 33.0327 34.3683 0
    endloop
  endfacet
  facet normal 0.970072 0.242818 0
    outer loop
      vertex 33.0327 34.3683 -4.6
      vertex 33.0732 34.2065 0
      vertex 33.0732 34.2065 -4.6
    endloop
  endfacet
  facet normal 0.427442 0.904043 -0
    outer loop
      vertex 34.0494 33.1294 -4.6
      vertex 33.8986 33.2007 0
      vertex 34.0494 33.1294 0
    endloop
  endfacet
  facet normal 0.427442 0.904043 0
    outer loop
      vertex 33.8986 33.2007 0
      vertex 34.0494 33.1294 -4.6
      vertex 33.8986 33.2007 -4.6
    endloop
  endfacet
  facet normal 0.741024 0.671478 0
    outer loop
      vertex 33.4979 33.4979 0
      vertex 33.3859 33.6215 -4.6
      vertex 33.3859 33.6215 0
    endloop
  endfacet
  facet normal 0.741024 0.671478 0
    outer loop
      vertex 33.3859 33.6215 -4.6
      vertex 33.4979 33.4979 0
      vertex 33.4979 33.4979 -4.6
    endloop
  endfacet
  facet normal -0.427442 0.904043 0
    outer loop
      vertex 35.5014 33.2007 -4.6
      vertex 35.3506 33.1294 0
      vertex 35.5014 33.2007 0
    endloop
  endfacet
  facet normal -0.427442 0.904043 0
    outer loop
      vertex 35.3506 33.1294 0
      vertex 35.5014 33.2007 -4.6
      vertex 35.3506 33.1294 -4.6
    endloop
  endfacet
  facet normal -0.0491602 0.998791 0
    outer loop
      vertex 34.8666 33.0082 -4.6
      vertex 34.7 33 0
      vertex 34.8666 33.0082 0
    endloop
  endfacet
  facet normal -0.0491602 0.998791 0
    outer loop
      vertex 34.7 33 0
      vertex 34.8666 33.0082 -4.6
      vertex 34.7 33 -4.6
    endloop
  endfacet
  facet normal 0.989168 0.146788 0
    outer loop
      vertex 33.0327 34.3683 0
      vertex 33.0082 34.5334 -4.6
      vertex 33.0082 34.5334 0
    endloop
  endfacet
  facet normal 0.989168 0.146788 0
    outer loop
      vertex 33.0082 34.5334 -4.6
      vertex 33.0327 34.3683 0
      vertex 33.0327 34.3683 -4.6
    endloop
  endfacet
  facet normal -0.595772 0.803154 0
    outer loop
      vertex 35.7785 33.3859 -4.6
      vertex 35.6445 33.2865 0
      vertex 35.7785 33.3859 0
    endloop
  endfacet
  facet normal -0.595772 0.803154 0
    outer loop
      vertex 35.6445 33.2865 0
      vertex 35.7785 33.3859 -4.6
      vertex 35.6445 33.2865 -4.6
    endloop
  endfacet
  facet normal 0.803154 0.595772 0
    outer loop
      vertex 33.3859 33.6215 0
      vertex 33.2865 33.7555 -4.6
      vertex 33.2865 33.7555 0
    endloop
  endfacet
  facet normal 0.803154 0.595772 0
    outer loop
      vertex 33.2865 33.7555 -4.6
      vertex 33.3859 33.6215 0
      vertex 33.3859 33.6215 -4.6
    endloop
  endfacet
  facet normal 0.998791 -0.0491602 0
    outer loop
      vertex 33 34.7 0
      vertex 33.0082 34.8666 -4.6
      vertex 33.0082 34.8666 0
    endloop
  endfacet
  facet normal 0.998791 -0.0491602 0
    outer loop
      vertex 33.0082 34.8666 -4.6
      vertex 33 34.7 0
      vertex 33 34.7 -4.6
    endloop
  endfacet
  facet normal -0.741024 0.671478 0
    outer loop
      vertex 35.9021 33.4979 -4.6
      vertex 36.0141 33.6215 0
      vertex 36.0141 33.6215 -4.6
    endloop
  endfacet
  facet normal -0.741024 0.671478 0
    outer loop
      vertex 36.0141 33.6215 0
      vertex 35.9021 33.4979 -4.6
      vertex 35.9021 33.4979 0
    endloop
  endfacet
  facet normal -0.989158 -0.146857 0
    outer loop
      vertex 36.3918 -7.83337 -2
      vertex 36.3673 -7.66835 0
      vertex 36.3673 -7.66835 -2
    endloop
  endfacet
  facet normal -0.989158 -0.146857 0
    outer loop
      vertex 36.3673 -7.66835 0
      vertex 36.3918 -7.83337 -2
      vertex 36.3918 -7.83337 0
    endloop
  endfacet
  facet normal -0.998791 -0.0491513 0
    outer loop
      vertex 36.4 -8 -2
      vertex 36.3918 -7.83337 0
      vertex 36.3918 -7.83337 -2
    endloop
  endfacet
  facet normal -0.998791 -0.0491513 0
    outer loop
      vertex 36.3918 -7.83337 0
      vertex 36.4 -8 -2
      vertex 36.4 -8 0
    endloop
  endfacet
  facet normal -0.970083 -0.242775 0
    outer loop
      vertex 36.3673 -7.66835 -2
      vertex 36.3268 -7.50652 0
      vertex 36.3268 -7.50652 -2
    endloop
  endfacet
  facet normal -0.970083 -0.242775 0
    outer loop
      vertex 36.3268 -7.50652 0
      vertex 36.3673 -7.66835 -2
      vertex 36.3673 -7.66835 0
    endloop
  endfacet
  facet normal -0.42754 0.903996 0
    outer loop
      vertex 35.5014 -9.49927 -2
      vertex 35.3506 -9.57059 0
      vertex 35.5014 -9.49927 0
    endloop
  endfacet
  facet normal -0.42754 0.903996 0
    outer loop
      vertex 35.3506 -9.57059 0
      vertex 35.5014 -9.49927 -2
      vertex 35.3506 -9.57059 -2
    endloop
  endfacet
  facet normal 0.0491004 -0.998794 0
    outer loop
      vertex 34.5334 -6.30819 -2
      vertex 34.7 -6.3 0
      vertex 34.5334 -6.30819 0
    endloop
  endfacet
  facet normal 0.0491004 -0.998794 0
    outer loop
      vertex 34.7 -6.3 0
      vertex 34.5334 -6.30819 -2
      vertex 34.7 -6.3 -2
    endloop
  endfacet
  facet normal 0.42754 -0.903996 0
    outer loop
      vertex 33.8986 -6.50073 -2
      vertex 34.0494 -6.42941 0
      vertex 33.8986 -6.50073 0
    endloop
  endfacet
  facet normal 0.42754 -0.903996 0
    outer loop
      vertex 34.0494 -6.42941 0
      vertex 33.8986 -6.50073 -2
      vertex 34.0494 -6.42941 -2
    endloop
  endfacet
  facet normal -0.741051 -0.671448 0
    outer loop
      vertex 36.0141 -6.92153 -2
      vertex 35.9021 -6.79792 0
      vertex 35.9021 -6.79792 -2
    endloop
  endfacet
  facet normal -0.741051 -0.671448 0
    outer loop
      vertex 35.9021 -6.79792 0
      vertex 36.0141 -6.92153 -2
      vertex 36.0141 -6.92153 0
    endloop
  endfacet
  facet normal 0.14667 0.989185 -0
    outer loop
      vertex 34.5334 -9.69181 -2
      vertex 34.3683 -9.66733 0
      vertex 34.5334 -9.69181 0
    endloop
  endfacet
  facet normal 0.14667 0.989185 0
    outer loop
      vertex 34.3683 -9.66733 0
      vertex 34.5334 -9.69181 -2
      vertex 34.3683 -9.66733 -2
    endloop
  endfacet
  facet normal -0.42754 -0.903996 0
    outer loop
      vertex 35.3506 -6.42941 -2
      vertex 35.5014 -6.50073 0
      vertex 35.3506 -6.42941 0
    endloop
  endfacet
  facet normal -0.42754 -0.903996 -0
    outer loop
      vertex 35.5014 -6.50073 0
      vertex 35.3506 -6.42941 -2
      vertex 35.5014 -6.50073 -2
    endloop
  endfacet
  facet normal 0.14667 -0.989185 0
    outer loop
      vertex 34.3683 -6.33267 -2
      vertex 34.5334 -6.30819 0
      vertex 34.3683 -6.33267 0
    endloop
  endfacet
  facet normal 0.14667 -0.989185 0
    outer loop
      vertex 34.5334 -6.30819 0
      vertex 34.3683 -6.33267 -2
      vertex 34.5334 -6.30819 -2
    endloop
  endfacet
  facet normal -0.242987 0.97003 0
    outer loop
      vertex 35.1935 -9.6268 -2
      vertex 35.0317 -9.66733 0
      vertex 35.1935 -9.6268 0
    endloop
  endfacet
  facet normal -0.242987 0.97003 0
    outer loop
      vertex 35.0317 -9.66733 0
      vertex 35.1935 -9.6268 -2
      vertex 35.0317 -9.66733 -2
    endloop
  endfacet
  facet normal 0.595695 -0.803211 0
    outer loop
      vertex 33.6215 -6.68588 -2
      vertex 33.7555 -6.5865 0
      vertex 33.6215 -6.68588 0
    endloop
  endfacet
  facet normal 0.595695 -0.803211 0
    outer loop
      vertex 33.7555 -6.5865 0
      vertex 33.6215 -6.68588 -2
      vertex 33.7555 -6.5865 -2
    endloop
  endfacet
  facet normal 0.904054 -0.427419 0
    outer loop
      vertex 33.1294 -7.34944 0
      vertex 33.2007 -7.19863 -2
      vertex 33.2007 -7.19863 0
    endloop
  endfacet
  facet normal 0.904054 -0.427419 0
    outer loop
      vertex 33.2007 -7.19863 -2
      vertex 33.1294 -7.34944 0
      vertex 33.1294 -7.34944 -2
    endloop
  endfacet
  facet normal 0.42754 0.903996 -0
    outer loop
      vertex 34.0494 -9.57059 -2
      vertex 33.8986 -9.49927 0
      vertex 34.0494 -9.57059 0
    endloop
  endfacet
  facet normal 0.42754 0.903996 0
    outer loop
      vertex 33.8986 -9.49927 0
      vertex 34.0494 -9.57059 -2
      vertex 33.8986 -9.49927 -2
    endloop
  endfacet
  facet normal -0.336883 0.941546 0
    outer loop
      vertex 35.3506 -9.57059 -2
      vertex 35.1935 -9.6268 0
      vertex 35.3506 -9.57059 0
    endloop
  endfacet
  facet normal -0.336883 0.941546 0
    outer loop
      vertex 35.1935 -9.6268 0
      vertex 35.3506 -9.57059 -2
      vertex 35.1935 -9.6268 -2
    endloop
  endfacet
  facet normal 0.595695 0.803211 -0
    outer loop
      vertex 33.7555 -9.4135 -2
      vertex 33.6215 -9.31412 0
      vertex 33.7555 -9.4135 0
    endloop
  endfacet
  facet normal 0.595695 0.803211 0
    outer loop
      vertex 33.6215 -9.31412 0
      vertex 33.7555 -9.4135 -2
      vertex 33.6215 -9.31412 -2
    endloop
  endfacet
  facet normal 0.904054 0.427419 0
    outer loop
      vertex 33.2007 -8.80137 0
      vertex 33.1294 -8.65056 -2
      vertex 33.1294 -8.65056 0
    endloop
  endfacet
  facet normal 0.904054 0.427419 0
    outer loop
      vertex 33.1294 -8.65056 -2
      vertex 33.2007 -8.80137 0
      vertex 33.2007 -8.80137 -2
    endloop
  endfacet
  facet normal -0.514099 -0.857731 0
    outer loop
      vertex 35.5014 -6.50073 -2
      vertex 35.6445 -6.5865 0
      vertex 35.5014 -6.50073 0
    endloop
  endfacet
  facet normal -0.514099 -0.857731 -0
    outer loop
      vertex 35.6445 -6.5865 0
      vertex 35.5014 -6.50073 -2
      vertex 35.6445 -6.5865 -2
    endloop
  endfacet
  facet normal 0.998791 0.0491513 0
    outer loop
      vertex 33.0082 -8.16663 0
      vertex 33 -8 -2
      vertex 33 -8 0
    endloop
  endfacet
  facet normal 0.998791 0.0491513 0
    outer loop
      vertex 33 -8 -2
      vertex 33.0082 -8.16663 0
      vertex 33.0082 -8.16663 -2
    endloop
  endfacet
  facet normal -0.595695 -0.803211 0
    outer loop
      vertex 35.6445 -6.5865 -2
      vertex 35.7785 -6.68588 0
      vertex 35.6445 -6.5865 0
    endloop
  endfacet
  facet normal -0.595695 -0.803211 -0
    outer loop
      vertex 35.7785 -6.68588 0
      vertex 35.6445 -6.5865 -2
      vertex 35.7785 -6.68588 -2
    endloop
  endfacet
  facet normal -0.970083 0.242775 0
    outer loop
      vertex 36.3268 -8.49348 -2
      vertex 36.3673 -8.33165 0
      vertex 36.3673 -8.33165 -2
    endloop
  endfacet
  facet normal -0.970083 0.242775 0
    outer loop
      vertex 36.3673 -8.33165 0
      vertex 36.3268 -8.49348 -2
      vertex 36.3268 -8.49348 0
    endloop
  endfacet
  facet normal 0.514099 -0.857731 0
    outer loop
      vertex 33.7555 -6.5865 -2
      vertex 33.8986 -6.50073 0
      vertex 33.7555 -6.5865 0
    endloop
  endfacet
  facet normal 0.514099 -0.857731 0
    outer loop
      vertex 33.8986 -6.50073 0
      vertex 33.7555 -6.5865 -2
      vertex 33.8986 -6.50073 -2
    endloop
  endfacet
  facet normal 0.941552 0.336868 0
    outer loop
      vertex 33.1294 -8.65056 0
      vertex 33.0732 -8.49348 -2
      vertex 33.0732 -8.49348 0
    endloop
  endfacet
  facet normal 0.941552 0.336868 0
    outer loop
      vertex 33.0732 -8.49348 -2
      vertex 33.1294 -8.65056 0
      vertex 33.1294 -8.65056 -2
    endloop
  endfacet
  facet normal -0.242987 -0.97003 0
    outer loop
      vertex 35.0317 -6.33267 -2
      vertex 35.1935 -6.3732 0
      vertex 35.0317 -6.33267 0
    endloop
  endfacet
  facet normal -0.242987 -0.97003 -0
    outer loop
      vertex 35.1935 -6.3732 0
      vertex 35.0317 -6.33267 -2
      vertex 35.1935 -6.3732 -2
    endloop
  endfacet
  facet normal 0.741051 -0.671448 0
    outer loop
      vertex 33.3859 -6.92153 0
      vertex 33.4979 -6.79792 -2
      vertex 33.4979 -6.79792 0
    endloop
  endfacet
  facet normal 0.741051 -0.671448 0
    outer loop
      vertex 33.4979 -6.79792 -2
      vertex 33.3859 -6.92153 0
      vertex 33.3859 -6.92153 -2
    endloop
  endfacet
  facet normal -0.0491004 0.998794 0
    outer loop
      vertex 34.8666 -9.69181 -2
      vertex 34.7 -9.7 0
      vertex 34.8666 -9.69181 0
    endloop
  endfacet
  facet normal -0.0491004 0.998794 0
    outer loop
      vertex 34.7 -9.7 0
      vertex 34.8666 -9.69181 -2
      vertex 34.7 -9.7 -2
    endloop
  endfacet
  facet normal -0.803154 -0.595772 0
    outer loop
      vertex 36.1135 -7.05553 -2
      vertex 36.0141 -6.92153 0
      vertex 36.0141 -6.92153 -2
    endloop
  endfacet
  facet normal -0.803154 -0.595772 0
    outer loop
      vertex 36.0141 -6.92153 0
      vertex 36.1135 -7.05553 -2
      vertex 36.1135 -7.05553 0
    endloop
  endfacet
  facet normal 0.970083 0.242775 0
    outer loop
      vertex 33.0732 -8.49348 0
      vertex 33.0327 -8.33165 -2
      vertex 33.0327 -8.33165 0
    endloop
  endfacet
  facet normal 0.970083 0.242775 0
    outer loop
      vertex 33.0327 -8.33165 -2
      vertex 33.0732 -8.49348 0
      vertex 33.0732 -8.49348 -2
    endloop
  endfacet
  facet normal -0.989158 0.146857 0
    outer loop
      vertex 36.3673 -8.33165 -2
      vertex 36.3918 -8.16663 0
      vertex 36.3918 -8.16663 -2
    endloop
  endfacet
  facet normal -0.989158 0.146857 0
    outer loop
      vertex 36.3918 -8.16663 0
      vertex 36.3673 -8.33165 -2
      vertex 36.3673 -8.33165 0
    endloop
  endfacet
  facet normal -0.514099 0.857731 0
    outer loop
      vertex 35.6445 -9.4135 -2
      vertex 35.5014 -9.49927 0
      vertex 35.6445 -9.4135 0
    endloop
  endfacet
  facet normal -0.514099 0.857731 0
    outer loop
      vertex 35.5014 -9.49927 0
      vertex 35.6445 -9.4135 -2
      vertex 35.5014 -9.49927 -2
    endloop
  endfacet
  facet normal 0.941552 -0.336868 0
    outer loop
      vertex 33.0732 -7.50652 0
      vertex 33.1294 -7.34944 -2
      vertex 33.1294 -7.34944 0
    endloop
  endfacet
  facet normal 0.941552 -0.336868 0
    outer loop
      vertex 33.1294 -7.34944 -2
      vertex 33.0732 -7.50652 0
      vertex 33.0732 -7.50652 -2
    endloop
  endfacet
  facet normal -0.67161 -0.740905 0
    outer loop
      vertex 35.7785 -6.68588 -2
      vertex 35.9021 -6.79792 0
      vertex 35.7785 -6.68588 0
    endloop
  endfacet
  facet normal -0.67161 -0.740905 -0
    outer loop
      vertex 35.9021 -6.79792 0
      vertex 35.7785 -6.68588 -2
      vertex 35.9021 -6.79792 -2
    endloop
  endfacet
  facet normal 0.989158 -0.146857 0
    outer loop
      vertex 33.0082 -7.83337 0
      vertex 33.0327 -7.66835 -2
      vertex 33.0327 -7.66835 0
    endloop
  endfacet
  facet normal 0.989158 -0.146857 0
    outer loop
      vertex 33.0327 -7.66835 -2
      vertex 33.0082 -7.83337 0
      vertex 33.0082 -7.83337 -2
    endloop
  endfacet
  facet normal -0.904054 0.427419 0
    outer loop
      vertex 36.1993 -8.80137 -2
      vertex 36.2706 -8.65056 0
      vertex 36.2706 -8.65056 -2
    endloop
  endfacet
  facet normal -0.904054 0.427419 0
    outer loop
      vertex 36.2706 -8.65056 0
      vertex 36.1993 -8.80137 -2
      vertex 36.1993 -8.80137 0
    endloop
  endfacet
  facet normal -0.998791 0.0491513 0
    outer loop
      vertex 36.3918 -8.16663 -2
      vertex 36.4 -8 0
      vertex 36.4 -8 -2
    endloop
  endfacet
  facet normal -0.998791 0.0491513 0
    outer loop
      vertex 36.4 -8 0
      vertex 36.3918 -8.16663 -2
      vertex 36.3918 -8.16663 0
    endloop
  endfacet
  facet normal -0.14667 0.989185 0
    outer loop
      vertex 35.0317 -9.66733 -2
      vertex 34.8666 -9.69181 0
      vertex 35.0317 -9.66733 0
    endloop
  endfacet
  facet normal -0.14667 0.989185 0
    outer loop
      vertex 34.8666 -9.69181 0
      vertex 35.0317 -9.66733 -2
      vertex 34.8666 -9.69181 -2
    endloop
  endfacet
  facet normal -0.941552 -0.336868 0
    outer loop
      vertex 36.3268 -7.50652 -2
      vertex 36.2706 -7.34944 0
      vertex 36.2706 -7.34944 -2
    endloop
  endfacet
  facet normal -0.941552 -0.336868 0
    outer loop
      vertex 36.2706 -7.34944 0
      vertex 36.3268 -7.50652 -2
      vertex 36.3268 -7.50652 0
    endloop
  endfacet
  facet normal -0.803154 0.595772 0
    outer loop
      vertex 36.0141 -9.07847 -2
      vertex 36.1135 -8.94447 0
      vertex 36.1135 -8.94447 -2
    endloop
  endfacet
  facet normal -0.803154 0.595772 0
    outer loop
      vertex 36.1135 -8.94447 0
      vertex 36.0141 -9.07847 -2
      vertex 36.0141 -9.07847 0
    endloop
  endfacet
  facet normal -0.857652 0.514231 0
    outer loop
      vertex 36.1135 -8.94447 -2
      vertex 36.1993 -8.80137 0
      vertex 36.1993 -8.80137 -2
    endloop
  endfacet
  facet normal -0.857652 0.514231 0
    outer loop
      vertex 36.1993 -8.80137 0
      vertex 36.1135 -8.94447 -2
      vertex 36.1135 -8.94447 0
    endloop
  endfacet
  facet normal 0.242987 -0.97003 0
    outer loop
      vertex 34.2065 -6.3732 -2
      vertex 34.3683 -6.33267 0
      vertex 34.2065 -6.3732 0
    endloop
  endfacet
  facet normal 0.242987 -0.97003 0
    outer loop
      vertex 34.3683 -6.33267 0
      vertex 34.2065 -6.3732 -2
      vertex 34.3683 -6.33267 -2
    endloop
  endfacet
  facet normal -0.941552 0.336868 0
    outer loop
      vertex 36.2706 -8.65056 -2
      vertex 36.3268 -8.49348 0
      vertex 36.3268 -8.49348 -2
    endloop
  endfacet
  facet normal -0.941552 0.336868 0
    outer loop
      vertex 36.3268 -8.49348 0
      vertex 36.2706 -8.65056 -2
      vertex 36.2706 -8.65056 0
    endloop
  endfacet
  facet normal -0.0491004 -0.998794 0
    outer loop
      vertex 34.7 -6.3 -2
      vertex 34.8666 -6.30819 0
      vertex 34.7 -6.3 0
    endloop
  endfacet
  facet normal -0.0491004 -0.998794 -0
    outer loop
      vertex 34.8666 -6.30819 0
      vertex 34.7 -6.3 -2
      vertex 34.8666 -6.30819 -2
    endloop
  endfacet
  facet normal -0.904054 -0.427419 0
    outer loop
      vertex 36.2706 -7.34944 -2
      vertex 36.1993 -7.19863 0
      vertex 36.1993 -7.19863 -2
    endloop
  endfacet
  facet normal -0.904054 -0.427419 0
    outer loop
      vertex 36.1993 -7.19863 0
      vertex 36.2706 -7.34944 -2
      vertex 36.2706 -7.34944 0
    endloop
  endfacet
  facet normal -0.14667 -0.989185 0
    outer loop
      vertex 34.8666 -6.30819 -2
      vertex 35.0317 -6.33267 0
      vertex 34.8666 -6.30819 0
    endloop
  endfacet
  facet normal -0.14667 -0.989185 -0
    outer loop
      vertex 35.0317 -6.33267 0
      vertex 34.8666 -6.30819 -2
      vertex 35.0317 -6.33267 -2
    endloop
  endfacet
  facet normal 0.242987 0.97003 -0
    outer loop
      vertex 34.3683 -9.66733 -2
      vertex 34.2065 -9.6268 0
      vertex 34.3683 -9.66733 0
    endloop
  endfacet
  facet normal 0.242987 0.97003 0
    outer loop
      vertex 34.2065 -9.6268 0
      vertex 34.3683 -9.66733 -2
      vertex 34.2065 -9.6268 -2
    endloop
  endfacet
  facet normal 0.857652 0.514231 0
    outer loop
      vertex 33.2865 -8.94447 0
      vertex 33.2007 -8.80137 -2
      vertex 33.2007 -8.80137 0
    endloop
  endfacet
  facet normal 0.857652 0.514231 0
    outer loop
      vertex 33.2007 -8.80137 -2
      vertex 33.2865 -8.94447 0
      vertex 33.2865 -8.94447 -2
    endloop
  endfacet
  facet normal -0.857652 -0.514231 0
    outer loop
      vertex 36.1993 -7.19863 -2
      vertex 36.1135 -7.05553 0
      vertex 36.1135 -7.05553 -2
    endloop
  endfacet
  facet normal -0.857652 -0.514231 0
    outer loop
      vertex 36.1135 -7.05553 0
      vertex 36.1993 -7.19863 -2
      vertex 36.1993 -7.19863 0
    endloop
  endfacet
  facet normal 0.336883 -0.941546 0
    outer loop
      vertex 34.0494 -6.42941 -2
      vertex 34.2065 -6.3732 0
      vertex 34.0494 -6.42941 0
    endloop
  endfacet
  facet normal 0.336883 -0.941546 0
    outer loop
      vertex 34.2065 -6.3732 0
      vertex 34.0494 -6.42941 -2
      vertex 34.2065 -6.3732 -2
    endloop
  endfacet
  facet normal 0.741051 0.671448 0
    outer loop
      vertex 33.4979 -9.20208 0
      vertex 33.3859 -9.07847 -2
      vertex 33.3859 -9.07847 0
    endloop
  endfacet
  facet normal 0.741051 0.671448 0
    outer loop
      vertex 33.3859 -9.07847 -2
      vertex 33.4979 -9.20208 0
      vertex 33.4979 -9.20208 -2
    endloop
  endfacet
  facet normal 0.67161 -0.740905 0
    outer loop
      vertex 33.4979 -6.79792 -2
      vertex 33.6215 -6.68588 0
      vertex 33.4979 -6.79792 0
    endloop
  endfacet
  facet normal 0.67161 -0.740905 0
    outer loop
      vertex 33.6215 -6.68588 0
      vertex 33.4979 -6.79792 -2
      vertex 33.6215 -6.68588 -2
    endloop
  endfacet
  facet normal -0.336883 -0.941546 0
    outer loop
      vertex 35.1935 -6.3732 -2
      vertex 35.3506 -6.42941 0
      vertex 35.1935 -6.3732 0
    endloop
  endfacet
  facet normal -0.336883 -0.941546 -0
    outer loop
      vertex 35.3506 -6.42941 0
      vertex 35.1935 -6.3732 -2
      vertex 35.3506 -6.42941 -2
    endloop
  endfacet
  facet normal 0.514099 0.857731 -0
    outer loop
      vertex 33.8986 -9.49927 -2
      vertex 33.7555 -9.4135 0
      vertex 33.8986 -9.49927 0
    endloop
  endfacet
  facet normal 0.514099 0.857731 0
    outer loop
      vertex 33.7555 -9.4135 0
      vertex 33.8986 -9.49927 -2
      vertex 33.7555 -9.4135 -2
    endloop
  endfacet
  facet normal 0.970083 -0.242775 0
    outer loop
      vertex 33.0327 -7.66835 0
      vertex 33.0732 -7.50652 -2
      vertex 33.0732 -7.50652 0
    endloop
  endfacet
  facet normal 0.970083 -0.242775 0
    outer loop
      vertex 33.0732 -7.50652 -2
      vertex 33.0327 -7.66835 0
      vertex 33.0327 -7.66835 -2
    endloop
  endfacet
  facet normal 0.803154 0.595772 0
    outer loop
      vertex 33.3859 -9.07847 0
      vertex 33.2865 -8.94447 -2
      vertex 33.2865 -8.94447 0
    endloop
  endfacet
  facet normal 0.803154 0.595772 0
    outer loop
      vertex 33.2865 -8.94447 -2
      vertex 33.3859 -9.07847 0
      vertex 33.3859 -9.07847 -2
    endloop
  endfacet
  facet normal 0.989158 0.146857 0
    outer loop
      vertex 33.0327 -8.33165 0
      vertex 33.0082 -8.16663 -2
      vertex 33.0082 -8.16663 0
    endloop
  endfacet
  facet normal 0.989158 0.146857 0
    outer loop
      vertex 33.0082 -8.16663 -2
      vertex 33.0327 -8.33165 0
      vertex 33.0327 -8.33165 -2
    endloop
  endfacet
  facet normal -0.595695 0.803211 0
    outer loop
      vertex 35.7785 -9.31412 -2
      vertex 35.6445 -9.4135 0
      vertex 35.7785 -9.31412 0
    endloop
  endfacet
  facet normal -0.595695 0.803211 0
    outer loop
      vertex 35.6445 -9.4135 0
      vertex 35.7785 -9.31412 -2
      vertex 35.6445 -9.4135 -2
    endloop
  endfacet
  facet normal 0.67161 0.740905 -0
    outer loop
      vertex 33.6215 -9.31412 -2
      vertex 33.4979 -9.20208 0
      vertex 33.6215 -9.31412 0
    endloop
  endfacet
  facet normal 0.67161 0.740905 0
    outer loop
      vertex 33.4979 -9.20208 0
      vertex 33.6215 -9.31412 -2
      vertex 33.4979 -9.20208 -2
    endloop
  endfacet
  facet normal 0.803154 -0.595772 0
    outer loop
      vertex 33.2865 -7.05553 0
      vertex 33.3859 -6.92153 -2
      vertex 33.3859 -6.92153 0
    endloop
  endfacet
  facet normal 0.803154 -0.595772 0
    outer loop
      vertex 33.3859 -6.92153 -2
      vertex 33.2865 -7.05553 0
      vertex 33.2865 -7.05553 -2
    endloop
  endfacet
  facet normal 0.857652 -0.514231 0
    outer loop
      vertex 33.2007 -7.19863 0
      vertex 33.2865 -7.05553 -2
      vertex 33.2865 -7.05553 0
    endloop
  endfacet
  facet normal 0.857652 -0.514231 0
    outer loop
      vertex 33.2865 -7.05553 -2
      vertex 33.2007 -7.19863 0
      vertex 33.2007 -7.19863 -2
    endloop
  endfacet
  facet normal 0.0491004 0.998794 -0
    outer loop
      vertex 34.7 -9.7 -2
      vertex 34.5334 -9.69181 0
      vertex 34.7 -9.7 0
    endloop
  endfacet
  facet normal 0.0491004 0.998794 0
    outer loop
      vertex 34.5334 -9.69181 0
      vertex 34.7 -9.7 -2
      vertex 34.5334 -9.69181 -2
    endloop
  endfacet
  facet normal 0.998791 -0.0491513 0
    outer loop
      vertex 33 -8 0
      vertex 33.0082 -7.83337 -2
      vertex 33.0082 -7.83337 0
    endloop
  endfacet
  facet normal 0.998791 -0.0491513 0
    outer loop
      vertex 33.0082 -7.83337 -2
      vertex 33 -8 0
      vertex 33 -8 -2
    endloop
  endfacet
  facet normal 0.336883 0.941546 -0
    outer loop
      vertex 34.2065 -9.6268 -2
      vertex 34.0494 -9.57059 0
      vertex 34.2065 -9.6268 0
    endloop
  endfacet
  facet normal 0.336883 0.941546 0
    outer loop
      vertex 34.0494 -9.57059 0
      vertex 34.2065 -9.6268 -2
      vertex 34.0494 -9.57059 -2
    endloop
  endfacet
  facet normal -0.741051 0.671448 0
    outer loop
      vertex 35.9021 -9.20208 -2
      vertex 36.0141 -9.07847 0
      vertex 36.0141 -9.07847 -2
    endloop
  endfacet
  facet normal -0.741051 0.671448 0
    outer loop
      vertex 36.0141 -9.07847 0
      vertex 35.9021 -9.20208 -2
      vertex 35.9021 -9.20208 0
    endloop
  endfacet
  facet normal -0.67161 0.740905 0
    outer loop
      vertex 35.9021 -9.20208 -2
      vertex 35.7785 -9.31412 0
      vertex 35.9021 -9.20208 0
    endloop
  endfacet
  facet normal -0.67161 0.740905 0
    outer loop
      vertex 35.7785 -9.31412 0
      vertex 35.9021 -9.20208 -2
      vertex 35.7785 -9.31412 -2
    endloop
  endfacet
  facet normal 0 1 -0
    outer loop
      vertex 36.3454 -10.85 -4.6
      vertex 33.0546 -10.85 -2
      vertex 36.3454 -10.85 -2
    endloop
  endfacet
  facet normal 0 1 0
    outer loop
      vertex 33.0546 -10.85 -2
      vertex 36.3454 -10.85 -4.6
      vertex 33.0546 -10.85 -4.6
    endloop
  endfacet
  facet normal -0.866019 0.500012 0
    outer loop
      vertex 36.3454 -10.85 -4.6
      vertex 37.9909 -8 -2
      vertex 37.9909 -8 -4.6
    endloop
  endfacet
  facet normal -0.866019 0.500012 0
    outer loop
      vertex 37.9909 -8 -2
      vertex 36.3454 -10.85 -4.6
      vertex 36.3454 -10.85 -2
    endloop
  endfacet
  facet normal 0 -1 0
    outer loop
      vertex 33.0546 -5.15 -4.6
      vertex 36.3454 -5.15 -2
      vertex 33.0546 -5.15 -2
    endloop
  endfacet
  facet normal 0 -1 -0
    outer loop
      vertex 36.3454 -5.15 -2
      vertex 33.0546 -5.15 -4.6
      vertex 36.3454 -5.15 -4.6
    endloop
  endfacet
  facet normal -0.866019 -0.500012 0
    outer loop
      vertex 37.9909 -8 -4.6
      vertex 36.3454 -5.15 -2
      vertex 36.3454 -5.15 -4.6
    endloop
  endfacet
  facet normal -0.866019 -0.500012 0
    outer loop
      vertex 36.3454 -5.15 -2
      vertex 37.9909 -8 -4.6
      vertex 37.9909 -8 -2
    endloop
  endfacet
  facet normal 0.866019 -0.500012 0
    outer loop
      vertex 31.4091 -8 -2
      vertex 33.0546 -5.15 -4.6
      vertex 33.0546 -5.15 -2
    endloop
  endfacet
  facet normal 0.866019 -0.500012 0
    outer loop
      vertex 33.0546 -5.15 -4.6
      vertex 31.4091 -8 -2
      vertex 31.4091 -8 -4.6
    endloop
  endfacet
  facet normal 0.866019 0.500012 0
    outer loop
      vertex 33.0546 -10.85 -2
      vertex 31.4091 -8 -4.6
      vertex 31.4091 -8 -2
    endloop
  endfacet
  facet normal 0.866019 0.500012 0
    outer loop
      vertex 31.4091 -8 -4.6
      vertex 33.0546 -10.85 -2
      vertex 33.0546 -10.85 -4.6
    endloop
  endfacet
  facet normal -0 0 -1
    outer loop
      vertex 37.9909 -8 -2
      vertex 36.3918 -8.16663 -2
      vertex 36.4 -8 -2
    endloop
  endfacet
  facet normal 0 0 -1
    outer loop
      vertex 37.9909 -8 -2
      vertex 36.3673 -8.33165 -2
      vertex 36.3918 -8.16663 -2
    endloop
  endfacet
  facet normal 0 0 -1
    outer loop
      vertex 36.1993 -8.80137 -2
      vertex 37.9909 -8 -2
      vertex 36.3454 -10.85 -2
    endloop
  endfacet
  facet normal 0 0 -1
    outer loop
      vertex 37.9909 -8 -2
      vertex 36.3268 -8.49348 -2
      vertex 36.3673 -8.33165 -2
    endloop
  endfacet
  facet normal 0 0 -1
    outer loop
      vertex 37.9909 -8 -2
      vertex 36.2706 -8.65056 -2
      vertex 36.3268 -8.49348 -2
    endloop
  endfacet
  facet normal 0 0 -1
    outer loop
      vertex 37.9909 -8 -2
      vertex 36.1993 -8.80137 -2
      vertex 36.2706 -8.65056 -2
    endloop
  endfacet
  facet normal 0 0 -1
    outer loop
      vertex 36.3454 -10.85 -2
      vertex 36.1135 -8.94447 -2
      vertex 36.1993 -8.80137 -2
    endloop
  endfacet
  facet normal 0 0 -1
    outer loop
      vertex 36.3454 -10.85 -2
      vertex 36.0141 -9.07847 -2
      vertex 36.1135 -8.94447 -2
    endloop
  endfacet
  facet normal 0 0 -1
    outer loop
      vertex 36.3454 -10.85 -2
      vertex 35.9021 -9.20208 -2
      vertex 36.0141 -9.07847 -2
    endloop
  endfacet
  facet normal 0 0 -1
    outer loop
      vertex 36.3454 -10.85 -2
      vertex 35.7785 -9.31412 -2
      vertex 35.9021 -9.20208 -2
    endloop
  endfacet
  facet normal 0 0 -1
    outer loop
      vertex 36.3454 -10.85 -2
      vertex 35.6445 -9.4135 -2
      vertex 35.7785 -9.31412 -2
    endloop
  endfacet
  facet normal 0 0 -1
    outer loop
      vertex 36.3454 -10.85 -2
      vertex 35.5014 -9.49927 -2
      vertex 35.6445 -9.4135 -2
    endloop
  endfacet
  facet normal 0 0 -1
    outer loop
      vertex 36.3454 -10.85 -2
      vertex 35.3506 -9.57059 -2
      vertex 35.5014 -9.49927 -2
    endloop
  endfacet
  facet normal 0 0 -1
    outer loop
      vertex 36.3454 -10.85 -2
      vertex 35.1935 -9.6268 -2
      vertex 35.3506 -9.57059 -2
    endloop
  endfacet
  facet normal 0 0 -1
    outer loop
      vertex 36.3454 -10.85 -2
      vertex 35.0317 -9.66733 -2
      vertex 35.1935 -9.6268 -2
    endloop
  endfacet
  facet normal 0 0 -1
    outer loop
      vertex 36.3454 -10.85 -2
      vertex 34.8666 -9.69181 -2
      vertex 35.0317 -9.66733 -2
    endloop
  endfacet
  facet normal 0 0 -1
    outer loop
      vertex 36.3454 -10.85 -2
      vertex 34.7 -9.7 -2
      vertex 34.8666 -9.69181 -2
    endloop
  endfacet
  facet normal 0 0 -1
    outer loop
      vertex 33.0546 -10.85 -2
      vertex 34.7 -9.7 -2
      vertex 36.3454 -10.85 -2
    endloop
  endfacet
  facet normal -0 0 -1
    outer loop
      vertex 34.7 -9.7 -2
      vertex 33.0546 -10.85 -2
      vertex 34.5334 -9.69181 -2
    endloop
  endfacet
  facet normal -0 0 -1
    outer loop
      vertex 34.5334 -9.69181 -2
      vertex 33.0546 -10.85 -2
      vertex 34.3683 -9.66733 -2
    endloop
  endfacet
  facet normal -0 0 -1
    outer loop
      vertex 34.3683 -9.66733 -2
      vertex 33.0546 -10.85 -2
      vertex 34.2065 -9.6268 -2
    endloop
  endfacet
  facet normal -0 0 -1
    outer loop
      vertex 34.2065 -9.6268 -2
      vertex 33.0546 -10.85 -2
      vertex 34.0494 -9.57059 -2
    endloop
  endfacet
  facet normal -0 0 -1
    outer loop
      vertex 34.0494 -9.57059 -2
      vertex 33.0546 -10.85 -2
      vertex 33.8986 -9.49927 -2
    endloop
  endfacet
  facet normal 0 0 -1
    outer loop
      vertex 33.0546 -10.85 -2
      vertex 33.7555 -9.4135 -2
      vertex 33.8986 -9.49927 -2
    endloop
  endfacet
  facet normal 0 0 -1
    outer loop
      vertex 33.0546 -10.85 -2
      vertex 33.6215 -9.31412 -2
      vertex 33.7555 -9.4135 -2
    endloop
  endfacet
  facet normal 0 0 -1
    outer loop
      vertex 33.0546 -10.85 -2
      vertex 33.4979 -9.20208 -2
      vertex 33.6215 -9.31412 -2
    endloop
  endfacet
  facet normal 0 0 -1
    outer loop
      vertex 33.0546 -10.85 -2
      vertex 33.3859 -9.07847 -2
      vertex 33.4979 -9.20208 -2
    endloop
  endfacet
  facet normal 0 0 -1
    outer loop
      vertex 33.0546 -10.85 -2
      vertex 33.2865 -8.94447 -2
      vertex 33.3859 -9.07847 -2
    endloop
  endfacet
  facet normal 0 0 -1
    outer loop
      vertex 33.0546 -10.85 -2
      vertex 33.2007 -8.80137 -2
      vertex 33.2865 -8.94447 -2
    endloop
  endfacet
  facet normal 0 0 -1
    outer loop
      vertex 31.4091 -8 -2
      vertex 33.2007 -8.80137 -2
      vertex 33.0546 -10.85 -2
    endloop
  endfacet
  facet normal 0 0 -1
    outer loop
      vertex 33.2007 -8.80137 -2
      vertex 31.4091 -8 -2
      vertex 33.1294 -8.65056 -2
    endloop
  endfacet
  facet normal 0 0 -1
    outer loop
      vertex 33.1294 -8.65056 -2
      vertex 31.4091 -8 -2
      vertex 33.0732 -8.49348 -2
    endloop
  endfacet
  facet normal 0 0 -1
    outer loop
      vertex 33.0732 -8.49348 -2
      vertex 31.4091 -8 -2
      vertex 33.0327 -8.33165 -2
    endloop
  endfacet
  facet normal 0 0 -1
    outer loop
      vertex 33.0327 -8.33165 -2
      vertex 31.4091 -8 -2
      vertex 33.0082 -8.16663 -2
    endloop
  endfacet
  facet normal 0 0 -1
    outer loop
      vertex 33.0082 -8.16663 -2
      vertex 31.4091 -8 -2
      vertex 33 -8 -2
    endloop
  endfacet
  facet normal 0 0 -1
    outer loop
      vertex 36.3918 -7.83337 -2
      vertex 37.9909 -8 -2
      vertex 36.4 -8 -2
    endloop
  endfacet
  facet normal 0 0 -1
    outer loop
      vertex 36.3673 -7.66835 -2
      vertex 37.9909 -8 -2
      vertex 36.3918 -7.83337 -2
    endloop
  endfacet
  facet normal 0 0 -1
    outer loop
      vertex 36.3268 -7.50652 -2
      vertex 37.9909 -8 -2
      vertex 36.3673 -7.66835 -2
    endloop
  endfacet
  facet normal 0 0 -1
    outer loop
      vertex 36.2706 -7.34944 -2
      vertex 37.9909 -8 -2
      vertex 36.3268 -7.50652 -2
    endloop
  endfacet
  facet normal 0 0 -1
    outer loop
      vertex 36.1993 -7.19863 -2
      vertex 37.9909 -8 -2
      vertex 36.2706 -7.34944 -2
    endloop
  endfacet
  facet normal 0 0 -1
    outer loop
      vertex 37.9909 -8 -2
      vertex 36.1993 -7.19863 -2
      vertex 36.3454 -5.15 -2
    endloop
  endfacet
  facet normal 0 0 -1
    outer loop
      vertex 36.1135 -7.05553 -2
      vertex 36.3454 -5.15 -2
      vertex 36.1993 -7.19863 -2
    endloop
  endfacet
  facet normal 0 0 -1
    outer loop
      vertex 36.0141 -6.92153 -2
      vertex 36.3454 -5.15 -2
      vertex 36.1135 -7.05553 -2
    endloop
  endfacet
  facet normal 0 0 -1
    outer loop
      vertex 35.9021 -6.79792 -2
      vertex 36.3454 -5.15 -2
      vertex 36.0141 -6.92153 -2
    endloop
  endfacet
  facet normal 0 0 -1
    outer loop
      vertex 35.7785 -6.68588 -2
      vertex 36.3454 -5.15 -2
      vertex 35.9021 -6.79792 -2
    endloop
  endfacet
  facet normal 0 0 -1
    outer loop
      vertex 35.6445 -6.5865 -2
      vertex 36.3454 -5.15 -2
      vertex 35.7785 -6.68588 -2
    endloop
  endfacet
  facet normal 0 0 -1
    outer loop
      vertex 35.5014 -6.50073 -2
      vertex 36.3454 -5.15 -2
      vertex 35.6445 -6.5865 -2
    endloop
  endfacet
  facet normal 0 0 -1
    outer loop
      vertex 35.3506 -6.42941 -2
      vertex 36.3454 -5.15 -2
      vertex 35.5014 -6.50073 -2
    endloop
  endfacet
  facet normal 0 0 -1
    outer loop
      vertex 35.1935 -6.3732 -2
      vertex 36.3454 -5.15 -2
      vertex 35.3506 -6.42941 -2
    endloop
  endfacet
  facet normal 0 0 -1
    outer loop
      vertex 35.0317 -6.33267 -2
      vertex 36.3454 -5.15 -2
      vertex 35.1935 -6.3732 -2
    endloop
  endfacet
  facet normal 0 0 -1
    outer loop
      vertex 34.8666 -6.30819 -2
      vertex 36.3454 -5.15 -2
      vertex 35.0317 -6.33267 -2
    endloop
  endfacet
  facet normal 0 0 -1
    outer loop
      vertex 34.7 -6.3 -2
      vertex 36.3454 -5.15 -2
      vertex 34.8666 -6.30819 -2
    endloop
  endfacet
  facet normal 0 0 -1
    outer loop
      vertex 33.0546 -5.15 -2
      vertex 34.7 -6.3 -2
      vertex 34.5334 -6.30819 -2
    endloop
  endfacet
  facet normal 0 0 -1
    outer loop
      vertex 33.0546 -5.15 -2
      vertex 34.5334 -6.30819 -2
      vertex 34.3683 -6.33267 -2
    endloop
  endfacet
  facet normal 0 0 -1
    outer loop
      vertex 33.0546 -5.15 -2
      vertex 34.3683 -6.33267 -2
      vertex 34.2065 -6.3732 -2
    endloop
  endfacet
  facet normal 0 0 -1
    outer loop
      vertex 33.0546 -5.15 -2
      vertex 34.2065 -6.3732 -2
      vertex 34.0494 -6.42941 -2
    endloop
  endfacet
  facet normal 0 0 -1
    outer loop
      vertex 33.0546 -5.15 -2
      vertex 34.0494 -6.42941 -2
      vertex 33.8986 -6.50073 -2
    endloop
  endfacet
  facet normal 0 0 -1
    outer loop
      vertex 34.7 -6.3 -2
      vertex 33.0546 -5.15 -2
      vertex 36.3454 -5.15 -2
    endloop
  endfacet
  facet normal 0 0 -1
    outer loop
      vertex 33.7555 -6.5865 -2
      vertex 33.0546 -5.15 -2
      vertex 33.8986 -6.50073 -2
    endloop
  endfacet
  facet normal 0 0 -1
    outer loop
      vertex 33.6215 -6.68588 -2
      vertex 33.0546 -5.15 -2
      vertex 33.7555 -6.5865 -2
    endloop
  endfacet
  facet normal 0 0 -1
    outer loop
      vertex 33.4979 -6.79792 -2
      vertex 33.0546 -5.15 -2
      vertex 33.6215 -6.68588 -2
    endloop
  endfacet
  facet normal 0 0 -1
    outer loop
      vertex 33.3859 -6.92153 -2
      vertex 33.0546 -5.15 -2
      vertex 33.4979 -6.79792 -2
    endloop
  endfacet
  facet normal 0 0 -1
    outer loop
      vertex 33.2865 -7.05553 -2
      vertex 33.0546 -5.15 -2
      vertex 33.3859 -6.92153 -2
    endloop
  endfacet
  facet normal 0 0 -1
    outer loop
      vertex 33.2007 -7.19863 -2
      vertex 33.0546 -5.15 -2
      vertex 33.2865 -7.05553 -2
    endloop
  endfacet
  facet normal 0 0 -1
    outer loop
      vertex 31.4091 -8 -2
      vertex 33.2007 -7.19863 -2
      vertex 33.1294 -7.34944 -2
    endloop
  endfacet
  facet normal 0 0 -1
    outer loop
      vertex 31.4091 -8 -2
      vertex 33.1294 -7.34944 -2
      vertex 33.0732 -7.50652 -2
    endloop
  endfacet
  facet normal 0 0 -1
    outer loop
      vertex 31.4091 -8 -2
      vertex 33.0732 -7.50652 -2
      vertex 33.0327 -7.66835 -2
    endloop
  endfacet
  facet normal 0 0 -1
    outer loop
      vertex 31.4091 -8 -2
      vertex 33.0327 -7.66835 -2
      vertex 33.0082 -7.83337 -2
    endloop
  endfacet
  facet normal 0 0 -1
    outer loop
      vertex 31.4091 -8 -2
      vertex 33.0082 -7.83337 -2
      vertex 33 -8 -2
    endloop
  endfacet
  facet normal -0 0 -1
    outer loop
      vertex 33.2007 -7.19863 -2
      vertex 31.4091 -8 -2
      vertex 33.0546 -5.15 -2
    endloop
  endfacet
  facet normal -0.989158 -0.146857 0
    outer loop
      vertex 36.3918 8.16663 -2
      vertex 36.3673 8.33165 0
      vertex 36.3673 8.33165 -2
    endloop
  endfacet
  facet normal -0.989158 -0.146857 0
    outer loop
      vertex 36.3673 8.33165 0
      vertex 36.3918 8.16663 -2
      vertex 36.3918 8.16663 0
    endloop
  endfacet
  facet normal -0.998791 -0.0491513 0
    outer loop
      vertex 36.4 8 -2
      vertex 36.3918 8.16663 0
      vertex 36.3918 8.16663 -2
    endloop
  endfacet
  facet normal -0.998791 -0.0491513 0
    outer loop
      vertex 36.3918 8.16663 0
      vertex 36.4 8 -2
      vertex 36.4 8 0
    endloop
  endfacet
  facet normal -0.970083 -0.242775 0
    outer loop
      vertex 36.3673 8.33165 -2
      vertex 36.3268 8.49348 0
      vertex 36.3268 8.49348 -2
    endloop
  endfacet
  facet normal -0.970083 -0.242775 0
    outer loop
      vertex 36.3268 8.49348 0
      vertex 36.3673 8.33165 -2
      vertex 36.3673 8.33165 0
    endloop
  endfacet
  facet normal -0.42754 0.903996 0
    outer loop
      vertex 35.5014 6.50073 -2
      vertex 35.3506 6.42941 0
      vertex 35.5014 6.50073 0
    endloop
  endfacet
  facet normal -0.42754 0.903996 0
    outer loop
      vertex 35.3506 6.42941 0
      vertex 35.5014 6.50073 -2
      vertex 35.3506 6.42941 -2
    endloop
  endfacet
  facet normal 0.0491004 -0.998794 0
    outer loop
      vertex 34.5334 9.69181 -2
      vertex 34.7 9.7 0
      vertex 34.5334 9.69181 0
    endloop
  endfacet
  facet normal 0.0491004 -0.998794 0
    outer loop
      vertex 34.7 9.7 0
      vertex 34.5334 9.69181 -2
      vertex 34.7 9.7 -2
    endloop
  endfacet
  facet normal 0.42754 -0.903996 0
    outer loop
      vertex 33.8986 9.49927 -2
      vertex 34.0494 9.57059 0
      vertex 33.8986 9.49927 0
    endloop
  endfacet
  facet normal 0.42754 -0.903996 0
    outer loop
      vertex 34.0494 9.57059 0
      vertex 33.8986 9.49927 -2
      vertex 34.0494 9.57059 -2
    endloop
  endfacet
  facet normal -0.741051 -0.671448 0
    outer loop
      vertex 36.0141 9.07847 -2
      vertex 35.9021 9.20208 0
      vertex 35.9021 9.20208 -2
    endloop
  endfacet
  facet normal -0.741051 -0.671448 0
    outer loop
      vertex 35.9021 9.20208 0
      vertex 36.0141 9.07847 -2
      vertex 36.0141 9.07847 0
    endloop
  endfacet
  facet normal 0.14667 0.989185 -0
    outer loop
      vertex 34.5334 6.30819 -2
      vertex 34.3683 6.33267 0
      vertex 34.5334 6.30819 0
    endloop
  endfacet
  facet normal 0.14667 0.989185 0
    outer loop
      vertex 34.3683 6.33267 0
      vertex 34.5334 6.30819 -2
      vertex 34.3683 6.33267 -2
    endloop
  endfacet
  facet normal -0.42754 -0.903996 0
    outer loop
      vertex 35.3506 9.57059 -2
      vertex 35.5014 9.49927 0
      vertex 35.3506 9.57059 0
    endloop
  endfacet
  facet normal -0.42754 -0.903996 -0
    outer loop
      vertex 35.5014 9.49927 0
      vertex 35.3506 9.57059 -2
      vertex 35.5014 9.49927 -2
    endloop
  endfacet
  facet normal 0.14667 -0.989185 0
    outer loop
      vertex 34.3683 9.66733 -2
      vertex 34.5334 9.69181 0
      vertex 34.3683 9.66733 0
    endloop
  endfacet
  facet normal 0.14667 -0.989185 0
    outer loop
      vertex 34.5334 9.69181 0
      vertex 34.3683 9.66733 -2
      vertex 34.5334 9.69181 -2
    endloop
  endfacet
  facet normal -0.242987 0.97003 0
    outer loop
      vertex 35.1935 6.3732 -2
      vertex 35.0317 6.33267 0
      vertex 35.1935 6.3732 0
    endloop
  endfacet
  facet normal -0.242987 0.97003 0
    outer loop
      vertex 35.0317 6.33267 0
      vertex 35.1935 6.3732 -2
      vertex 35.0317 6.33267 -2
    endloop
  endfacet
  facet normal 0.595695 -0.803211 0
    outer loop
      vertex 33.6215 9.31412 -2
      vertex 33.7555 9.4135 0
      vertex 33.6215 9.31412 0
    endloop
  endfacet
  facet normal 0.595695 -0.803211 0
    outer loop
      vertex 33.7555 9.4135 0
      vertex 33.6215 9.31412 -2
      vertex 33.7555 9.4135 -2
    endloop
  endfacet
  facet normal 0.904054 -0.427419 0
    outer loop
      vertex 33.1294 8.65056 0
      vertex 33.2007 8.80137 -2
      vertex 33.2007 8.80137 0
    endloop
  endfacet
  facet normal 0.904054 -0.427419 0
    outer loop
      vertex 33.2007 8.80137 -2
      vertex 33.1294 8.65056 0
      vertex 33.1294 8.65056 -2
    endloop
  endfacet
  facet normal 0.42754 0.903996 -0
    outer loop
      vertex 34.0494 6.42941 -2
      vertex 33.8986 6.50073 0
      vertex 34.0494 6.42941 0
    endloop
  endfacet
  facet normal 0.42754 0.903996 0
    outer loop
      vertex 33.8986 6.50073 0
      vertex 34.0494 6.42941 -2
      vertex 33.8986 6.50073 -2
    endloop
  endfacet
  facet normal 0.595695 0.803211 -0
    outer loop
      vertex 33.7555 6.5865 -2
      vertex 33.6215 6.68588 0
      vertex 33.7555 6.5865 0
    endloop
  endfacet
  facet normal 0.595695 0.803211 0
    outer loop
      vertex 33.6215 6.68588 0
      vertex 33.7555 6.5865 -2
      vertex 33.6215 6.68588 -2
    endloop
  endfacet
  facet normal 0.904054 0.427419 0
    outer loop
      vertex 33.2007 7.19863 0
      vertex 33.1294 7.34944 -2
      vertex 33.1294 7.34944 0
    endloop
  endfacet
  facet normal 0.904054 0.427419 0
    outer loop
      vertex 33.1294 7.34944 -2
      vertex 33.2007 7.19863 0
      vertex 33.2007 7.19863 -2
    endloop
  endfacet
  facet normal -0.514099 -0.857731 0
    outer loop
      vertex 35.5014 9.49927 -2
      vertex 35.6445 9.4135 0
      vertex 35.5014 9.49927 0
    endloop
  endfacet
  facet normal -0.514099 -0.857731 -0
    outer loop
      vertex 35.6445 9.4135 0
      vertex 35.5014 9.49927 -2
      vertex 35.6445 9.4135 -2
    endloop
  endfacet
  facet normal 0.998791 0.0491513 0
    outer loop
      vertex 33.0082 7.83337 0
      vertex 33 8 -2
      vertex 33 8 0
    endloop
  endfacet
  facet normal 0.998791 0.0491513 0
    outer loop
      vertex 33 8 -2
      vertex 33.0082 7.83337 0
      vertex 33.0082 7.83337 -2
    endloop
  endfacet
  facet normal -0.595695 -0.803211 0
    outer loop
      vertex 35.6445 9.4135 -2
      vertex 35.7785 9.31412 0
      vertex 35.6445 9.4135 0
    endloop
  endfacet
  facet normal -0.595695 -0.803211 -0
    outer loop
      vertex 35.7785 9.31412 0
      vertex 35.6445 9.4135 -2
      vertex 35.7785 9.31412 -2
    endloop
  endfacet
  facet normal -0.970083 0.242775 0
    outer loop
      vertex 36.3268 7.50652 -2
      vertex 36.3673 7.66835 0
      vertex 36.3673 7.66835 -2
    endloop
  endfacet
  facet normal -0.970083 0.242775 0
    outer loop
      vertex 36.3673 7.66835 0
      vertex 36.3268 7.50652 -2
      vertex 36.3268 7.50652 0
    endloop
  endfacet
  facet normal 0.941552 0.336868 0
    outer loop
      vertex 33.1294 7.34944 0
      vertex 33.0732 7.50652 -2
      vertex 33.0732 7.50652 0
    endloop
  endfacet
  facet normal 0.941552 0.336868 0
    outer loop
      vertex 33.0732 7.50652 -2
      vertex 33.1294 7.34944 0
      vertex 33.1294 7.34944 -2
    endloop
  endfacet
  facet normal -0.242987 -0.97003 0
    outer loop
      vertex 35.0317 9.66733 -2
      vertex 35.1935 9.6268 0
      vertex 35.0317 9.66733 0
    endloop
  endfacet
  facet normal -0.242987 -0.97003 -0
    outer loop
      vertex 35.1935 9.6268 0
      vertex 35.0317 9.66733 -2
      vertex 35.1935 9.6268 -2
    endloop
  endfacet
  facet normal 0.741051 -0.671448 0
    outer loop
      vertex 33.3859 9.07847 0
      vertex 33.4979 9.20208 -2
      vertex 33.4979 9.20208 0
    endloop
  endfacet
  facet normal 0.741051 -0.671448 0
    outer loop
      vertex 33.4979 9.20208 -2
      vertex 33.3859 9.07847 0
      vertex 33.3859 9.07847 -2
    endloop
  endfacet
  facet normal -0.0491004 0.998794 0
    outer loop
      vertex 34.8666 6.30819 -2
      vertex 34.7 6.3 0
      vertex 34.8666 6.30819 0
    endloop
  endfacet
  facet normal -0.0491004 0.998794 0
    outer loop
      vertex 34.7 6.3 0
      vertex 34.8666 6.30819 -2
      vertex 34.7 6.3 -2
    endloop
  endfacet
  facet normal -0.803154 -0.595772 0
    outer loop
      vertex 36.1135 8.94447 -2
      vertex 36.0141 9.07847 0
      vertex 36.0141 9.07847 -2
    endloop
  endfacet
  facet normal -0.803154 -0.595772 0
    outer loop
      vertex 36.0141 9.07847 0
      vertex 36.1135 8.94447 -2
      vertex 36.1135 8.94447 0
    endloop
  endfacet
  facet normal 0.970083 0.242775 0
    outer loop
      vertex 33.0732 7.50652 0
      vertex 33.0327 7.66835 -2
      vertex 33.0327 7.66835 0
    endloop
  endfacet
  facet normal 0.970083 0.242775 0
    outer loop
      vertex 33.0327 7.66835 -2
      vertex 33.0732 7.50652 0
      vertex 33.0732 7.50652 -2
    endloop
  endfacet
  facet normal -0.989158 0.146857 0
    outer loop
      vertex 36.3673 7.66835 -2
      vertex 36.3918 7.83337 0
      vertex 36.3918 7.83337 -2
    endloop
  endfacet
  facet normal -0.989158 0.146857 0
    outer loop
      vertex 36.3918 7.83337 0
      vertex 36.3673 7.66835 -2
      vertex 36.3673 7.66835 0
    endloop
  endfacet
  facet normal -0.514099 0.857731 0
    outer loop
      vertex 35.6445 6.5865 -2
      vertex 35.5014 6.50073 0
      vertex 35.6445 6.5865 0
    endloop
  endfacet
  facet normal -0.514099 0.857731 0
    outer loop
      vertex 35.5014 6.50073 0
      vertex 35.6445 6.5865 -2
      vertex 35.5014 6.50073 -2
    endloop
  endfacet
  facet normal 0.941552 -0.336868 0
    outer loop
      vertex 33.0732 8.49348 0
      vertex 33.1294 8.65056 -2
      vertex 33.1294 8.65056 0
    endloop
  endfacet
  facet normal 0.941552 -0.336868 0
    outer loop
      vertex 33.1294 8.65056 -2
      vertex 33.0732 8.49348 0
      vertex 33.0732 8.49348 -2
    endloop
  endfacet
  facet normal 0.989158 -0.146857 0
    outer loop
      vertex 33.0082 8.16663 0
      vertex 33.0327 8.33165 -2
      vertex 33.0327 8.33165 0
    endloop
  endfacet
  facet normal 0.989158 -0.146857 0
    outer loop
      vertex 33.0327 8.33165 -2
      vertex 33.0082 8.16663 0
      vertex 33.0082 8.16663 -2
    endloop
  endfacet
  facet normal -0.904054 0.427419 0
    outer loop
      vertex 36.1993 7.19863 -2
      vertex 36.2706 7.34944 0
      vertex 36.2706 7.34944 -2
    endloop
  endfacet
  facet normal -0.904054 0.427419 0
    outer loop
      vertex 36.2706 7.34944 0
      vertex 36.1993 7.19863 -2
      vertex 36.1993 7.19863 0
    endloop
  endfacet
  facet normal -0.998791 0.0491513 0
    outer loop
      vertex 36.3918 7.83337 -2
      vertex 36.4 8 0
      vertex 36.4 8 -2
    endloop
  endfacet
  facet normal -0.998791 0.0491513 0
    outer loop
      vertex 36.4 8 0
      vertex 36.3918 7.83337 -2
      vertex 36.3918 7.83337 0
    endloop
  endfacet
  facet normal -0.14667 0.989185 0
    outer loop
      vertex 35.0317 6.33267 -2
      vertex 34.8666 6.30819 0
      vertex 35.0317 6.33267 0
    endloop
  endfacet
  facet normal -0.14667 0.989185 0
    outer loop
      vertex 34.8666 6.30819 0
      vertex 35.0317 6.33267 -2
      vertex 34.8666 6.30819 -2
    endloop
  endfacet
  facet normal -0.941552 -0.336868 0
    outer loop
      vertex 36.3268 8.49348 -2
      vertex 36.2706 8.65056 0
      vertex 36.2706 8.65056 -2
    endloop
  endfacet
  facet normal -0.941552 -0.336868 0
    outer loop
      vertex 36.2706 8.65056 0
      vertex 36.3268 8.49348 -2
      vertex 36.3268 8.49348 0
    endloop
  endfacet
  facet normal -0.803154 0.595772 0
    outer loop
      vertex 36.0141 6.92153 -2
      vertex 36.1135 7.05553 0
      vertex 36.1135 7.05553 -2
    endloop
  endfacet
  facet normal -0.803154 0.595772 0
    outer loop
      vertex 36.1135 7.05553 0
      vertex 36.0141 6.92153 -2
      vertex 36.0141 6.92153 0
    endloop
  endfacet
  facet normal -0.857652 0.514231 0
    outer loop
      vertex 36.1135 7.05553 -2
      vertex 36.1993 7.19863 0
      vertex 36.1993 7.19863 -2
    endloop
  endfacet
  facet normal -0.857652 0.514231 0
    outer loop
      vertex 36.1993 7.19863 0
      vertex 36.1135 7.05553 -2
      vertex 36.1135 7.05553 0
    endloop
  endfacet
  facet normal 0.242987 -0.97003 0
    outer loop
      vertex 34.2065 9.6268 -2
      vertex 34.3683 9.66733 0
      vertex 34.2065 9.6268 0
    endloop
  endfacet
  facet normal 0.242987 -0.97003 0
    outer loop
      vertex 34.3683 9.66733 0
      vertex 34.2065 9.6268 -2
      vertex 34.3683 9.66733 -2
    endloop
  endfacet
  facet normal -0.941552 0.336868 0
    outer loop
      vertex 36.2706 7.34944 -2
      vertex 36.3268 7.50652 0
      vertex 36.3268 7.50652 -2
    endloop
  endfacet
  facet normal -0.941552 0.336868 0
    outer loop
      vertex 36.3268 7.50652 0
      vertex 36.2706 7.34944 -2
      vertex 36.2706 7.34944 0
    endloop
  endfacet
  facet normal -0.0491004 -0.998794 0
    outer loop
      vertex 34.7 9.7 -2
      vertex 34.8666 9.69181 0
      vertex 34.7 9.7 0
    endloop
  endfacet
  facet normal -0.0491004 -0.998794 -0
    outer loop
      vertex 34.8666 9.69181 0
      vertex 34.7 9.7 -2
      vertex 34.8666 9.69181 -2
    endloop
  endfacet
  facet normal 0.514099 -0.857731 0
    outer loop
      vertex 33.7555 9.4135 -2
      vertex 33.8986 9.49927 0
      vertex 33.7555 9.4135 0
    endloop
  endfacet
  facet normal 0.514099 -0.857731 0
    outer loop
      vertex 33.8986 9.49927 0
      vertex 33.7555 9.4135 -2
      vertex 33.8986 9.49927 -2
    endloop
  endfacet
  facet normal -0.904054 -0.427419 0
    outer loop
      vertex 36.2706 8.65056 -2
      vertex 36.1993 8.80137 0
      vertex 36.1993 8.80137 -2
    endloop
  endfacet
  facet normal -0.904054 -0.427419 0
    outer loop
      vertex 36.1993 8.80137 0
      vertex 36.2706 8.65056 -2
      vertex 36.2706 8.65056 0
    endloop
  endfacet
  facet normal -0.14667 -0.989185 0
    outer loop
      vertex 34.8666 9.69181 -2
      vertex 35.0317 9.66733 0
      vertex 34.8666 9.69181 0
    endloop
  endfacet
  facet normal -0.14667 -0.989185 -0
    outer loop
      vertex 35.0317 9.66733 0
      vertex 34.8666 9.69181 -2
      vertex 35.0317 9.66733 -2
    endloop
  endfacet
  facet normal 0.242987 0.97003 -0
    outer loop
      vertex 34.3683 6.33267 -2
      vertex 34.2065 6.3732 0
      vertex 34.3683 6.33267 0
    endloop
  endfacet
  facet normal 0.242987 0.97003 0
    outer loop
      vertex 34.2065 6.3732 0
      vertex 34.3683 6.33267 -2
      vertex 34.2065 6.3732 -2
    endloop
  endfacet
  facet normal 0.857652 0.514231 0
    outer loop
      vertex 33.2865 7.05553 0
      vertex 33.2007 7.19863 -2
      vertex 33.2007 7.19863 0
    endloop
  endfacet
  facet normal 0.857652 0.514231 0
    outer loop
      vertex 33.2007 7.19863 -2
      vertex 33.2865 7.05553 0
      vertex 33.2865 7.05553 -2
    endloop
  endfacet
  facet normal -0.857652 -0.514231 0
    outer loop
      vertex 36.1993 8.80137 -2
      vertex 36.1135 8.94447 0
      vertex 36.1135 8.94447 -2
    endloop
  endfacet
  facet normal -0.857652 -0.514231 0
    outer loop
      vertex 36.1135 8.94447 0
      vertex 36.1993 8.80137 -2
      vertex 36.1993 8.80137 0
    endloop
  endfacet
  facet normal 0.336883 -0.941546 0
    outer loop
      vertex 34.0494 9.57059 -2
      vertex 34.2065 9.6268 0
      vertex 34.0494 9.57059 0
    endloop
  endfacet
  facet normal 0.336883 -0.941546 0
    outer loop
      vertex 34.2065 9.6268 0
      vertex 34.0494 9.57059 -2
      vertex 34.2065 9.6268 -2
    endloop
  endfacet
  facet normal 0.741051 0.671448 0
    outer loop
      vertex 33.4979 6.79792 0
      vertex 33.3859 6.92153 -2
      vertex 33.3859 6.92153 0
    endloop
  endfacet
  facet normal 0.741051 0.671448 0
    outer loop
      vertex 33.3859 6.92153 -2
      vertex 33.4979 6.79792 0
      vertex 33.4979 6.79792 -2
    endloop
  endfacet
  facet normal 0.67161 -0.740905 0
    outer loop
      vertex 33.4979 9.20208 -2
      vertex 33.6215 9.31412 0
      vertex 33.4979 9.20208 0
    endloop
  endfacet
  facet normal 0.67161 -0.740905 0
    outer loop
      vertex 33.6215 9.31412 0
      vertex 33.4979 9.20208 -2
      vertex 33.6215 9.31412 -2
    endloop
  endfacet
  facet normal -0.336883 -0.941546 0
    outer loop
      vertex 35.1935 9.6268 -2
      vertex 35.3506 9.57059 0
      vertex 35.1935 9.6268 0
    endloop
  endfacet
  facet normal -0.336883 -0.941546 -0
    outer loop
      vertex 35.3506 9.57059 0
      vertex 35.1935 9.6268 -2
      vertex 35.3506 9.57059 -2
    endloop
  endfacet
  facet normal 0.514099 0.857731 -0
    outer loop
      vertex 33.8986 6.50073 -2
      vertex 33.7555 6.5865 0
      vertex 33.8986 6.50073 0
    endloop
  endfacet
  facet normal 0.514099 0.857731 0
    outer loop
      vertex 33.7555 6.5865 0
      vertex 33.8986 6.50073 -2
      vertex 33.7555 6.5865 -2
    endloop
  endfacet
  facet normal 0.970083 -0.242775 0
    outer loop
      vertex 33.0327 8.33165 0
      vertex 33.0732 8.49348 -2
      vertex 33.0732 8.49348 0
    endloop
  endfacet
  facet normal 0.970083 -0.242775 0
    outer loop
      vertex 33.0732 8.49348 -2
      vertex 33.0327 8.33165 0
      vertex 33.0327 8.33165 -2
    endloop
  endfacet
  facet normal -0.67161 -0.740905 0
    outer loop
      vertex 35.7785 9.31412 -2
      vertex 35.9021 9.20208 0
      vertex 35.7785 9.31412 0
    endloop
  endfacet
  facet normal -0.67161 -0.740905 -0
    outer loop
      vertex 35.9021 9.20208 0
      vertex 35.7785 9.31412 -2
      vertex 35.9021 9.20208 -2
    endloop
  endfacet
  facet normal -0.336883 0.941546 0
    outer loop
      vertex 35.3506 6.42941 -2
      vertex 35.1935 6.3732 0
      vertex 35.3506 6.42941 0
    endloop
  endfacet
  facet normal -0.336883 0.941546 0
    outer loop
      vertex 35.1935 6.3732 0
      vertex 35.3506 6.42941 -2
      vertex 35.1935 6.3732 -2
    endloop
  endfacet
  facet normal 0.803154 0.595772 0
    outer loop
      vertex 33.3859 6.92153 0
      vertex 33.2865 7.05553 -2
      vertex 33.2865 7.05553 0
    endloop
  endfacet
  facet normal 0.803154 0.595772 0
    outer loop
      vertex 33.2865 7.05553 -2
      vertex 33.3859 6.92153 0
      vertex 33.3859 6.92153 -2
    endloop
  endfacet
  facet normal 0.989158 0.146857 0
    outer loop
      vertex 33.0327 7.66835 0
      vertex 33.0082 7.83337 -2
      vertex 33.0082 7.83337 0
    endloop
  endfacet
  facet normal 0.989158 0.146857 0
    outer loop
      vertex 33.0082 7.83337 -2
      vertex 33.0327 7.66835 0
      vertex 33.0327 7.66835 -2
    endloop
  endfacet
  facet normal -0.595695 0.803211 0
    outer loop
      vertex 35.7785 6.68588 -2
      vertex 35.6445 6.5865 0
      vertex 35.7785 6.68588 0
    endloop
  endfacet
  facet normal -0.595695 0.803211 0
    outer loop
      vertex 35.6445 6.5865 0
      vertex 35.7785 6.68588 -2
      vertex 35.6445 6.5865 -2
    endloop
  endfacet
  facet normal 0.67161 0.740905 -0
    outer loop
      vertex 33.6215 6.68588 -2
      vertex 33.4979 6.79792 0
      vertex 33.6215 6.68588 0
    endloop
  endfacet
  facet normal 0.67161 0.740905 0
    outer loop
      vertex 33.4979 6.79792 0
      vertex 33.6215 6.68588 -2
      vertex 33.4979 6.79792 -2
    endloop
  endfacet
  facet normal 0.803154 -0.595772 0
    outer loop
      vertex 33.2865 8.94447 0
      vertex 33.3859 9.07847 -2
      vertex 33.3859 9.07847 0
    endloop
  endfacet
  facet normal 0.803154 -0.595772 0
    outer loop
      vertex 33.3859 9.07847 -2
      vertex 33.2865 8.94447 0
      vertex 33.2865 8.94447 -2
    endloop
  endfacet
  facet normal 0.857652 -0.514231 0
    outer loop
      vertex 33.2007 8.80137 0
      vertex 33.2865 8.94447 -2
      vertex 33.2865 8.94447 0
    endloop
  endfacet
  facet normal 0.857652 -0.514231 0
    outer loop
      vertex 33.2865 8.94447 -2
      vertex 33.2007 8.80137 0
      vertex 33.2007 8.80137 -2
    endloop
  endfacet
  facet normal 0.0491004 0.998794 -0
    outer loop
      vertex 34.7 6.3 -2
      vertex 34.5334 6.30819 0
      vertex 34.7 6.3 0
    endloop
  endfacet
  facet normal 0.0491004 0.998794 0
    outer loop
      vertex 34.5334 6.30819 0
      vertex 34.7 6.3 -2
      vertex 34.5334 6.30819 -2
    endloop
  endfacet
  facet normal 0.998791 -0.0491513 0
    outer loop
      vertex 33 8 0
      vertex 33.0082 8.16663 -2
      vertex 33.0082 8.16663 0
    endloop
  endfacet
  facet normal 0.998791 -0.0491513 0
    outer loop
      vertex 33.0082 8.16663 -2
      vertex 33 8 0
      vertex 33 8 -2
    endloop
  endfacet
  facet normal 0.336883 0.941546 -0
    outer loop
      vertex 34.2065 6.3732 -2
      vertex 34.0494 6.42941 0
      vertex 34.2065 6.3732 0
    endloop
  endfacet
  facet normal 0.336883 0.941546 0
    outer loop
      vertex 34.0494 6.42941 0
      vertex 34.2065 6.3732 -2
      vertex 34.0494 6.42941 -2
    endloop
  endfacet
  facet normal -0.741051 0.671448 0
    outer loop
      vertex 35.9021 6.79792 -2
      vertex 36.0141 6.92153 0
      vertex 36.0141 6.92153 -2
    endloop
  endfacet
  facet normal -0.741051 0.671448 0
    outer loop
      vertex 36.0141 6.92153 0
      vertex 35.9021 6.79792 -2
      vertex 35.9021 6.79792 0
    endloop
  endfacet
  facet normal -0.67161 0.740905 0
    outer loop
      vertex 35.9021 6.79792 -2
      vertex 35.7785 6.68588 0
      vertex 35.9021 6.79792 0
    endloop
  endfacet
  facet normal -0.67161 0.740905 0
    outer loop
      vertex 35.7785 6.68588 0
      vertex 35.9021 6.79792 -2
      vertex 35.7785 6.68588 -2
    endloop
  endfacet
  facet normal 0 1 -0
    outer loop
      vertex 36.3454 5.15 -4.6
      vertex 33.0546 5.15 -2
      vertex 36.3454 5.15 -2
    endloop
  endfacet
  facet normal 0 1 0
    outer loop
      vertex 33.0546 5.15 -2
      vertex 36.3454 5.15 -4.6
      vertex 33.0546 5.15 -4.6
    endloop
  endfacet
  facet normal -0.866019 0.500012 0
    outer loop
      vertex 36.3454 5.15 -4.6
      vertex 37.9909 8 -2
      vertex 37.9909 8 -4.6
    endloop
  endfacet
  facet normal -0.866019 0.500012 0
    outer loop
      vertex 37.9909 8 -2
      vertex 36.3454 5.15 -4.6
      vertex 36.3454 5.15 -2
    endloop
  endfacet
  facet normal 0 -1 0
    outer loop
      vertex 33.0546 10.85 -4.6
      vertex 36.3454 10.85 -2
      vertex 33.0546 10.85 -2
    endloop
  endfacet
  facet normal 0 -1 -0
    outer loop
      vertex 36.3454 10.85 -2
      vertex 33.0546 10.85 -4.6
      vertex 36.3454 10.85 -4.6
    endloop
  endfacet
  facet normal -0.866019 -0.500012 0
    outer loop
      vertex 37.9909 8 -4.6
      vertex 36.3454 10.85 -2
      vertex 36.3454 10.85 -4.6
    endloop
  endfacet
  facet normal -0.866019 -0.500012 0
    outer loop
      vertex 36.3454 10.85 -2
      vertex 37.9909 8 -4.6
      vertex 37.9909 8 -2
    endloop
  endfacet
  facet normal 0.866019 -0.500012 0
    outer loop
      vertex 31.4091 8 -2
      vertex 33.0546 10.85 -4.6
      vertex 33.0546 10.85 -2
    endloop
  endfacet
  facet normal 0.866019 -0.500012 0
    outer loop
      vertex 33.0546 10.85 -4.6
      vertex 31.4091 8 -2
      vertex 31.4091 8 -4.6
    endloop
  endfacet
  facet normal 0.866019 0.500012 0
    outer loop
      vertex 33.0546 5.15 -2
      vertex 31.4091 8 -4.6
      vertex 31.4091 8 -2
    endloop
  endfacet
  facet normal 0.866019 0.500012 0
    outer loop
      vertex 31.4091 8 -4.6
      vertex 33.0546 5.15 -2
      vertex 33.0546 5.15 -4.6
    endloop
  endfacet
  facet normal -0 0 -1
    outer loop
      vertex 37.9909 8 -2
      vertex 36.3918 7.83337 -2
      vertex 36.4 8 -2
    endloop
  endfacet
  facet normal 0 0 -1
    outer loop
      vertex 37.9909 8 -2
      vertex 36.3673 7.66835 -2
      vertex 36.3918 7.83337 -2
    endloop
  endfacet
  facet normal 0 0 -1
    outer loop
      vertex 36.1993 7.19863 -2
      vertex 37.9909 8 -2
      vertex 36.3454 5.15 -2
    endloop
  endfacet
  facet normal 0 0 -1
    outer loop
      vertex 37.9909 8 -2
      vertex 36.3268 7.50652 -2
      vertex 36.3673 7.66835 -2
    endloop
  endfacet
  facet normal 0 0 -1
    outer loop
      vertex 37.9909 8 -2
      vertex 36.2706 7.34944 -2
      vertex 36.3268 7.50652 -2
    endloop
  endfacet
  facet normal 0 0 -1
    outer loop
      vertex 37.9909 8 -2
      vertex 36.1993 7.19863 -2
      vertex 36.2706 7.34944 -2
    endloop
  endfacet
  facet normal 0 0 -1
    outer loop
      vertex 36.3454 5.15 -2
      vertex 36.1135 7.05553 -2
      vertex 36.1993 7.19863 -2
    endloop
  endfacet
  facet normal 0 0 -1
    outer loop
      vertex 36.3454 5.15 -2
      vertex 36.0141 6.92153 -2
      vertex 36.1135 7.05553 -2
    endloop
  endfacet
  facet normal 0 0 -1
    outer loop
      vertex 36.3454 5.15 -2
      vertex 35.9021 6.79792 -2
      vertex 36.0141 6.92153 -2
    endloop
  endfacet
  facet normal 0 0 -1
    outer loop
      vertex 36.3454 5.15 -2
      vertex 35.7785 6.68588 -2
      vertex 35.9021 6.79792 -2
    endloop
  endfacet
  facet normal 0 0 -1
    outer loop
      vertex 36.3454 5.15 -2
      vertex 35.6445 6.5865 -2
      vertex 35.7785 6.68588 -2
    endloop
  endfacet
  facet normal 0 0 -1
    outer loop
      vertex 36.3454 5.15 -2
      vertex 35.5014 6.50073 -2
      vertex 35.6445 6.5865 -2
    endloop
  endfacet
  facet normal 0 0 -1
    outer loop
      vertex 36.3454 5.15 -2
      vertex 35.3506 6.42941 -2
      vertex 35.5014 6.50073 -2
    endloop
  endfacet
  facet normal 0 0 -1
    outer loop
      vertex 36.3454 5.15 -2
      vertex 35.1935 6.3732 -2
      vertex 35.3506 6.42941 -2
    endloop
  endfacet
  facet normal 0 0 -1
    outer loop
      vertex 36.3454 5.15 -2
      vertex 35.0317 6.33267 -2
      vertex 35.1935 6.3732 -2
    endloop
  endfacet
  facet normal 0 0 -1
    outer loop
      vertex 36.3454 5.15 -2
      vertex 34.8666 6.30819 -2
      vertex 35.0317 6.33267 -2
    endloop
  endfacet
  facet normal 0 0 -1
    outer loop
      vertex 36.3454 5.15 -2
      vertex 34.7 6.3 -2
      vertex 34.8666 6.30819 -2
    endloop
  endfacet
  facet normal 0 0 -1
    outer loop
      vertex 33.0546 5.15 -2
      vertex 34.7 6.3 -2
      vertex 36.3454 5.15 -2
    endloop
  endfacet
  facet normal -0 0 -1
    outer loop
      vertex 34.7 6.3 -2
      vertex 33.0546 5.15 -2
      vertex 34.5334 6.30819 -2
    endloop
  endfacet
  facet normal -0 0 -1
    outer loop
      vertex 34.5334 6.30819 -2
      vertex 33.0546 5.15 -2
      vertex 34.3683 6.33267 -2
    endloop
  endfacet
  facet normal -0 0 -1
    outer loop
      vertex 34.3683 6.33267 -2
      vertex 33.0546 5.15 -2
      vertex 34.2065 6.3732 -2
    endloop
  endfacet
  facet normal -0 0 -1
    outer loop
      vertex 34.2065 6.3732 -2
      vertex 33.0546 5.15 -2
      vertex 34.0494 6.42941 -2
    endloop
  endfacet
  facet normal -0 0 -1
    outer loop
      vertex 34.0494 6.42941 -2
      vertex 33.0546 5.15 -2
      vertex 33.8986 6.50073 -2
    endloop
  endfacet
  facet normal 0 0 -1
    outer loop
      vertex 33.0546 5.15 -2
      vertex 33.7555 6.5865 -2
      vertex 33.8986 6.50073 -2
    endloop
  endfacet
  facet normal 0 0 -1
    outer loop
      vertex 33.0546 5.15 -2
      vertex 33.6215 6.68588 -2
      vertex 33.7555 6.5865 -2
    endloop
  endfacet
  facet normal 0 0 -1
    outer loop
      vertex 33.0546 5.15 -2
      vertex 33.4979 6.79792 -2
      vertex 33.6215 6.68588 -2
    endloop
  endfacet
  facet normal 0 0 -1
    outer loop
      vertex 33.0546 5.15 -2
      vertex 33.3859 6.92153 -2
      vertex 33.4979 6.79792 -2
    endloop
  endfacet
  facet normal 0 0 -1
    outer loop
      vertex 33.0546 5.15 -2
      vertex 33.2865 7.05553 -2
      vertex 33.3859 6.92153 -2
    endloop
  endfacet
  facet normal 0 0 -1
    outer loop
      vertex 33.0546 5.15 -2
      vertex 33.2007 7.19863 -2
      vertex 33.2865 7.05553 -2
    endloop
  endfacet
  facet normal 0 0 -1
    outer loop
      vertex 31.4091 8 -2
      vertex 33.2007 7.19863 -2
      vertex 33.0546 5.15 -2
    endloop
  endfacet
  facet normal 0 0 -1
    outer loop
      vertex 33.2007 7.19863 -2
      vertex 31.4091 8 -2
      vertex 33.1294 7.34944 -2
    endloop
  endfacet
  facet normal 0 0 -1
    outer loop
      vertex 33.1294 7.34944 -2
      vertex 31.4091 8 -2
      vertex 33.0732 7.50652 -2
    endloop
  endfacet
  facet normal 0 0 -1
    outer loop
      vertex 33.0732 7.50652 -2
      vertex 31.4091 8 -2
      vertex 33.0327 7.66835 -2
    endloop
  endfacet
  facet normal 0 0 -1
    outer loop
      vertex 33.0327 7.66835 -2
      vertex 31.4091 8 -2
      vertex 33.0082 7.83337 -2
    endloop
  endfacet
  facet normal 0 0 -1
    outer loop
      vertex 33.0082 7.83337 -2
      vertex 31.4091 8 -2
      vertex 33 8 -2
    endloop
  endfacet
  facet normal 0 0 -1
    outer loop
      vertex 36.3918 8.16663 -2
      vertex 37.9909 8 -2
      vertex 36.4 8 -2
    endloop
  endfacet
  facet normal 0 0 -1
    outer loop
      vertex 36.3673 8.33165 -2
      vertex 37.9909 8 -2
      vertex 36.3918 8.16663 -2
    endloop
  endfacet
  facet normal 0 0 -1
    outer loop
      vertex 36.3268 8.49348 -2
      vertex 37.9909 8 -2
      vertex 36.3673 8.33165 -2
    endloop
  endfacet
  facet normal 0 0 -1
    outer loop
      vertex 36.2706 8.65056 -2
      vertex 37.9909 8 -2
      vertex 36.3268 8.49348 -2
    endloop
  endfacet
  facet normal 0 0 -1
    outer loop
      vertex 36.1993 8.80137 -2
      vertex 37.9909 8 -2
      vertex 36.2706 8.65056 -2
    endloop
  endfacet
  facet normal 0 0 -1
    outer loop
      vertex 37.9909 8 -2
      vertex 36.1993 8.80137 -2
      vertex 36.3454 10.85 -2
    endloop
  endfacet
  facet normal 0 0 -1
    outer loop
      vertex 36.1135 8.94447 -2
      vertex 36.3454 10.85 -2
      vertex 36.1993 8.80137 -2
    endloop
  endfacet
  facet normal 0 0 -1
    outer loop
      vertex 36.0141 9.07847 -2
      vertex 36.3454 10.85 -2
      vertex 36.1135 8.94447 -2
    endloop
  endfacet
  facet normal 0 0 -1
    outer loop
      vertex 35.9021 9.20208 -2
      vertex 36.3454 10.85 -2
      vertex 36.0141 9.07847 -2
    endloop
  endfacet
  facet normal 0 0 -1
    outer loop
      vertex 35.7785 9.31412 -2
      vertex 36.3454 10.85 -2
      vertex 35.9021 9.20208 -2
    endloop
  endfacet
  facet normal 0 0 -1
    outer loop
      vertex 35.6445 9.4135 -2
      vertex 36.3454 10.85 -2
      vertex 35.7785 9.31412 -2
    endloop
  endfacet
  facet normal 0 0 -1
    outer loop
      vertex 35.5014 9.49927 -2
      vertex 36.3454 10.85 -2
      vertex 35.6445 9.4135 -2
    endloop
  endfacet
  facet normal 0 0 -1
    outer loop
      vertex 35.3506 9.57059 -2
      vertex 36.3454 10.85 -2
      vertex 35.5014 9.49927 -2
    endloop
  endfacet
  facet normal 0 0 -1
    outer loop
      vertex 35.1935 9.6268 -2
      vertex 36.3454 10.85 -2
      vertex 35.3506 9.57059 -2
    endloop
  endfacet
  facet normal 0 0 -1
    outer loop
      vertex 35.0317 9.66733 -2
      vertex 36.3454 10.85 -2
      vertex 35.1935 9.6268 -2
    endloop
  endfacet
  facet normal 0 0 -1
    outer loop
      vertex 34.8666 9.69181 -2
      vertex 36.3454 10.85 -2
      vertex 35.0317 9.66733 -2
    endloop
  endfacet
  facet normal 0 0 -1
    outer loop
      vertex 34.7 9.7 -2
      vertex 36.3454 10.85 -2
      vertex 34.8666 9.69181 -2
    endloop
  endfacet
  facet normal 0 0 -1
    outer loop
      vertex 33.0546 10.85 -2
      vertex 34.7 9.7 -2
      vertex 34.5334 9.69181 -2
    endloop
  endfacet
  facet normal 0 0 -1
    outer loop
      vertex 33.0546 10.85 -2
      vertex 34.5334 9.69181 -2
      vertex 34.3683 9.66733 -2
    endloop
  endfacet
  facet normal 0 0 -1
    outer loop
      vertex 33.0546 10.85 -2
      vertex 34.3683 9.66733 -2
      vertex 34.2065 9.6268 -2
    endloop
  endfacet
  facet normal 0 0 -1
    outer loop
      vertex 33.0546 10.85 -2
      vertex 34.2065 9.6268 -2
      vertex 34.0494 9.57059 -2
    endloop
  endfacet
  facet normal 0 0 -1
    outer loop
      vertex 33.0546 10.85 -2
      vertex 34.0494 9.57059 -2
      vertex 33.8986 9.49927 -2
    endloop
  endfacet
  facet normal 0 0 -1
    outer loop
      vertex 34.7 9.7 -2
      vertex 33.0546 10.85 -2
      vertex 36.3454 10.85 -2
    endloop
  endfacet
  facet normal 0 0 -1
    outer loop
      vertex 33.7555 9.4135 -2
      vertex 33.0546 10.85 -2
      vertex 33.8986 9.49927 -2
    endloop
  endfacet
  facet normal 0 0 -1
    outer loop
      vertex 33.6215 9.31412 -2
      vertex 33.0546 10.85 -2
      vertex 33.7555 9.4135 -2
    endloop
  endfacet
  facet normal 0 0 -1
    outer loop
      vertex 33.4979 9.20208 -2
      vertex 33.0546 10.85 -2
      vertex 33.6215 9.31412 -2
    endloop
  endfacet
  facet normal 0 0 -1
    outer loop
      vertex 33.3859 9.07847 -2
      vertex 33.0546 10.85 -2
      vertex 33.4979 9.20208 -2
    endloop
  endfacet
  facet normal 0 0 -1
    outer loop
      vertex 33.2865 8.94447 -2
      vertex 33.0546 10.85 -2
      vertex 33.3859 9.07847 -2
    endloop
  endfacet
  facet normal 0 0 -1
    outer loop
      vertex 33.2007 8.80137 -2
      vertex 33.0546 10.85 -2
      vertex 33.2865 8.94447 -2
    endloop
  endfacet
  facet normal 0 0 -1
    outer loop
      vertex 31.4091 8 -2
      vertex 33.2007 8.80137 -2
      vertex 33.1294 8.65056 -2
    endloop
  endfacet
  facet normal 0 0 -1
    outer loop
      vertex 31.4091 8 -2
      vertex 33.1294 8.65056 -2
      vertex 33.0732 8.49348 -2
    endloop
  endfacet
  facet normal 0 0 -1
    outer loop
      vertex 31.4091 8 -2
      vertex 33.0732 8.49348 -2
      vertex 33.0327 8.33165 -2
    endloop
  endfacet
  facet normal 0 0 -1
    outer loop
      vertex 31.4091 8 -2
      vertex 33.0327 8.33165 -2
      vertex 33.0082 8.16663 -2
    endloop
  endfacet
  facet normal 0 0 -1
    outer loop
      vertex 31.4091 8 -2
      vertex 33.0082 8.16663 -2
      vertex 33 8 -2
    endloop
  endfacet
  facet normal -0 0 -1
    outer loop
      vertex 33.2007 8.80137 -2
      vertex 31.4091 8 -2
      vertex 33.0546 10.85 -2
    endloop
  endfacet
  facet normal 1 -0 0
    outer loop
      vertex 41.7 -41.7 0
      vertex 41.7 41.7 -4.6
      vertex 41.7 41.7 0
    endloop
  endfacet
  facet normal 1 0 0
    outer loop
      vertex 41.7 41.7 -4.6
      vertex 41.7 -41.7 0
      vertex 41.7 -41.7 -4.6
    endloop
  endfacet
  facet normal -0 0 1
    outer loop
      vertex -33.0732 34.2065 0
      vertex -27.7 27.7 0
      vertex -33.0327 34.3683 0
    endloop
  endfacet
  facet normal 0 0 1
    outer loop
      vertex -27.7 -27.7 0
      vertex -33.0082 -34.5334 0
      vertex -33 -34.7 0
    endloop
  endfacet
  facet normal -0 0 1
    outer loop
      vertex -33.1294 34.0494 0
      vertex -27.7 27.7 0
      vertex -33.0732 34.2065 0
    endloop
  endfacet
  facet normal 0 0 1
    outer loop
      vertex -27.7 -27.7 0
      vertex -33.0327 -34.3683 0
      vertex -33.0082 -34.5334 0
    endloop
  endfacet
  facet normal -0 0 1
    outer loop
      vertex -33.2007 33.8986 0
      vertex -27.7 27.7 0
      vertex -33.1294 34.0494 0
    endloop
  endfacet
  facet normal 0 0 1
    outer loop
      vertex -27.7 -27.7 0
      vertex -33.0732 -34.2065 0
      vertex -33.0327 -34.3683 0
    endloop
  endfacet
  facet normal -0 0 1
    outer loop
      vertex -33.2865 33.7555 0
      vertex -27.7 27.7 0
      vertex -33.2007 33.8986 0
    endloop
  endfacet
  facet normal 0 0 1
    outer loop
      vertex -27.7 -27.7 0
      vertex -33.1294 -34.0494 0
      vertex -33.0732 -34.2065 0
    endloop
  endfacet
  facet normal -0 0 1
    outer loop
      vertex -33.3859 33.6215 0
      vertex -27.7 27.7 0
      vertex -33.2865 33.7555 0
    endloop
  endfacet
  facet normal 0 0 1
    outer loop
      vertex -27.7 -27.7 0
      vertex -33.2007 -33.8986 0
      vertex -33.1294 -34.0494 0
    endloop
  endfacet
  facet normal -0 0 1
    outer loop
      vertex -33.4979 33.4979 0
      vertex -27.7 27.7 0
      vertex -33.3859 33.6215 0
    endloop
  endfacet
  facet normal 0 0 1
    outer loop
      vertex -27.7 -27.7 0
      vertex -33.2865 -33.7555 0
      vertex -33.2007 -33.8986 0
    endloop
  endfacet
  facet normal -0 0 1
    outer loop
      vertex -33.6215 33.3859 0
      vertex -27.7 27.7 0
      vertex -33.4979 33.4979 0
    endloop
  endfacet
  facet normal 0 0 1
    outer loop
      vertex -27.7 -27.7 0
      vertex -33.3859 -33.6215 0
      vertex -33.2865 -33.7555 0
    endloop
  endfacet
  facet normal -0 0 1
    outer loop
      vertex -33.7555 33.2865 0
      vertex -27.7 27.7 0
      vertex -33.6215 33.3859 0
    endloop
  endfacet
  facet normal 0 0 1
    outer loop
      vertex -27.7 -27.7 0
      vertex -33.4979 -33.4979 0
      vertex -33.3859 -33.6215 0
    endloop
  endfacet
  facet normal -0 0 1
    outer loop
      vertex -33.8986 33.2007 0
      vertex -27.7 27.7 0
      vertex -33.7555 33.2865 0
    endloop
  endfacet
  facet normal 0 0 1
    outer loop
      vertex -27.7 -27.7 0
      vertex -33.6215 -33.3859 0
      vertex -33.4979 -33.4979 0
    endloop
  endfacet
  facet normal -0 0 1
    outer loop
      vertex -34.0494 33.1294 0
      vertex -27.7 27.7 0
      vertex -33.8986 33.2007 0
    endloop
  endfacet
  facet normal 0 0 1
    outer loop
      vertex -27.7 -27.7 0
      vertex -33.7555 -33.2865 0
      vertex -33.6215 -33.3859 0
    endloop
  endfacet
  facet normal -0 0 1
    outer loop
      vertex -34.2065 33.0732 0
      vertex -27.7 27.7 0
      vertex -34.0494 33.1294 0
    endloop
  endfacet
  facet normal 0 0 1
    outer loop
      vertex -27.7 -27.7 0
      vertex -33.8986 -33.2007 0
      vertex -33.7555 -33.2865 0
    endloop
  endfacet
  facet normal -0 0 1
    outer loop
      vertex -34.3683 33.0327 0
      vertex -27.7 27.7 0
      vertex -34.2065 33.0732 0
    endloop
  endfacet
  facet normal 0 0 1
    outer loop
      vertex -27.7 -27.7 0
      vertex -34.0494 -33.1294 0
      vertex -33.8986 -33.2007 0
    endloop
  endfacet
  facet normal -0 0 1
    outer loop
      vertex -34.5334 33.0082 0
      vertex -27.7 27.7 0
      vertex -34.3683 33.0327 0
    endloop
  endfacet
  facet normal 0 0 1
    outer loop
      vertex -27.7 -27.7 0
      vertex -34.2065 -33.0732 0
      vertex -34.0494 -33.1294 0
    endloop
  endfacet
  facet normal -0 0 1
    outer loop
      vertex -34.7 33 0
      vertex -27.7 27.7 0
      vertex -34.5334 33.0082 0
    endloop
  endfacet
  facet normal 0 0 1
    outer loop
      vertex -27.7 -27.7 0
      vertex -34.3683 -33.0327 0
      vertex -34.2065 -33.0732 0
    endloop
  endfacet
  facet normal 0 0 1
    outer loop
      vertex -34.8666 33.0082 0
      vertex -27.7 27.7 0
      vertex -34.7 33 0
    endloop
  endfacet
  facet normal 0 0 1
    outer loop
      vertex -27.7 -27.7 0
      vertex -34.5334 -33.0082 0
      vertex -34.3683 -33.0327 0
    endloop
  endfacet
  facet normal 0 0 1
    outer loop
      vertex -35.0317 33.0327 0
      vertex -27.7 27.7 0
      vertex -34.8666 33.0082 0
    endloop
  endfacet
  facet normal 0 0 1
    outer loop
      vertex -27.7 -27.7 0
      vertex -34.7 -33 0
      vertex -34.5334 -33.0082 0
    endloop
  endfacet
  facet normal 0 0 1
    outer loop
      vertex -35.1935 33.0732 0
      vertex -27.7 27.7 0
      vertex -35.0317 33.0327 0
    endloop
  endfacet
  facet normal 0 0 1
    outer loop
      vertex -27.7 -27.7 0
      vertex -34.8666 -33.0082 0
      vertex -34.7 -33 0
    endloop
  endfacet
  facet normal 0 0 1
    outer loop
      vertex -35.3506 33.1294 0
      vertex -27.7 27.7 0
      vertex -35.1935 33.0732 0
    endloop
  endfacet
  facet normal 0 0 1
    outer loop
      vertex -27.7 -27.7 0
      vertex -35.0317 -33.0327 0
      vertex -34.8666 -33.0082 0
    endloop
  endfacet
  facet normal 0 0 1
    outer loop
      vertex -35.5014 33.2007 0
      vertex -27.7 27.7 0
      vertex -35.3506 33.1294 0
    endloop
  endfacet
  facet normal 0 0 1
    outer loop
      vertex -27.7 -27.7 0
      vertex -35.1935 -33.0732 0
      vertex -35.0317 -33.0327 0
    endloop
  endfacet
  facet normal 0 0 1
    outer loop
      vertex -27.7 27.7 0
      vertex -35.5014 33.2007 0
      vertex -27.7 -27.7 0
    endloop
  endfacet
  facet normal 0 0 1
    outer loop
      vertex -27.7 -27.7 0
      vertex -35.3506 -33.1294 0
      vertex -35.1935 -33.0732 0
    endloop
  endfacet
  facet normal 0 0 1
    outer loop
      vertex -35.5014 -33.2007 0
      vertex -27.7 -27.7 0
      vertex -35.5014 33.2007 0
    endloop
  endfacet
  facet normal 0 0 1
    outer loop
      vertex -27.7 -27.7 0
      vertex -35.5014 -33.2007 0
      vertex -35.3506 -33.1294 0
    endloop
  endfacet
  facet normal 0 0 1
    outer loop
      vertex -35.6445 33.2865 0
      vertex -35.5014 -33.2007 0
      vertex -35.5014 33.2007 0
    endloop
  endfacet
  facet normal 0 0 1
    outer loop
      vertex -35.6445 33.2865 0
      vertex -35.6445 -33.2865 0
      vertex -35.5014 -33.2007 0
    endloop
  endfacet
  facet normal 0 0 1
    outer loop
      vertex -35.7785 33.3859 0
      vertex -35.6445 -33.2865 0
      vertex -35.6445 33.2865 0
    endloop
  endfacet
  facet normal 0 0 1
    outer loop
      vertex -35.7785 33.3859 0
      vertex -35.7785 -33.3859 0
      vertex -35.6445 -33.2865 0
    endloop
  endfacet
  facet normal 0 0 1
    outer loop
      vertex -35.9021 33.4979 0
      vertex -35.7785 -33.3859 0
      vertex -35.7785 33.3859 0
    endloop
  endfacet
  facet normal 0 0 1
    outer loop
      vertex -35.9021 33.4979 0
      vertex -35.9021 -33.4979 0
      vertex -35.7785 -33.3859 0
    endloop
  endfacet
  facet normal 0 0 1
    outer loop
      vertex -36.0141 33.6215 0
      vertex -35.9021 -33.4979 0
      vertex -35.9021 33.4979 0
    endloop
  endfacet
  facet normal 0 0 1
    outer loop
      vertex -36.0141 33.6215 0
      vertex -36.0141 -33.6215 0
      vertex -35.9021 -33.4979 0
    endloop
  endfacet
  facet normal 0 0 1
    outer loop
      vertex -36.1135 33.7555 0
      vertex -36.0141 -33.6215 0
      vertex -36.0141 33.6215 0
    endloop
  endfacet
  facet normal 0 0 1
    outer loop
      vertex -36.1135 33.7555 0
      vertex -36.1135 -33.7555 0
      vertex -36.0141 -33.6215 0
    endloop
  endfacet
  facet normal 0 0 1
    outer loop
      vertex -36.1993 33.8986 0
      vertex -36.1135 -33.7555 0
      vertex -36.1135 33.7555 0
    endloop
  endfacet
  facet normal 0 0 1
    outer loop
      vertex -36.1993 33.8986 0
      vertex -36.1993 -33.8986 0
      vertex -36.1135 -33.7555 0
    endloop
  endfacet
  facet normal 0 0 1
    outer loop
      vertex -41.7 41.7 0
      vertex -36.1993 33.8986 0
      vertex -36.2706 34.0494 0
    endloop
  endfacet
  facet normal 0 0 1
    outer loop
      vertex -36.1993 33.8986 0
      vertex -41.7 41.7 0
      vertex -36.1993 -33.8986 0
    endloop
  endfacet
  facet normal 0 0 1
    outer loop
      vertex -41.7 41.7 0
      vertex -36.2706 34.0494 0
      vertex -36.3268 34.2065 0
    endloop
  endfacet
  facet normal 0 0 1
    outer loop
      vertex -41.7 -41.7 0
      vertex -36.1993 -33.8986 0
      vertex -41.7 41.7 0
    endloop
  endfacet
  facet normal 0 0 1
    outer loop
      vertex -41.7 41.7 0
      vertex -36.3268 34.2065 0
      vertex -36.3673 34.3683 0
    endloop
  endfacet
  facet normal 0 0 1
    outer loop
      vertex -36.1993 -33.8986 0
      vertex -41.7 -41.7 0
      vertex -36.2706 -34.0494 0
    endloop
  endfacet
  facet normal 0 0 1
    outer loop
      vertex -41.7 41.7 0
      vertex -36.3673 34.3683 0
      vertex -36.3918 34.5334 0
    endloop
  endfacet
  facet normal 0 0 1
    outer loop
      vertex -36.2706 -34.0494 0
      vertex -41.7 -41.7 0
      vertex -36.3268 -34.2065 0
    endloop
  endfacet
  facet normal 0 0 1
    outer loop
      vertex -41.7 41.7 0
      vertex -36.3918 34.5334 0
      vertex -36.4 34.7 0
    endloop
  endfacet
  facet normal 0 0 1
    outer loop
      vertex -36.3268 -34.2065 0
      vertex -41.7 -41.7 0
      vertex -36.3673 -34.3683 0
    endloop
  endfacet
  facet normal -0 0 1
    outer loop
      vertex 36.3673 -8.33165 0
      vertex 41.7 -41.7 0
      vertex 36.3918 -8.16663 0
    endloop
  endfacet
  facet normal 0 0 1
    outer loop
      vertex 41.7 -41.7 0
      vertex 36.3918 -34.5334 0
      vertex 36.4 -34.7 0
    endloop
  endfacet
  facet normal -0 0 1
    outer loop
      vertex 36.3268 -8.49348 0
      vertex 41.7 -41.7 0
      vertex 36.3673 -8.33165 0
    endloop
  endfacet
  facet normal 0 0 1
    outer loop
      vertex 41.7 -41.7 0
      vertex 36.3673 -34.3683 0
      vertex 36.3918 -34.5334 0
    endloop
  endfacet
  facet normal -0 0 1
    outer loop
      vertex 36.2706 -8.65056 0
      vertex 41.7 -41.7 0
      vertex 36.3268 -8.49348 0
    endloop
  endfacet
  facet normal 0 0 1
    outer loop
      vertex 41.7 -41.7 0
      vertex 36.3268 -34.2065 0
      vertex 36.3673 -34.3683 0
    endloop
  endfacet
  facet normal -0 0 1
    outer loop
      vertex 36.2706 -34.0494 0
      vertex 41.7 -41.7 0
      vertex 36.2706 -8.65056 0
    endloop
  endfacet
  facet normal 0 0 1
    outer loop
      vertex 41.7 -41.7 0
      vertex 36.2706 -34.0494 0
      vertex 36.3268 -34.2065 0
    endloop
  endfacet
  facet normal -0 0 1
    outer loop
      vertex 36.1993 -8.80137 0
      vertex 36.2706 -34.0494 0
      vertex 36.2706 -8.65056 0
    endloop
  endfacet
  facet normal 0 0 1
    outer loop
      vertex 36.1993 -8.80137 0
      vertex 36.1993 -33.8986 0
      vertex 36.2706 -34.0494 0
    endloop
  endfacet
  facet normal -0 0 1
    outer loop
      vertex 36.1135 -8.94447 0
      vertex 36.1993 -33.8986 0
      vertex 36.1993 -8.80137 0
    endloop
  endfacet
  facet normal 0 0 1
    outer loop
      vertex 36.1135 -8.94447 0
      vertex 36.1135 -33.7555 0
      vertex 36.1993 -33.8986 0
    endloop
  endfacet
  facet normal -0 0 1
    outer loop
      vertex 36.0141 -9.07847 0
      vertex 36.1135 -33.7555 0
      vertex 36.1135 -8.94447 0
    endloop
  endfacet
  facet normal 0 0 1
    outer loop
      vertex 36.0141 -9.07847 0
      vertex 36.0141 -33.6215 0
      vertex 36.1135 -33.7555 0
    endloop
  endfacet
  facet normal -0 0 1
    outer loop
      vertex 35.9021 -9.20208 0
      vertex 36.0141 -33.6215 0
      vertex 36.0141 -9.07847 0
    endloop
  endfacet
  facet normal 0 0 1
    outer loop
      vertex 35.9021 -9.20208 0
      vertex 35.9021 -33.4979 0
      vertex 36.0141 -33.6215 0
    endloop
  endfacet
  facet normal -0 0 1
    outer loop
      vertex 35.7785 -9.31412 0
      vertex 35.9021 -33.4979 0
      vertex 35.9021 -9.20208 0
    endloop
  endfacet
  facet normal 0 0 1
    outer loop
      vertex 35.7785 -9.31412 0
      vertex 35.7785 -33.3859 0
      vertex 35.9021 -33.4979 0
    endloop
  endfacet
  facet normal -0 0 1
    outer loop
      vertex 35.6445 -9.4135 0
      vertex 35.7785 -33.3859 0
      vertex 35.7785 -9.31412 0
    endloop
  endfacet
  facet normal 0 0 1
    outer loop
      vertex 35.6445 -9.4135 0
      vertex 35.6445 -33.2865 0
      vertex 35.7785 -33.3859 0
    endloop
  endfacet
  facet normal -0 0 1
    outer loop
      vertex 35.5014 -9.49927 0
      vertex 35.6445 -33.2865 0
      vertex 35.6445 -9.4135 0
    endloop
  endfacet
  facet normal 0 0 1
    outer loop
      vertex 35.5014 -9.49927 0
      vertex 35.5014 -33.2007 0
      vertex 35.6445 -33.2865 0
    endloop
  endfacet
  facet normal -0 0 1
    outer loop
      vertex 35.3506 -9.57059 0
      vertex 35.5014 -33.2007 0
      vertex 35.5014 -9.49927 0
    endloop
  endfacet
  facet normal 0 0 1
    outer loop
      vertex 35.3506 -9.57059 0
      vertex 35.3506 -33.1294 0
      vertex 35.5014 -33.2007 0
    endloop
  endfacet
  facet normal -0 0 1
    outer loop
      vertex 35.1935 -9.6268 0
      vertex 35.3506 -33.1294 0
      vertex 35.3506 -9.57059 0
    endloop
  endfacet
  facet normal 0 0 1
    outer loop
      vertex 35.1935 -9.6268 0
      vertex 35.1935 -33.0732 0
      vertex 35.3506 -33.1294 0
    endloop
  endfacet
  facet normal -0 0 1
    outer loop
      vertex 35.0317 -9.66733 0
      vertex 35.1935 -33.0732 0
      vertex 35.1935 -9.6268 0
    endloop
  endfacet
  facet normal 0 0 1
    outer loop
      vertex 35.0317 -9.66733 0
      vertex 35.0317 -33.0327 0
      vertex 35.1935 -33.0732 0
    endloop
  endfacet
  facet normal 0 0 1
    outer loop
      vertex 27.7 -27.7 0
      vertex 35.0317 -9.66733 0
      vertex 34.8666 -9.69181 0
    endloop
  endfacet
  facet normal 0 0 1
    outer loop
      vertex 35.0317 -9.66733 0
      vertex 27.7 -27.7 0
      vertex 35.0317 -33.0327 0
    endloop
  endfacet
  facet normal 0 0 1
    outer loop
      vertex 27.7 -27.7 0
      vertex 34.8666 -9.69181 0
      vertex 34.7 -9.7 0
    endloop
  endfacet
  facet normal 0 0 1
    outer loop
      vertex 35.0317 -33.0327 0
      vertex 27.7 -27.7 0
      vertex 34.8666 -33.0082 0
    endloop
  endfacet
  facet normal 0 0 1
    outer loop
      vertex 27.7 -27.7 0
      vertex 34.7 -9.7 0
      vertex 34.5334 -9.69181 0
    endloop
  endfacet
  facet normal 0 0 1
    outer loop
      vertex 34.8666 -33.0082 0
      vertex 27.7 -27.7 0
      vertex 34.7 -33 0
    endloop
  endfacet
  facet normal 0 0 1
    outer loop
      vertex 27.7 -27.7 0
      vertex 34.5334 -9.69181 0
      vertex 34.3683 -9.66733 0
    endloop
  endfacet
  facet normal 0 0 1
    outer loop
      vertex 34.7 -33 0
      vertex 27.7 -27.7 0
      vertex 34.5334 -33.0082 0
    endloop
  endfacet
  facet normal 0 0 1
    outer loop
      vertex 27.7 -27.7 0
      vertex 34.3683 -9.66733 0
      vertex 34.2065 -9.6268 0
    endloop
  endfacet
  facet normal 0 0 1
    outer loop
      vertex 34.5334 -33.0082 0
      vertex 27.7 -27.7 0
      vertex 34.3683 -33.0327 0
    endloop
  endfacet
  facet normal 0 0 1
    outer loop
      vertex 27.7 -27.7 0
      vertex 34.2065 -9.6268 0
      vertex 34.0494 -9.57059 0
    endloop
  endfacet
  facet normal 0 0 1
    outer loop
      vertex 34.3683 -33.0327 0
      vertex 27.7 -27.7 0
      vertex 34.2065 -33.0732 0
    endloop
  endfacet
  facet normal 0 0 1
    outer loop
      vertex 27.7 -27.7 0
      vertex 34.0494 -9.57059 0
      vertex 33.8986 -9.49927 0
    endloop
  endfacet
  facet normal 0 0 1
    outer loop
      vertex 34.2065 -33.0732 0
      vertex 27.7 -27.7 0
      vertex 34.0494 -33.1294 0
    endloop
  endfacet
  facet normal 0 0 1
    outer loop
      vertex 27.7 -27.7 0
      vertex 33.8986 -9.49927 0
      vertex 33.7555 -9.4135 0
    endloop
  endfacet
  facet normal 0 0 1
    outer loop
      vertex 34.0494 -33.1294 0
      vertex 27.7 -27.7 0
      vertex 33.8986 -33.2007 0
    endloop
  endfacet
  facet normal 0 0 1
    outer loop
      vertex 27.7 -27.7 0
      vertex 33.7555 -9.4135 0
      vertex 33.6215 -9.31412 0
    endloop
  endfacet
  facet normal 0 0 1
    outer loop
      vertex 33.8986 -33.2007 0
      vertex 27.7 -27.7 0
      vertex 33.7555 -33.2865 0
    endloop
  endfacet
  facet normal 0 0 1
    outer loop
      vertex 27.7 -27.7 0
      vertex 33.6215 -9.31412 0
      vertex 33.4979 -9.20208 0
    endloop
  endfacet
  facet normal 0 0 1
    outer loop
      vertex 33.7555 -33.2865 0
      vertex 27.7 -27.7 0
      vertex 33.6215 -33.3859 0
    endloop
  endfacet
  facet normal 0 0 1
    outer loop
      vertex 27.7 -27.7 0
      vertex 33.4979 -9.20208 0
      vertex 33.3859 -9.07847 0
    endloop
  endfacet
  facet normal 0 0 1
    outer loop
      vertex 33.6215 -33.3859 0
      vertex 27.7 -27.7 0
      vertex 33.4979 -33.4979 0
    endloop
  endfacet
  facet normal 0 0 1
    outer loop
      vertex 27.7 -27.7 0
      vertex 33.3859 -9.07847 0
      vertex 33.2865 -8.94447 0
    endloop
  endfacet
  facet normal 0 0 1
    outer loop
      vertex 33.4979 -33.4979 0
      vertex 27.7 -27.7 0
      vertex 33.3859 -33.6215 0
    endloop
  endfacet
  facet normal 0 0 1
    outer loop
      vertex 27.7 -27.7 0
      vertex 33.2865 -8.94447 0
      vertex 33.2007 -8.80137 0
    endloop
  endfacet
  facet normal 0 0 1
    outer loop
      vertex 33.3859 -33.6215 0
      vertex 27.7 -27.7 0
      vertex 33.2865 -33.7555 0
    endloop
  endfacet
  facet normal 0 0 1
    outer loop
      vertex 27.7 -27.7 0
      vertex 33.2007 -8.80137 0
      vertex 33.1294 -8.65056 0
    endloop
  endfacet
  facet normal 0 0 1
    outer loop
      vertex 33.2865 -33.7555 0
      vertex 27.7 -27.7 0
      vertex 33.2007 -33.8986 0
    endloop
  endfacet
  facet normal 0 0 1
    outer loop
      vertex 27.7 -27.7 0
      vertex 33.1294 -8.65056 0
      vertex 33.0732 -8.49348 0
    endloop
  endfacet
  facet normal 0 0 1
    outer loop
      vertex 33.2007 -33.8986 0
      vertex 27.7 -27.7 0
      vertex 33.1294 -34.0494 0
    endloop
  endfacet
  facet normal 0 0 1
    outer loop
      vertex 27.7 -27.7 0
      vertex 33.0732 -8.49348 0
      vertex 33.0327 -8.33165 0
    endloop
  endfacet
  facet normal 0 0 1
    outer loop
      vertex 33.1294 -34.0494 0
      vertex 27.7 -27.7 0
      vertex 33.0732 -34.2065 0
    endloop
  endfacet
  facet normal 0 0 1
    outer loop
      vertex 27.7 -27.7 0
      vertex 33.0327 -8.33165 0
      vertex 33.0082 -8.16663 0
    endloop
  endfacet
  facet normal 0 0 1
    outer loop
      vertex 33.0732 -34.2065 0
      vertex 27.7 -27.7 0
      vertex 33.0327 -34.3683 0
    endloop
  endfacet
  facet normal 0 0 1
    outer loop
      vertex 27.7 -27.7 0
      vertex 33.0082 -8.16663 0
      vertex 33 -8 0
    endloop
  endfacet
  facet normal 0 0 1
    outer loop
      vertex 33.0327 -34.3683 0
      vertex 27.7 -27.7 0
      vertex 33.0082 -34.5334 0
    endloop
  endfacet
  facet normal -0 0 1
    outer loop
      vertex 36.3918 7.83337 0
      vertex 36.4 -8 0
      vertex 36.4 8 0
    endloop
  endfacet
  facet normal 0 0 1
    outer loop
      vertex 36.3918 7.83337 0
      vertex 36.3918 -7.83337 0
      vertex 36.4 -8 0
    endloop
  endfacet
  facet normal -0 0 1
    outer loop
      vertex 36.3673 7.66835 0
      vertex 36.3918 -7.83337 0
      vertex 36.3918 7.83337 0
    endloop
  endfacet
  facet normal 0 0 1
    outer loop
      vertex 36.3673 7.66835 0
      vertex 36.3673 -7.66835 0
      vertex 36.3918 -7.83337 0
    endloop
  endfacet
  facet normal -0 0 1
    outer loop
      vertex 36.3268 7.50652 0
      vertex 36.3673 -7.66835 0
      vertex 36.3673 7.66835 0
    endloop
  endfacet
  facet normal 0 0 1
    outer loop
      vertex 36.3268 7.50652 0
      vertex 36.3268 -7.50652 0
      vertex 36.3673 -7.66835 0
    endloop
  endfacet
  facet normal -0 0 1
    outer loop
      vertex 36.2706 7.34944 0
      vertex 36.3268 -7.50652 0
      vertex 36.3268 7.50652 0
    endloop
  endfacet
  facet normal 0 0 1
    outer loop
      vertex 36.2706 7.34944 0
      vertex 36.2706 -7.34944 0
      vertex 36.3268 -7.50652 0
    endloop
  endfacet
  facet normal -0 0 1
    outer loop
      vertex 36.1993 7.19863 0
      vertex 36.2706 -7.34944 0
      vertex 36.2706 7.34944 0
    endloop
  endfacet
  facet normal 0 0 1
    outer loop
      vertex 36.1993 7.19863 0
      vertex 36.1993 -7.19863 0
      vertex 36.2706 -7.34944 0
    endloop
  endfacet
  facet normal -0 0 1
    outer loop
      vertex 36.1135 7.05553 0
      vertex 36.1993 -7.19863 0
      vertex 36.1993 7.19863 0
    endloop
  endfacet
  facet normal 0 0 1
    outer loop
      vertex 36.1135 7.05553 0
      vertex 36.1135 -7.05553 0
      vertex 36.1993 -7.19863 0
    endloop
  endfacet
  facet normal -0 0 1
    outer loop
      vertex 36.0141 6.92153 0
      vertex 36.1135 -7.05553 0
      vertex 36.1135 7.05553 0
    endloop
  endfacet
  facet normal 0 0 1
    outer loop
      vertex 36.0141 6.92153 0
      vertex 36.0141 -6.92153 0
      vertex 36.1135 -7.05553 0
    endloop
  endfacet
  facet normal -0 0 1
    outer loop
      vertex 35.9021 6.79792 0
      vertex 36.0141 -6.92153 0
      vertex 36.0141 6.92153 0
    endloop
  endfacet
  facet normal 0 0 1
    outer loop
      vertex 35.9021 6.79792 0
      vertex 35.9021 -6.79792 0
      vertex 36.0141 -6.92153 0
    endloop
  endfacet
  facet normal -0 0 1
    outer loop
      vertex 35.7785 6.68588 0
      vertex 35.9021 -6.79792 0
      vertex 35.9021 6.79792 0
    endloop
  endfacet
  facet normal 0 0 1
    outer loop
      vertex 35.7785 6.68588 0
      vertex 35.7785 -6.68588 0
      vertex 35.9021 -6.79792 0
    endloop
  endfacet
  facet normal -0 0 1
    outer loop
      vertex 35.6445 6.5865 0
      vertex 35.7785 -6.68588 0
      vertex 35.7785 6.68588 0
    endloop
  endfacet
  facet normal 0 0 1
    outer loop
      vertex 35.6445 6.5865 0
      vertex 35.6445 -6.5865 0
      vertex 35.7785 -6.68588 0
    endloop
  endfacet
  facet normal -0 0 1
    outer loop
      vertex 35.5014 6.50073 0
      vertex 35.6445 -6.5865 0
      vertex 35.6445 6.5865 0
    endloop
  endfacet
  facet normal 0 0 1
    outer loop
      vertex 35.5014 6.50073 0
      vertex 35.5014 -6.50073 0
      vertex 35.6445 -6.5865 0
    endloop
  endfacet
  facet normal -0 0 1
    outer loop
      vertex 35.3506 6.42941 0
      vertex 35.5014 -6.50073 0
      vertex 35.5014 6.50073 0
    endloop
  endfacet
  facet normal 0 0 1
    outer loop
      vertex 35.3506 6.42941 0
      vertex 35.3506 -6.42941 0
      vertex 35.5014 -6.50073 0
    endloop
  endfacet
  facet normal -0 0 1
    outer loop
      vertex 35.1935 6.3732 0
      vertex 35.3506 -6.42941 0
      vertex 35.3506 6.42941 0
    endloop
  endfacet
  facet normal 0 0 1
    outer loop
      vertex 35.1935 6.3732 0
      vertex 35.1935 -6.3732 0
      vertex 35.3506 -6.42941 0
    endloop
  endfacet
  facet normal -0 0 1
    outer loop
      vertex 35.0317 6.33267 0
      vertex 35.1935 -6.3732 0
      vertex 35.1935 6.3732 0
    endloop
  endfacet
  facet normal 0 0 1
    outer loop
      vertex 35.0317 6.33267 0
      vertex 35.0317 -6.33267 0
      vertex 35.1935 -6.3732 0
    endloop
  endfacet
  facet normal -0 0 1
    outer loop
      vertex 34.8666 6.30819 0
      vertex 35.0317 -6.33267 0
      vertex 35.0317 6.33267 0
    endloop
  endfacet
  facet normal 0 0 1
    outer loop
      vertex 34.8666 6.30819 0
      vertex 34.8666 -6.30819 0
      vertex 35.0317 -6.33267 0
    endloop
  endfacet
  facet normal -0 0 1
    outer loop
      vertex 34.7 6.3 0
      vertex 34.8666 -6.30819 0
      vertex 34.8666 6.30819 0
    endloop
  endfacet
  facet normal 0 0 1
    outer loop
      vertex 34.7 6.3 0
      vertex 34.7 -6.3 0
      vertex 34.8666 -6.30819 0
    endloop
  endfacet
  facet normal 0 0 1
    outer loop
      vertex 34.5334 6.30819 0
      vertex 34.7 -6.3 0
      vertex 34.7 6.3 0
    endloop
  endfacet
  facet normal 0 0 1
    outer loop
      vertex 34.5334 6.30819 0
      vertex 34.5334 -6.30819 0
      vertex 34.7 -6.3 0
    endloop
  endfacet
  facet normal 0 0 1
    outer loop
      vertex 34.3683 6.33267 0
      vertex 34.5334 -6.30819 0
      vertex 34.5334 6.30819 0
    endloop
  endfacet
  facet normal 0 0 1
    outer loop
      vertex 34.3683 6.33267 0
      vertex 34.3683 -6.33267 0
      vertex 34.5334 -6.30819 0
    endloop
  endfacet
  facet normal 0 0 1
    outer loop
      vertex 34.2065 6.3732 0
      vertex 34.3683 -6.33267 0
      vertex 34.3683 6.33267 0
    endloop
  endfacet
  facet normal 0 0 1
    outer loop
      vertex 34.2065 6.3732 0
      vertex 34.2065 -6.3732 0
      vertex 34.3683 -6.33267 0
    endloop
  endfacet
  facet normal 0 0 1
    outer loop
      vertex 34.0494 6.42941 0
      vertex 34.2065 -6.3732 0
      vertex 34.2065 6.3732 0
    endloop
  endfacet
  facet normal 0 0 1
    outer loop
      vertex 34.0494 6.42941 0
      vertex 34.0494 -6.42941 0
      vertex 34.2065 -6.3732 0
    endloop
  endfacet
  facet normal 0 0 1
    outer loop
      vertex 33.8986 6.50073 0
      vertex 34.0494 -6.42941 0
      vertex 34.0494 6.42941 0
    endloop
  endfacet
  facet normal 0 0 1
    outer loop
      vertex 33.8986 6.50073 0
      vertex 33.8986 -6.50073 0
      vertex 34.0494 -6.42941 0
    endloop
  endfacet
  facet normal 0 0 1
    outer loop
      vertex 33.7555 6.5865 0
      vertex 33.8986 -6.50073 0
      vertex 33.8986 6.50073 0
    endloop
  endfacet
  facet normal 0 0 1
    outer loop
      vertex 33.7555 6.5865 0
      vertex 33.7555 -6.5865 0
      vertex 33.8986 -6.50073 0
    endloop
  endfacet
  facet normal 0 0 1
    outer loop
      vertex 33.6215 6.68588 0
      vertex 33.7555 -6.5865 0
      vertex 33.7555 6.5865 0
    endloop
  endfacet
  facet normal 0 0 1
    outer loop
      vertex 33.6215 6.68588 0
      vertex 33.6215 -6.68588 0
      vertex 33.7555 -6.5865 0
    endloop
  endfacet
  facet normal 0 0 1
    outer loop
      vertex 33.4979 6.79792 0
      vertex 33.6215 -6.68588 0
      vertex 33.6215 6.68588 0
    endloop
  endfacet
  facet normal 0 0 1
    outer loop
      vertex 33.4979 6.79792 0
      vertex 33.4979 -6.79792 0
      vertex 33.6215 -6.68588 0
    endloop
  endfacet
  facet normal 0 0 1
    outer loop
      vertex 33.3859 6.92153 0
      vertex 33.4979 -6.79792 0
      vertex 33.4979 6.79792 0
    endloop
  endfacet
  facet normal 0 0 1
    outer loop
      vertex 33.3859 6.92153 0
      vertex 33.3859 -6.92153 0
      vertex 33.4979 -6.79792 0
    endloop
  endfacet
  facet normal 0 0 1
    outer loop
      vertex 33.2865 7.05553 0
      vertex 33.3859 -6.92153 0
      vertex 33.3859 6.92153 0
    endloop
  endfacet
  facet normal 0 0 1
    outer loop
      vertex 33.2865 7.05553 0
      vertex 33.2865 -7.05553 0
      vertex 33.3859 -6.92153 0
    endloop
  endfacet
  facet normal 0 0 1
    outer loop
      vertex 33.2007 7.19863 0
      vertex 33.2865 -7.05553 0
      vertex 33.2865 7.05553 0
    endloop
  endfacet
  facet normal 0 0 1
    outer loop
      vertex 33.2007 7.19863 0
      vertex 33.2007 -7.19863 0
      vertex 33.2865 -7.05553 0
    endloop
  endfacet
  facet normal 0 0 1
    outer loop
      vertex 33.1294 7.34944 0
      vertex 33.2007 -7.19863 0
      vertex 33.2007 7.19863 0
    endloop
  endfacet
  facet normal 0 0 1
    outer loop
      vertex 33.1294 7.34944 0
      vertex 33.1294 -7.34944 0
      vertex 33.2007 -7.19863 0
    endloop
  endfacet
  facet normal 0 0 1
    outer loop
      vertex 33.0732 7.50652 0
      vertex 33.1294 -7.34944 0
      vertex 33.1294 7.34944 0
    endloop
  endfacet
  facet normal 0 0 1
    outer loop
      vertex 33.0732 7.50652 0
      vertex 33.0732 -7.50652 0
      vertex 33.1294 -7.34944 0
    endloop
  endfacet
  facet normal 0 0 1
    outer loop
      vertex 33.0327 7.66835 0
      vertex 33.0732 -7.50652 0
      vertex 33.0732 7.50652 0
    endloop
  endfacet
  facet normal 0 0 1
    outer loop
      vertex 33.0327 7.66835 0
      vertex 33.0327 -7.66835 0
      vertex 33.0732 -7.50652 0
    endloop
  endfacet
  facet normal 0 0 1
    outer loop
      vertex 33.0082 7.83337 0
      vertex 33.0327 -7.66835 0
      vertex 33.0327 7.66835 0
    endloop
  endfacet
  facet normal 0 0 1
    outer loop
      vertex 33.0082 7.83337 0
      vertex 33.0082 -7.83337 0
      vertex 33.0327 -7.66835 0
    endloop
  endfacet
  facet normal 0 0 1
    outer loop
      vertex 27.7 27.7 0
      vertex 33.0082 7.83337 0
      vertex 33 8 0
    endloop
  endfacet
  facet normal 0 0 1
    outer loop
      vertex 33.0082 7.83337 0
      vertex 27.7 27.7 0
      vertex 33.0082 -7.83337 0
    endloop
  endfacet
  facet normal 0 0 1
    outer loop
      vertex 36.3673 34.3683 0
      vertex 41.7 41.7 0
      vertex 36.3918 34.5334 0
    endloop
  endfacet
  facet normal 0 0 1
    outer loop
      vertex 41.7 41.7 0
      vertex 36.3918 8.16663 0
      vertex 36.4 8 0
    endloop
  endfacet
  facet normal 0 0 1
    outer loop
      vertex 41.7 41.7 0
      vertex 36.3673 8.33165 0
      vertex 36.3918 8.16663 0
    endloop
  endfacet
  facet normal 0 0 1
    outer loop
      vertex 36.3268 34.2065 0
      vertex 41.7 41.7 0
      vertex 36.3673 34.3683 0
    endloop
  endfacet
  facet normal 0 0 1
    outer loop
      vertex 36.2706 34.0494 0
      vertex 41.7 41.7 0
      vertex 36.3268 34.2065 0
    endloop
  endfacet
  facet normal 0 0 1
    outer loop
      vertex 41.7 41.7 0
      vertex 36.3268 8.49348 0
      vertex 36.3673 8.33165 0
    endloop
  endfacet
  facet normal 0 0 1
    outer loop
      vertex 36.2706 8.65056 0
      vertex 41.7 41.7 0
      vertex 36.2706 34.0494 0
    endloop
  endfacet
  facet normal 0 0 1
    outer loop
      vertex 41.7 41.7 0
      vertex 36.2706 8.65056 0
      vertex 36.3268 8.49348 0
    endloop
  endfacet
  facet normal -0 0 1
    outer loop
      vertex 36.1993 33.8986 0
      vertex 36.2706 8.65056 0
      vertex 36.2706 34.0494 0
    endloop
  endfacet
  facet normal 0 0 1
    outer loop
      vertex 36.1993 33.8986 0
      vertex 36.1993 8.80137 0
      vertex 36.2706 8.65056 0
    endloop
  endfacet
  facet normal -0 0 1
    outer loop
      vertex 36.1135 33.7555 0
      vertex 36.1993 8.80137 0
      vertex 36.1993 33.8986 0
    endloop
  endfacet
  facet normal 0 0 1
    outer loop
      vertex 36.1135 33.7555 0
      vertex 36.1135 8.94447 0
      vertex 36.1993 8.80137 0
    endloop
  endfacet
  facet normal -0 0 1
    outer loop
      vertex 36.0141 33.6215 0
      vertex 36.1135 8.94447 0
      vertex 36.1135 33.7555 0
    endloop
  endfacet
  facet normal 0 0 1
    outer loop
      vertex 36.0141 33.6215 0
      vertex 36.0141 9.07847 0
      vertex 36.1135 8.94447 0
    endloop
  endfacet
  facet normal -0 0 1
    outer loop
      vertex 35.9021 33.4979 0
      vertex 36.0141 9.07847 0
      vertex 36.0141 33.6215 0
    endloop
  endfacet
  facet normal 0 0 1
    outer loop
      vertex 35.9021 33.4979 0
      vertex 35.9021 9.20208 0
      vertex 36.0141 9.07847 0
    endloop
  endfacet
  facet normal -0 0 1
    outer loop
      vertex 35.7785 33.3859 0
      vertex 35.9021 9.20208 0
      vertex 35.9021 33.4979 0
    endloop
  endfacet
  facet normal 0 0 1
    outer loop
      vertex 35.7785 33.3859 0
      vertex 35.7785 9.31412 0
      vertex 35.9021 9.20208 0
    endloop
  endfacet
  facet normal -0 0 1
    outer loop
      vertex 35.6445 33.2865 0
      vertex 35.7785 9.31412 0
      vertex 35.7785 33.3859 0
    endloop
  endfacet
  facet normal 0 0 1
    outer loop
      vertex 35.6445 33.2865 0
      vertex 35.6445 9.4135 0
      vertex 35.7785 9.31412 0
    endloop
  endfacet
  facet normal -0 0 1
    outer loop
      vertex 35.5014 33.2007 0
      vertex 35.6445 9.4135 0
      vertex 35.6445 33.2865 0
    endloop
  endfacet
  facet normal 0 0 1
    outer loop
      vertex 35.5014 33.2007 0
      vertex 35.5014 9.49927 0
      vertex 35.6445 9.4135 0
    endloop
  endfacet
  facet normal -0 0 1
    outer loop
      vertex 35.3506 33.1294 0
      vertex 35.5014 9.49927 0
      vertex 35.5014 33.2007 0
    endloop
  endfacet
  facet normal 0 0 1
    outer loop
      vertex 35.3506 33.1294 0
      vertex 35.3506 9.57059 0
      vertex 35.5014 9.49927 0
    endloop
  endfacet
  facet normal 0 0 1
    outer loop
      vertex 35.3506 33.1294 0
      vertex 35.1935 9.6268 0
      vertex 35.3506 9.57059 0
    endloop
  endfacet
  facet normal -0 0 1
    outer loop
      vertex 35.1935 33.0732 0
      vertex 35.1935 9.6268 0
      vertex 35.3506 33.1294 0
    endloop
  endfacet
  facet normal -0 0 1
    outer loop
      vertex 35.0317 33.0327 0
      vertex 35.1935 9.6268 0
      vertex 35.1935 33.0732 0
    endloop
  endfacet
  facet normal 0 0 1
    outer loop
      vertex 35.0317 33.0327 0
      vertex 35.0317 9.66733 0
      vertex 35.1935 9.6268 0
    endloop
  endfacet
  facet normal 0 0 1
    outer loop
      vertex 27.7 27.7 0
      vertex 35.0317 33.0327 0
      vertex 34.8666 33.0082 0
    endloop
  endfacet
  facet normal 0 0 1
    outer loop
      vertex 35.0317 33.0327 0
      vertex 27.7 27.7 0
      vertex 35.0317 9.66733 0
    endloop
  endfacet
  facet normal 0 0 1
    outer loop
      vertex 27.7 27.7 0
      vertex 34.8666 33.0082 0
      vertex 34.7 33 0
    endloop
  endfacet
  facet normal 0 0 1
    outer loop
      vertex 35.0317 9.66733 0
      vertex 27.7 27.7 0
      vertex 34.8666 9.69181 0
    endloop
  endfacet
  facet normal 0 0 1
    outer loop
      vertex 27.7 27.7 0
      vertex 34.7 33 0
      vertex 34.5334 33.0082 0
    endloop
  endfacet
  facet normal 0 0 1
    outer loop
      vertex 34.8666 9.69181 0
      vertex 27.7 27.7 0
      vertex 34.7 9.7 0
    endloop
  endfacet
  facet normal 0 0 1
    outer loop
      vertex 27.7 27.7 0
      vertex 34.5334 33.0082 0
      vertex 34.3683 33.0327 0
    endloop
  endfacet
  facet normal 0 0 1
    outer loop
      vertex 34.7 9.7 0
      vertex 27.7 27.7 0
      vertex 34.5334 9.69181 0
    endloop
  endfacet
  facet normal 0 0 1
    outer loop
      vertex 27.7 27.7 0
      vertex 34.3683 33.0327 0
      vertex 34.2065 33.0732 0
    endloop
  endfacet
  facet normal 0 0 1
    outer loop
      vertex 34.5334 9.69181 0
      vertex 27.7 27.7 0
      vertex 34.3683 9.66733 0
    endloop
  endfacet
  facet normal 0 0 1
    outer loop
      vertex 27.7 27.7 0
      vertex 34.2065 33.0732 0
      vertex 34.0494 33.1294 0
    endloop
  endfacet
  facet normal 0 0 1
    outer loop
      vertex 34.3683 9.66733 0
      vertex 27.7 27.7 0
      vertex 34.2065 9.6268 0
    endloop
  endfacet
  facet normal 0 0 1
    outer loop
      vertex 27.7 27.7 0
      vertex 34.0494 33.1294 0
      vertex 33.8986 33.2007 0
    endloop
  endfacet
  facet normal 0 0 1
    outer loop
      vertex 34.2065 9.6268 0
      vertex 27.7 27.7 0
      vertex 34.0494 9.57059 0
    endloop
  endfacet
  facet normal 0 0 1
    outer loop
      vertex 27.7 27.7 0
      vertex 33.8986 33.2007 0
      vertex 33.7555 33.2865 0
    endloop
  endfacet
  facet normal 0 0 1
    outer loop
      vertex 34.0494 9.57059 0
      vertex 27.7 27.7 0
      vertex 33.8986 9.49927 0
    endloop
  endfacet
  facet normal 0 0 1
    outer loop
      vertex 33.8986 9.49927 0
      vertex 27.7 27.7 0
      vertex 33.7555 9.4135 0
    endloop
  endfacet
  facet normal 0 0 1
    outer loop
      vertex 27.7 27.7 0
      vertex 33.7555 33.2865 0
      vertex 33.6215 33.3859 0
    endloop
  endfacet
  facet normal 0 0 1
    outer loop
      vertex 33.7555 9.4135 0
      vertex 27.7 27.7 0
      vertex 33.6215 9.31412 0
    endloop
  endfacet
  facet normal 0 0 1
    outer loop
      vertex 27.7 27.7 0
      vertex 33.6215 33.3859 0
      vertex 33.4979 33.4979 0
    endloop
  endfacet
  facet normal 0 0 1
    outer loop
      vertex 33.6215 9.31412 0
      vertex 27.7 27.7 0
      vertex 33.4979 9.20208 0
    endloop
  endfacet
  facet normal 0 0 1
    outer loop
      vertex 27.7 27.7 0
      vertex 33.4979 33.4979 0
      vertex 33.3859 33.6215 0
    endloop
  endfacet
  facet normal 0 0 1
    outer loop
      vertex 33.4979 9.20208 0
      vertex 27.7 27.7 0
      vertex 33.3859 9.07847 0
    endloop
  endfacet
  facet normal 0 0 1
    outer loop
      vertex 27.7 27.7 0
      vertex 33.3859 33.6215 0
      vertex 33.2865 33.7555 0
    endloop
  endfacet
  facet normal 0 0 1
    outer loop
      vertex 27.7 27.7 0
      vertex 33.2865 33.7555 0
      vertex 33.2007 33.8986 0
    endloop
  endfacet
  facet normal 0 0 1
    outer loop
      vertex 33.3859 9.07847 0
      vertex 27.7 27.7 0
      vertex 33.2865 8.94447 0
    endloop
  endfacet
  facet normal 0 0 1
    outer loop
      vertex 33.2865 8.94447 0
      vertex 27.7 27.7 0
      vertex 33.2007 8.80137 0
    endloop
  endfacet
  facet normal 0 0 1
    outer loop
      vertex 27.7 27.7 0
      vertex 33.2007 33.8986 0
      vertex 33.1294 34.0494 0
    endloop
  endfacet
  facet normal 0 0 1
    outer loop
      vertex 33.2007 8.80137 0
      vertex 27.7 27.7 0
      vertex 33.1294 8.65056 0
    endloop
  endfacet
  facet normal 0 0 1
    outer loop
      vertex 27.7 27.7 0
      vertex 33.1294 34.0494 0
      vertex 33.0732 34.2065 0
    endloop
  endfacet
  facet normal 0 0 1
    outer loop
      vertex 27.7 27.7 0
      vertex 33.0732 34.2065 0
      vertex 33.0327 34.3683 0
    endloop
  endfacet
  facet normal 0 0 1
    outer loop
      vertex 33.1294 8.65056 0
      vertex 27.7 27.7 0
      vertex 33.0732 8.49348 0
    endloop
  endfacet
  facet normal 0 0 1
    outer loop
      vertex 27.7 27.7 0
      vertex 33.0327 34.3683 0
      vertex 33.0082 34.5334 0
    endloop
  endfacet
  facet normal 0 0 1
    outer loop
      vertex 33.0732 8.49348 0
      vertex 27.7 27.7 0
      vertex 33.0327 8.33165 0
    endloop
  endfacet
  facet normal 0 0 1
    outer loop
      vertex 27.7 27.7 0
      vertex 33.0082 34.5334 0
      vertex 33 34.7 0
    endloop
  endfacet
  facet normal 0 0 1
    outer loop
      vertex 33.0327 8.33165 0
      vertex 27.7 27.7 0
      vertex 33.0082 8.16663 0
    endloop
  endfacet
  facet normal 0 0 1
    outer loop
      vertex 36.3918 34.5334 0
      vertex 41.7 41.7 0
      vertex 36.4 34.7 0
    endloop
  endfacet
  facet normal 0 0 1
    outer loop
      vertex 41.7 41.7 0
      vertex 36.3918 34.8666 0
      vertex 36.4 34.7 0
    endloop
  endfacet
  facet normal 0 0 1
    outer loop
      vertex 41.7 41.7 0
      vertex 36.3673 35.0317 0
      vertex 36.3918 34.8666 0
    endloop
  endfacet
  facet normal 0 0 1
    outer loop
      vertex 41.7 41.7 0
      vertex 36.3268 35.1935 0
      vertex 36.3673 35.0317 0
    endloop
  endfacet
  facet normal 0 0 1
    outer loop
      vertex 41.7 41.7 0
      vertex 36.2706 35.3506 0
      vertex 36.3268 35.1935 0
    endloop
  endfacet
  facet normal 0 0 1
    outer loop
      vertex 41.7 41.7 0
      vertex 36.1993 35.5014 0
      vertex 36.2706 35.3506 0
    endloop
  endfacet
  facet normal 0 0 1
    outer loop
      vertex 41.7 41.7 0
      vertex 36.1135 35.6445 0
      vertex 36.1993 35.5014 0
    endloop
  endfacet
  facet normal 0 0 1
    outer loop
      vertex 41.7 41.7 0
      vertex 36.0141 35.7785 0
      vertex 36.1135 35.6445 0
    endloop
  endfacet
  facet normal 0 0 1
    outer loop
      vertex 41.7 41.7 0
      vertex 35.9021 35.9021 0
      vertex 36.0141 35.7785 0
    endloop
  endfacet
  facet normal 0 0 1
    outer loop
      vertex 41.7 41.7 0
      vertex 35.7785 36.0141 0
      vertex 35.9021 35.9021 0
    endloop
  endfacet
  facet normal 0 0 1
    outer loop
      vertex 41.7 41.7 0
      vertex 35.6445 36.1135 0
      vertex 35.7785 36.0141 0
    endloop
  endfacet
  facet normal 0 0 1
    outer loop
      vertex 41.7 41.7 0
      vertex 35.5014 36.1993 0
      vertex 35.6445 36.1135 0
    endloop
  endfacet
  facet normal 0 0 1
    outer loop
      vertex 41.7 41.7 0
      vertex 35.3506 36.2706 0
      vertex 35.5014 36.1993 0
    endloop
  endfacet
  facet normal 0 0 1
    outer loop
      vertex 41.7 41.7 0
      vertex 35.1935 36.3268 0
      vertex 35.3506 36.2706 0
    endloop
  endfacet
  facet normal 0 0 1
    outer loop
      vertex 41.7 41.7 0
      vertex 35.0317 36.3673 0
      vertex 35.1935 36.3268 0
    endloop
  endfacet
  facet normal 0 0 1
    outer loop
      vertex 41.7 41.7 0
      vertex 34.8666 36.3918 0
      vertex 35.0317 36.3673 0
    endloop
  endfacet
  facet normal 0 0 1
    outer loop
      vertex 41.7 41.7 0
      vertex 34.7 36.4 0
      vertex 34.8666 36.3918 0
    endloop
  endfacet
  facet normal 0 0 1
    outer loop
      vertex 41.7 41.7 0
      vertex 34.5334 36.3918 0
      vertex 34.7 36.4 0
    endloop
  endfacet
  facet normal 0 0 1
    outer loop
      vertex 41.7 41.7 0
      vertex 34.3683 36.3673 0
      vertex 34.5334 36.3918 0
    endloop
  endfacet
  facet normal 0 0 1
    outer loop
      vertex 41.7 41.7 0
      vertex 34.2065 36.3268 0
      vertex 34.3683 36.3673 0
    endloop
  endfacet
  facet normal 0 0 1
    outer loop
      vertex 41.7 41.7 0
      vertex 34.0494 36.2706 0
      vertex 34.2065 36.3268 0
    endloop
  endfacet
  facet normal 0 0 1
    outer loop
      vertex 41.7 41.7 0
      vertex 33.8986 36.1993 0
      vertex 34.0494 36.2706 0
    endloop
  endfacet
  facet normal 0 0 1
    outer loop
      vertex 41.7 41.7 0
      vertex 33.7555 36.1135 0
      vertex 33.8986 36.1993 0
    endloop
  endfacet
  facet normal 0 0 1
    outer loop
      vertex 33.0082 8.16663 0
      vertex 27.7 27.7 0
      vertex 33 8 0
    endloop
  endfacet
  facet normal 0 0 1
    outer loop
      vertex 27.7 -27.7 0
      vertex 33.0082 -7.83337 0
      vertex 27.7 27.7 0
    endloop
  endfacet
  facet normal 0 0 1
    outer loop
      vertex 33.0082 -7.83337 0
      vertex 27.7 -27.7 0
      vertex 33 -8 0
    endloop
  endfacet
  facet normal 0 0 1
    outer loop
      vertex 33.0082 34.8666 0
      vertex 27.7 27.7 0
      vertex 33 34.7 0
    endloop
  endfacet
  facet normal 0 0 1
    outer loop
      vertex 33.0327 35.0317 0
      vertex 27.7 27.7 0
      vertex 33.0082 34.8666 0
    endloop
  endfacet
  facet normal 0 0 1
    outer loop
      vertex 33.0732 35.1935 0
      vertex 27.7 27.7 0
      vertex 33.0327 35.0317 0
    endloop
  endfacet
  facet normal 0 0 1
    outer loop
      vertex 33.1294 35.3506 0
      vertex 27.7 27.7 0
      vertex 33.0732 35.1935 0
    endloop
  endfacet
  facet normal 0 0 1
    outer loop
      vertex 33.2007 35.5014 0
      vertex 27.7 27.7 0
      vertex 33.1294 35.3506 0
    endloop
  endfacet
  facet normal 0 0 1
    outer loop
      vertex -33.2007 35.5014 0
      vertex 33.2007 35.5014 0
      vertex 33.2865 35.6445 0
    endloop
  endfacet
  facet normal 0 0 1
    outer loop
      vertex 33.2007 35.5014 0
      vertex -27.7 27.7 0
      vertex 27.7 27.7 0
    endloop
  endfacet
  facet normal 0 0 1
    outer loop
      vertex -33.2865 35.6445 0
      vertex 33.2865 35.6445 0
      vertex 33.3859 35.7785 0
    endloop
  endfacet
  facet normal 0 0 1
    outer loop
      vertex -33.3859 35.7785 0
      vertex 33.3859 35.7785 0
      vertex 33.4979 35.9021 0
    endloop
  endfacet
  facet normal 0 0 1
    outer loop
      vertex -33.4979 35.9021 0
      vertex 33.4979 35.9021 0
      vertex 33.6215 36.0141 0
    endloop
  endfacet
  facet normal 0 0 1
    outer loop
      vertex -33.6215 36.0141 0
      vertex 33.6215 36.0141 0
      vertex 33.7555 36.1135 0
    endloop
  endfacet
  facet normal 0 0 1
    outer loop
      vertex -33.7555 36.1135 0
      vertex 33.7555 36.1135 0
      vertex 41.7 41.7 0
    endloop
  endfacet
  facet normal -0 0 1
    outer loop
      vertex -33.0082 34.5334 0
      vertex -27.7 27.7 0
      vertex -33 34.7 0
    endloop
  endfacet
  facet normal 0 0 1
    outer loop
      vertex 33.2007 35.5014 0
      vertex -33.2007 35.5014 0
      vertex -27.7 27.7 0
    endloop
  endfacet
  facet normal 0 0 1
    outer loop
      vertex -27.7 27.7 0
      vertex -33.0082 34.8666 0
      vertex -33 34.7 0
    endloop
  endfacet
  facet normal 0 0 1
    outer loop
      vertex -27.7 27.7 0
      vertex -33.0327 35.0317 0
      vertex -33.0082 34.8666 0
    endloop
  endfacet
  facet normal 0 0 1
    outer loop
      vertex -27.7 27.7 0
      vertex -33.0732 35.1935 0
      vertex -33.0327 35.0317 0
    endloop
  endfacet
  facet normal 0 0 1
    outer loop
      vertex -27.7 27.7 0
      vertex -33.1294 35.3506 0
      vertex -33.0732 35.1935 0
    endloop
  endfacet
  facet normal 0 0 1
    outer loop
      vertex -27.7 27.7 0
      vertex -33.2007 35.5014 0
      vertex -33.1294 35.3506 0
    endloop
  endfacet
  facet normal 0 0 1
    outer loop
      vertex 33.2865 35.6445 0
      vertex -33.2865 35.6445 0
      vertex -33.2007 35.5014 0
    endloop
  endfacet
  facet normal 0 0 1
    outer loop
      vertex 33.3859 35.7785 0
      vertex -33.3859 35.7785 0
      vertex -33.2865 35.6445 0
    endloop
  endfacet
  facet normal 0 0 1
    outer loop
      vertex 33.4979 35.9021 0
      vertex -33.4979 35.9021 0
      vertex -33.3859 35.7785 0
    endloop
  endfacet
  facet normal 0 0 1
    outer loop
      vertex 33.6215 36.0141 0
      vertex -33.6215 36.0141 0
      vertex -33.4979 35.9021 0
    endloop
  endfacet
  facet normal 0 0 1
    outer loop
      vertex 33.7555 36.1135 0
      vertex -33.7555 36.1135 0
      vertex -33.6215 36.0141 0
    endloop
  endfacet
  facet normal 0 0 1
    outer loop
      vertex 41.7 41.7 0
      vertex -33.8986 36.1993 0
      vertex -33.7555 36.1135 0
    endloop
  endfacet
  facet normal -0 0 1
    outer loop
      vertex -41.7 41.7 0
      vertex -33.8986 36.1993 0
      vertex 41.7 41.7 0
    endloop
  endfacet
  facet normal 0 0 1
    outer loop
      vertex -33.8986 36.1993 0
      vertex -41.7 41.7 0
      vertex -34.0494 36.2706 0
    endloop
  endfacet
  facet normal 0 0 1
    outer loop
      vertex -34.0494 36.2706 0
      vertex -41.7 41.7 0
      vertex -34.2065 36.3268 0
    endloop
  endfacet
  facet normal 0 0 1
    outer loop
      vertex -34.2065 36.3268 0
      vertex -41.7 41.7 0
      vertex -34.3683 36.3673 0
    endloop
  endfacet
  facet normal 0 0 1
    outer loop
      vertex -34.3683 36.3673 0
      vertex -41.7 41.7 0
      vertex -34.5334 36.3918 0
    endloop
  endfacet
  facet normal 0 0 1
    outer loop
      vertex -34.5334 36.3918 0
      vertex -41.7 41.7 0
      vertex -34.7 36.4 0
    endloop
  endfacet
  facet normal 0 0 1
    outer loop
      vertex -36.3673 -34.3683 0
      vertex -41.7 -41.7 0
      vertex -36.3918 -34.5334 0
    endloop
  endfacet
  facet normal 0 0 1
    outer loop
      vertex -36.3918 34.8666 0
      vertex -41.7 41.7 0
      vertex -36.4 34.7 0
    endloop
  endfacet
  facet normal 0 0 1
    outer loop
      vertex -36.3673 35.0317 0
      vertex -41.7 41.7 0
      vertex -36.3918 34.8666 0
    endloop
  endfacet
  facet normal 0 0 1
    outer loop
      vertex -36.3268 35.1935 0
      vertex -41.7 41.7 0
      vertex -36.3673 35.0317 0
    endloop
  endfacet
  facet normal 0 0 1
    outer loop
      vertex -36.2706 35.3506 0
      vertex -41.7 41.7 0
      vertex -36.3268 35.1935 0
    endloop
  endfacet
  facet normal 0 0 1
    outer loop
      vertex -36.1993 35.5014 0
      vertex -41.7 41.7 0
      vertex -36.2706 35.3506 0
    endloop
  endfacet
  facet normal 0 0 1
    outer loop
      vertex -36.1135 35.6445 0
      vertex -41.7 41.7 0
      vertex -36.1993 35.5014 0
    endloop
  endfacet
  facet normal 0 0 1
    outer loop
      vertex -36.0141 35.7785 0
      vertex -41.7 41.7 0
      vertex -36.1135 35.6445 0
    endloop
  endfacet
  facet normal 0 0 1
    outer loop
      vertex -35.9021 35.9021 0
      vertex -41.7 41.7 0
      vertex -36.0141 35.7785 0
    endloop
  endfacet
  facet normal 0 0 1
    outer loop
      vertex -35.7785 36.0141 0
      vertex -41.7 41.7 0
      vertex -35.9021 35.9021 0
    endloop
  endfacet
  facet normal 0 0 1
    outer loop
      vertex -35.6445 36.1135 0
      vertex -41.7 41.7 0
      vertex -35.7785 36.0141 0
    endloop
  endfacet
  facet normal 0 0 1
    outer loop
      vertex -35.5014 36.1993 0
      vertex -41.7 41.7 0
      vertex -35.6445 36.1135 0
    endloop
  endfacet
  facet normal 0 0 1
    outer loop
      vertex -35.3506 36.2706 0
      vertex -41.7 41.7 0
      vertex -35.5014 36.1993 0
    endloop
  endfacet
  facet normal 0 0 1
    outer loop
      vertex -35.1935 36.3268 0
      vertex -41.7 41.7 0
      vertex -35.3506 36.2706 0
    endloop
  endfacet
  facet normal 0 0 1
    outer loop
      vertex -35.0317 36.3673 0
      vertex -41.7 41.7 0
      vertex -35.1935 36.3268 0
    endloop
  endfacet
  facet normal 0 0 1
    outer loop
      vertex -34.8666 36.3918 0
      vertex -41.7 41.7 0
      vertex -35.0317 36.3673 0
    endloop
  endfacet
  facet normal 0 0 1
    outer loop
      vertex -34.7 36.4 0
      vertex -41.7 41.7 0
      vertex -34.8666 36.3918 0
    endloop
  endfacet
  facet normal 0 0 1
    outer loop
      vertex 41.7 41.7 0
      vertex 36.4 8 0
      vertex 41.7 -41.7 0
    endloop
  endfacet
  facet normal -0 0 1
    outer loop
      vertex 36.4 -8 0
      vertex 41.7 -41.7 0
      vertex 36.4 8 0
    endloop
  endfacet
  facet normal -0 0 1
    outer loop
      vertex 36.3918 -8.16663 0
      vertex 41.7 -41.7 0
      vertex 36.4 -8 0
    endloop
  endfacet
  facet normal -0 0 1
    outer loop
      vertex 36.3918 -34.8666 0
      vertex 41.7 -41.7 0
      vertex 36.4 -34.7 0
    endloop
  endfacet
  facet normal -0 0 1
    outer loop
      vertex 36.3673 -35.0317 0
      vertex 41.7 -41.7 0
      vertex 36.3918 -34.8666 0
    endloop
  endfacet
  facet normal -0 0 1
    outer loop
      vertex 36.3268 -35.1935 0
      vertex 41.7 -41.7 0
      vertex 36.3673 -35.0317 0
    endloop
  endfacet
  facet normal -0 0 1
    outer loop
      vertex 36.2706 -35.3506 0
      vertex 41.7 -41.7 0
      vertex 36.3268 -35.1935 0
    endloop
  endfacet
  facet normal -0 0 1
    outer loop
      vertex 36.1993 -35.5014 0
      vertex 41.7 -41.7 0
      vertex 36.2706 -35.3506 0
    endloop
  endfacet
  facet normal -0 0 1
    outer loop
      vertex 36.1135 -35.6445 0
      vertex 41.7 -41.7 0
      vertex 36.1993 -35.5014 0
    endloop
  endfacet
  facet normal -0 0 1
    outer loop
      vertex 36.0141 -35.7785 0
      vertex 41.7 -41.7 0
      vertex 36.1135 -35.6445 0
    endloop
  endfacet
  facet normal -0 0 1
    outer loop
      vertex 35.9021 -35.9021 0
      vertex 41.7 -41.7 0
      vertex 36.0141 -35.7785 0
    endloop
  endfacet
  facet normal -0 0 1
    outer loop
      vertex 35.7785 -36.0141 0
      vertex 41.7 -41.7 0
      vertex 35.9021 -35.9021 0
    endloop
  endfacet
  facet normal -0 0 1
    outer loop
      vertex 35.6445 -36.1135 0
      vertex 41.7 -41.7 0
      vertex 35.7785 -36.0141 0
    endloop
  endfacet
  facet normal -0 0 1
    outer loop
      vertex 35.5014 -36.1993 0
      vertex 41.7 -41.7 0
      vertex 35.6445 -36.1135 0
    endloop
  endfacet
  facet normal -0 0 1
    outer loop
      vertex 35.3506 -36.2706 0
      vertex 41.7 -41.7 0
      vertex 35.5014 -36.1993 0
    endloop
  endfacet
  facet normal -0 0 1
    outer loop
      vertex 35.1935 -36.3268 0
      vertex 41.7 -41.7 0
      vertex 35.3506 -36.2706 0
    endloop
  endfacet
  facet normal -0 0 1
    outer loop
      vertex 35.0317 -36.3673 0
      vertex 41.7 -41.7 0
      vertex 35.1935 -36.3268 0
    endloop
  endfacet
  facet normal -0 0 1
    outer loop
      vertex 34.8666 -36.3918 0
      vertex 41.7 -41.7 0
      vertex 35.0317 -36.3673 0
    endloop
  endfacet
  facet normal -0 0 1
    outer loop
      vertex 34.7 -36.4 0
      vertex 41.7 -41.7 0
      vertex 34.8666 -36.3918 0
    endloop
  endfacet
  facet normal 0 0 1
    outer loop
      vertex 34.5334 -36.3918 0
      vertex 41.7 -41.7 0
      vertex 34.7 -36.4 0
    endloop
  endfacet
  facet normal 0 0 1
    outer loop
      vertex 34.3683 -36.3673 0
      vertex 41.7 -41.7 0
      vertex 34.5334 -36.3918 0
    endloop
  endfacet
  facet normal 0 0 1
    outer loop
      vertex 34.2065 -36.3268 0
      vertex 41.7 -41.7 0
      vertex 34.3683 -36.3673 0
    endloop
  endfacet
  facet normal 0 0 1
    outer loop
      vertex 34.0494 -36.2706 0
      vertex 41.7 -41.7 0
      vertex 34.2065 -36.3268 0
    endloop
  endfacet
  facet normal 0 0 1
    outer loop
      vertex 33.8986 -36.1993 0
      vertex 41.7 -41.7 0
      vertex 34.0494 -36.2706 0
    endloop
  endfacet
  facet normal 0 0 1
    outer loop
      vertex 33.7555 -36.1135 0
      vertex 41.7 -41.7 0
      vertex 33.8986 -36.1993 0
    endloop
  endfacet
  facet normal 0 0 1
    outer loop
      vertex 33.0082 -34.5334 0
      vertex 27.7 -27.7 0
      vertex 33 -34.7 0
    endloop
  endfacet
  facet normal 0 0 1
    outer loop
      vertex 33 -34.7 0
      vertex 27.7 -27.7 0
      vertex 33.0082 -34.8666 0
    endloop
  endfacet
  facet normal 0 0 1
    outer loop
      vertex 27.7 -27.7 0
      vertex 33.0327 -35.0317 0
      vertex 33.0082 -34.8666 0
    endloop
  endfacet
  facet normal 0 0 1
    outer loop
      vertex 27.7 -27.7 0
      vertex 33.0732 -35.1935 0
      vertex 33.0327 -35.0317 0
    endloop
  endfacet
  facet normal 0 0 1
    outer loop
      vertex 27.7 -27.7 0
      vertex 33.1294 -35.3506 0
      vertex 33.0732 -35.1935 0
    endloop
  endfacet
  facet normal 0 0 1
    outer loop
      vertex 27.7 -27.7 0
      vertex 33.2007 -35.5014 0
      vertex 33.1294 -35.3506 0
    endloop
  endfacet
  facet normal -0 0 1
    outer loop
      vertex -27.7 -27.7 0
      vertex 33.2007 -35.5014 0
      vertex 27.7 -27.7 0
    endloop
  endfacet
  facet normal 0 0 1
    outer loop
      vertex -33.2007 -35.5014 0
      vertex 33.2007 -35.5014 0
      vertex -27.7 -27.7 0
    endloop
  endfacet
  facet normal 0 0 1
    outer loop
      vertex 33.2007 -35.5014 0
      vertex -33.2007 -35.5014 0
      vertex 33.2865 -35.6445 0
    endloop
  endfacet
  facet normal 0 0 1
    outer loop
      vertex -33.2865 -35.6445 0
      vertex 33.2865 -35.6445 0
      vertex -33.2007 -35.5014 0
    endloop
  endfacet
  facet normal 0 0 1
    outer loop
      vertex 33.2865 -35.6445 0
      vertex -33.2865 -35.6445 0
      vertex 33.3859 -35.7785 0
    endloop
  endfacet
  facet normal 0 0 1
    outer loop
      vertex -33.3859 -35.7785 0
      vertex 33.3859 -35.7785 0
      vertex -33.2865 -35.6445 0
    endloop
  endfacet
  facet normal 0 0 1
    outer loop
      vertex 33.3859 -35.7785 0
      vertex -33.3859 -35.7785 0
      vertex 33.4979 -35.9021 0
    endloop
  endfacet
  facet normal -0 0 1
    outer loop
      vertex -33.0327 34.3683 0
      vertex -27.7 27.7 0
      vertex -33.0082 34.5334 0
    endloop
  endfacet
  facet normal 0 0 1
    outer loop
      vertex -33.0082 -34.8666 0
      vertex -27.7 -27.7 0
      vertex -33 -34.7 0
    endloop
  endfacet
  facet normal 0 0 1
    outer loop
      vertex -33.0327 -35.0317 0
      vertex -27.7 -27.7 0
      vertex -33.0082 -34.8666 0
    endloop
  endfacet
  facet normal 0 0 1
    outer loop
      vertex -33.0732 -35.1935 0
      vertex -27.7 -27.7 0
      vertex -33.0327 -35.0317 0
    endloop
  endfacet
  facet normal 0 0 1
    outer loop
      vertex -33.1294 -35.3506 0
      vertex -27.7 -27.7 0
      vertex -33.0732 -35.1935 0
    endloop
  endfacet
  facet normal 0 0 1
    outer loop
      vertex -33.2007 -35.5014 0
      vertex -27.7 -27.7 0
      vertex -33.1294 -35.3506 0
    endloop
  endfacet
  facet normal 0 0 1
    outer loop
      vertex -33.4979 -35.9021 0
      vertex 33.4979 -35.9021 0
      vertex -33.3859 -35.7785 0
    endloop
  endfacet
  facet normal 0 0 1
    outer loop
      vertex 33.4979 -35.9021 0
      vertex -33.4979 -35.9021 0
      vertex 33.6215 -36.0141 0
    endloop
  endfacet
  facet normal 0 0 1
    outer loop
      vertex -33.6215 -36.0141 0
      vertex 33.6215 -36.0141 0
      vertex -33.4979 -35.9021 0
    endloop
  endfacet
  facet normal 0 0 1
    outer loop
      vertex 33.6215 -36.0141 0
      vertex -33.6215 -36.0141 0
      vertex 33.7555 -36.1135 0
    endloop
  endfacet
  facet normal 0 0 1
    outer loop
      vertex -33.7555 -36.1135 0
      vertex 33.7555 -36.1135 0
      vertex -33.6215 -36.0141 0
    endloop
  endfacet
  facet normal 0 0 1
    outer loop
      vertex 33.7555 -36.1135 0
      vertex -33.7555 -36.1135 0
      vertex 41.7 -41.7 0
    endloop
  endfacet
  facet normal -0 0 1
    outer loop
      vertex -33.8986 -36.1993 0
      vertex 41.7 -41.7 0
      vertex -33.7555 -36.1135 0
    endloop
  endfacet
  facet normal 0 0 1
    outer loop
      vertex -41.7 -41.7 0
      vertex -33.8986 -36.1993 0
      vertex -34.0494 -36.2706 0
    endloop
  endfacet
  facet normal 0 0 1
    outer loop
      vertex -41.7 -41.7 0
      vertex -34.0494 -36.2706 0
      vertex -34.2065 -36.3268 0
    endloop
  endfacet
  facet normal 0 0 1
    outer loop
      vertex -41.7 -41.7 0
      vertex -34.2065 -36.3268 0
      vertex -34.3683 -36.3673 0
    endloop
  endfacet
  facet normal 0 0 1
    outer loop
      vertex -41.7 -41.7 0
      vertex -34.3683 -36.3673 0
      vertex -34.5334 -36.3918 0
    endloop
  endfacet
  facet normal 0 0 1
    outer loop
      vertex -41.7 -41.7 0
      vertex -34.5334 -36.3918 0
      vertex -34.7 -36.4 0
    endloop
  endfacet
  facet normal 0 0 1
    outer loop
      vertex -41.7 -41.7 0
      vertex -34.7 -36.4 0
      vertex -34.8666 -36.3918 0
    endloop
  endfacet
  facet normal 0 0 1
    outer loop
      vertex -36.3918 -34.5334 0
      vertex -41.7 -41.7 0
      vertex -36.4 -34.7 0
    endloop
  endfacet
  facet normal 0 0 1
    outer loop
      vertex -33.8986 -36.1993 0
      vertex -41.7 -41.7 0
      vertex 41.7 -41.7 0
    endloop
  endfacet
  facet normal 0 0 1
    outer loop
      vertex -35.0317 -36.3673 0
      vertex -41.7 -41.7 0
      vertex -34.8666 -36.3918 0
    endloop
  endfacet
  facet normal 0 0 1
    outer loop
      vertex -35.1935 -36.3268 0
      vertex -41.7 -41.7 0
      vertex -35.0317 -36.3673 0
    endloop
  endfacet
  facet normal 0 0 1
    outer loop
      vertex -35.3506 -36.2706 0
      vertex -41.7 -41.7 0
      vertex -35.1935 -36.3268 0
    endloop
  endfacet
  facet normal 0 0 1
    outer loop
      vertex -35.5014 -36.1993 0
      vertex -41.7 -41.7 0
      vertex -35.3506 -36.2706 0
    endloop
  endfacet
  facet normal 0 0 1
    outer loop
      vertex -35.6445 -36.1135 0
      vertex -41.7 -41.7 0
      vertex -35.5014 -36.1993 0
    endloop
  endfacet
  facet normal 0 0 1
    outer loop
      vertex -35.7785 -36.0141 0
      vertex -41.7 -41.7 0
      vertex -35.6445 -36.1135 0
    endloop
  endfacet
  facet normal 0 0 1
    outer loop
      vertex -35.9021 -35.9021 0
      vertex -41.7 -41.7 0
      vertex -35.7785 -36.0141 0
    endloop
  endfacet
  facet normal 0 0 1
    outer loop
      vertex -36.0141 -35.7785 0
      vertex -41.7 -41.7 0
      vertex -35.9021 -35.9021 0
    endloop
  endfacet
  facet normal 0 0 1
    outer loop
      vertex -36.1135 -35.6445 0
      vertex -41.7 -41.7 0
      vertex -36.0141 -35.7785 0
    endloop
  endfacet
  facet normal 0 0 1
    outer loop
      vertex -36.1993 -35.5014 0
      vertex -41.7 -41.7 0
      vertex -36.1135 -35.6445 0
    endloop
  endfacet
  facet normal 0 0 1
    outer loop
      vertex -36.2706 -35.3506 0
      vertex -41.7 -41.7 0
      vertex -36.1993 -35.5014 0
    endloop
  endfacet
  facet normal 0 0 1
    outer loop
      vertex -36.3268 -35.1935 0
      vertex -41.7 -41.7 0
      vertex -36.2706 -35.3506 0
    endloop
  endfacet
  facet normal 0 0 1
    outer loop
      vertex -36.3673 -35.0317 0
      vertex -41.7 -41.7 0
      vertex -36.3268 -35.1935 0
    endloop
  endfacet
  facet normal 0 0 1
    outer loop
      vertex -36.3918 -34.8666 0
      vertex -41.7 -41.7 0
      vertex -36.3673 -35.0317 0
    endloop
  endfacet
  facet normal 0 0 1
    outer loop
      vertex -36.4 -34.7 0
      vertex -41.7 -41.7 0
      vertex -36.3918 -34.8666 0
    endloop
  endfacet
  facet normal -0 0 -1
    outer loop
      vertex -4.94975 -4.94975 -4.6
      vertex -33.6215 -33.3859 -4.6
      vertex -5.41107 -4.44075 -4.6
    endloop
  endfacet
  facet normal 0 0 -1
    outer loop
      vertex -7 0 -4.6
      vertex -33.0082 34.5334 -4.6
      vertex -33 34.7 -4.6
    endloop
  endfacet
  facet normal 0 0 -1
    outer loop
      vertex -33.7555 -33.2865 -4.6
      vertex -5.41107 -4.44075 -4.6
      vertex -33.6215 -33.3859 -4.6
    endloop
  endfacet
  facet normal 0 0 -1
    outer loop
      vertex -7 0 -4.6
      vertex -33.0327 34.3683 -4.6
      vertex -33.0082 34.5334 -4.6
    endloop
  endfacet
  facet normal -0 0 -1
    outer loop
      vertex -5.41107 -4.44075 -4.6
      vertex -33.7555 -33.2865 -4.6
      vertex -5.82029 -3.88899 -4.6
    endloop
  endfacet
  facet normal 0 0 -1
    outer loop
      vertex -7 0 -4.6
      vertex -33.0732 34.2065 -4.6
      vertex -33.0327 34.3683 -4.6
    endloop
  endfacet
  facet normal 0 0 -1
    outer loop
      vertex -33.8986 -33.2007 -4.6
      vertex -5.82029 -3.88899 -4.6
      vertex -33.7555 -33.2865 -4.6
    endloop
  endfacet
  facet normal 0 0 -1
    outer loop
      vertex -7 0 -4.6
      vertex -33.1294 34.0494 -4.6
      vertex -33.0732 34.2065 -4.6
    endloop
  endfacet
  facet normal -0 0 -1
    outer loop
      vertex -5.82029 -3.88899 -4.6
      vertex -33.8986 -33.2007 -4.6
      vertex -6.17345 -3.29978 -4.6
    endloop
  endfacet
  facet normal 0 0 -1
    outer loop
      vertex -7 0 -4.6
      vertex -33.2007 33.8986 -4.6
      vertex -33.1294 34.0494 -4.6
    endloop
  endfacet
  facet normal 0 0 -1
    outer loop
      vertex -34.0494 -33.1294 -4.6
      vertex -6.17345 -3.29978 -4.6
      vertex -33.8986 -33.2007 -4.6
    endloop
  endfacet
  facet normal 0 0 -1
    outer loop
      vertex -7 0 -4.6
      vertex -33.2865 33.7555 -4.6
      vertex -33.2007 33.8986 -4.6
    endloop
  endfacet
  facet normal -0 0 -1
    outer loop
      vertex -6.17345 -3.29978 -4.6
      vertex -34.0494 -33.1294 -4.6
      vertex -6.46716 -2.67878 -4.6
    endloop
  endfacet
  facet normal 0 0 -1
    outer loop
      vertex -7 0 -4.6
      vertex -33.3859 33.6215 -4.6
      vertex -33.2865 33.7555 -4.6
    endloop
  endfacet
  facet normal 0 0 -1
    outer loop
      vertex -34.2065 -33.0732 -4.6
      vertex -6.46716 -2.67878 -4.6
      vertex -34.0494 -33.1294 -4.6
    endloop
  endfacet
  facet normal 0 0 -1
    outer loop
      vertex -7 0 -4.6
      vertex -33.4979 33.4979 -4.6
      vertex -33.3859 33.6215 -4.6
    endloop
  endfacet
  facet normal -0 0 -1
    outer loop
      vertex -6.46716 -2.67878 -4.6
      vertex -34.2065 -33.0732 -4.6
      vertex -6.69858 -2.03199 -4.6
    endloop
  endfacet
  facet normal 0 0 -1
    outer loop
      vertex -7 0 -4.6
      vertex -33.6215 33.3859 -4.6
      vertex -33.4979 33.4979 -4.6
    endloop
  endfacet
  facet normal 0 0 -1
    outer loop
      vertex -34.3683 -33.0327 -4.6
      vertex -6.69858 -2.03199 -4.6
      vertex -34.2065 -33.0732 -4.6
    endloop
  endfacet
  facet normal 0 0 -1
    outer loop
      vertex -7 0 -4.6
      vertex -33.7555 33.2865 -4.6
      vertex -33.6215 33.3859 -4.6
    endloop
  endfacet
  facet normal 0 0 -1
    outer loop
      vertex -34.5334 -33.0082 -4.6
      vertex -6.69858 -2.03199 -4.6
      vertex -34.3683 -33.0327 -4.6
    endloop
  endfacet
  facet normal 0 0 -1
    outer loop
      vertex -7 0 -4.6
      vertex -33.8986 33.2007 -4.6
      vertex -33.7555 33.2865 -4.6
    endloop
  endfacet
  facet normal -0 0 -1
    outer loop
      vertex -6.69858 -2.03199 -4.6
      vertex -34.5334 -33.0082 -4.6
      vertex -6.8655 -1.36563 -4.6
    endloop
  endfacet
  facet normal 0 0 -1
    outer loop
      vertex -7 0 -4.6
      vertex -34.0494 33.1294 -4.6
      vertex -33.8986 33.2007 -4.6
    endloop
  endfacet
  facet normal 0 0 -1
    outer loop
      vertex -34.7 -33 -4.6
      vertex -6.8655 -1.36563 -4.6
      vertex -34.5334 -33.0082 -4.6
    endloop
  endfacet
  facet normal 0 0 -1
    outer loop
      vertex -7 0 -4.6
      vertex -34.2065 33.0732 -4.6
      vertex -34.0494 33.1294 -4.6
    endloop
  endfacet
  facet normal -0 0 -1
    outer loop
      vertex -6.8655 -1.36563 -4.6
      vertex -34.7 -33 -4.6
      vertex -6.96629 -0.686119 -4.6
    endloop
  endfacet
  facet normal 0 0 -1
    outer loop
      vertex -7 0 -4.6
      vertex -34.3683 33.0327 -4.6
      vertex -34.2065 33.0732 -4.6
    endloop
  endfacet
  facet normal 0 0 -1
    outer loop
      vertex -34.8666 -33.0082 -4.6
      vertex -6.96629 -0.686119 -4.6
      vertex -34.7 -33 -4.6
    endloop
  endfacet
  facet normal 0 0 -1
    outer loop
      vertex -7 0 -4.6
      vertex -34.5334 33.0082 -4.6
      vertex -34.3683 33.0327 -4.6
    endloop
  endfacet
  facet normal -0 0 -1
    outer loop
      vertex -6.96629 -0.686119 -4.6
      vertex -34.8666 -33.0082 -4.6
      vertex -7 0 -4.6
    endloop
  endfacet
  facet normal 0 0 -1
    outer loop
      vertex -7 0 -4.6
      vertex -34.7 33 -4.6
      vertex -34.5334 33.0082 -4.6
    endloop
  endfacet
  facet normal 0 0 -1
    outer loop
      vertex -35.0317 -33.0327 -4.6
      vertex -7 0 -4.6
      vertex -34.8666 -33.0082 -4.6
    endloop
  endfacet
  facet normal 0 0 -1
    outer loop
      vertex -7 0 -4.6
      vertex -34.8666 33.0082 -4.6
      vertex -34.7 33 -4.6
    endloop
  endfacet
  facet normal 0 0 -1
    outer loop
      vertex -35.0317 33.0327 -4.6
      vertex -7 0 -4.6
      vertex -35.0317 -33.0327 -4.6
    endloop
  endfacet
  facet normal 0 0 -1
    outer loop
      vertex -7 0 -4.6
      vertex -35.0317 33.0327 -4.6
      vertex -34.8666 33.0082 -4.6
    endloop
  endfacet
  facet normal 0 0 -1
    outer loop
      vertex -35.1935 -33.0732 -4.6
      vertex -35.0317 33.0327 -4.6
      vertex -35.0317 -33.0327 -4.6
    endloop
  endfacet
  facet normal 0 0 -1
    outer loop
      vertex -35.1935 -33.0732 -4.6
      vertex -35.1935 33.0732 -4.6
      vertex -35.0317 33.0327 -4.6
    endloop
  endfacet
  facet normal 0 0 -1
    outer loop
      vertex -35.3506 -33.1294 -4.6
      vertex -35.1935 33.0732 -4.6
      vertex -35.1935 -33.0732 -4.6
    endloop
  endfacet
  facet normal 0 0 -1
    outer loop
      vertex -35.3506 -33.1294 -4.6
      vertex -35.3506 33.1294 -4.6
      vertex -35.1935 33.0732 -4.6
    endloop
  endfacet
  facet normal 0 0 -1
    outer loop
      vertex -35.5014 -33.2007 -4.6
      vertex -35.3506 33.1294 -4.6
      vertex -35.3506 -33.1294 -4.6
    endloop
  endfacet
  facet normal 0 0 -1
    outer loop
      vertex -35.5014 -33.2007 -4.6
      vertex -35.5014 33.2007 -4.6
      vertex -35.3506 33.1294 -4.6
    endloop
  endfacet
  facet normal 0 0 -1
    outer loop
      vertex -35.6445 -33.2865 -4.6
      vertex -35.5014 33.2007 -4.6
      vertex -35.5014 -33.2007 -4.6
    endloop
  endfacet
  facet normal 0 0 -1
    outer loop
      vertex -35.6445 -33.2865 -4.6
      vertex -35.6445 33.2865 -4.6
      vertex -35.5014 33.2007 -4.6
    endloop
  endfacet
  facet normal 0 0 -1
    outer loop
      vertex -35.7785 -33.3859 -4.6
      vertex -35.6445 33.2865 -4.6
      vertex -35.6445 -33.2865 -4.6
    endloop
  endfacet
  facet normal 0 0 -1
    outer loop
      vertex -35.7785 -33.3859 -4.6
      vertex -35.7785 33.3859 -4.6
      vertex -35.6445 33.2865 -4.6
    endloop
  endfacet
  facet normal 0 0 -1
    outer loop
      vertex -35.9021 -33.4979 -4.6
      vertex -35.7785 33.3859 -4.6
      vertex -35.7785 -33.3859 -4.6
    endloop
  endfacet
  facet normal 0 0 -1
    outer loop
      vertex -35.9021 -33.4979 -4.6
      vertex -35.9021 33.4979 -4.6
      vertex -35.7785 33.3859 -4.6
    endloop
  endfacet
  facet normal 0 0 -1
    outer loop
      vertex -36.0141 -33.6215 -4.6
      vertex -35.9021 33.4979 -4.6
      vertex -35.9021 -33.4979 -4.6
    endloop
  endfacet
  facet normal 0 0 -1
    outer loop
      vertex -36.0141 -33.6215 -4.6
      vertex -36.0141 33.6215 -4.6
      vertex -35.9021 33.4979 -4.6
    endloop
  endfacet
  facet normal 0 0 -1
    outer loop
      vertex -36.1135 -33.7555 -4.6
      vertex -36.0141 33.6215 -4.6
      vertex -36.0141 -33.6215 -4.6
    endloop
  endfacet
  facet normal 0 0 -1
    outer loop
      vertex -36.1135 -33.7555 -4.6
      vertex -36.1135 33.7555 -4.6
      vertex -36.0141 33.6215 -4.6
    endloop
  endfacet
  facet normal 0 0 -1
    outer loop
      vertex -36.1993 -33.8986 -4.6
      vertex -36.1135 33.7555 -4.6
      vertex -36.1135 -33.7555 -4.6
    endloop
  endfacet
  facet normal 0 0 -1
    outer loop
      vertex -36.1993 -33.8986 -4.6
      vertex -36.1993 33.8986 -4.6
      vertex -36.1135 33.7555 -4.6
    endloop
  endfacet
  facet normal 0 0 -1
    outer loop
      vertex -41.7 -41.7 -4.6
      vertex -36.1993 -33.8986 -4.6
      vertex -36.2706 -34.0494 -4.6
    endloop
  endfacet
  facet normal -0 0 -1
    outer loop
      vertex -36.1993 -33.8986 -4.6
      vertex -41.7 -41.7 -4.6
      vertex -36.1993 33.8986 -4.6
    endloop
  endfacet
  facet normal 0 0 -1
    outer loop
      vertex -41.7 -41.7 -4.6
      vertex -36.2706 -34.0494 -4.6
      vertex -36.3268 -34.2065 -4.6
    endloop
  endfacet
  facet normal 0 0 -1
    outer loop
      vertex -41.7 41.7 -4.6
      vertex -36.1993 33.8986 -4.6
      vertex -41.7 -41.7 -4.6
    endloop
  endfacet
  facet normal 0 0 -1
    outer loop
      vertex -41.7 -41.7 -4.6
      vertex -36.3268 -34.2065 -4.6
      vertex -36.3673 -34.3683 -4.6
    endloop
  endfacet
  facet normal 0 0 -1
    outer loop
      vertex -36.1993 33.8986 -4.6
      vertex -41.7 41.7 -4.6
      vertex -36.2706 34.0494 -4.6
    endloop
  endfacet
  facet normal 0 0 -1
    outer loop
      vertex -41.7 -41.7 -4.6
      vertex -36.3673 -34.3683 -4.6
      vertex -36.3918 -34.5334 -4.6
    endloop
  endfacet
  facet normal 0 0 -1
    outer loop
      vertex -36.2706 34.0494 -4.6
      vertex -41.7 41.7 -4.6
      vertex -36.3268 34.2065 -4.6
    endloop
  endfacet
  facet normal 0 0 -1
    outer loop
      vertex -41.7 -41.7 -4.6
      vertex -36.3918 -34.5334 -4.6
      vertex -36.4 -34.7 -4.6
    endloop
  endfacet
  facet normal 0 0 -1
    outer loop
      vertex -36.3268 34.2065 -4.6
      vertex -41.7 41.7 -4.6
      vertex -36.3673 34.3683 -4.6
    endloop
  endfacet
  facet normal 0 0 -1
    outer loop
      vertex 41.7 41.7 -4.6
      vertex 36.3918 34.5334 -4.6
      vertex 36.4 34.7 -4.6
    endloop
  endfacet
  facet normal 0 0 -1
    outer loop
      vertex 41.7 41.7 -4.6
      vertex 36.3673 34.3683 -4.6
      vertex 36.3918 34.5334 -4.6
    endloop
  endfacet
  facet normal 0 0 -1
    outer loop
      vertex 36.2706 34.0494 -4.6
      vertex 37.9909 8 -4.6
      vertex 36.3454 10.85 -4.6
    endloop
  endfacet
  facet normal 0 0 -1
    outer loop
      vertex 41.7 41.7 -4.6
      vertex 36.3268 34.2065 -4.6
      vertex 36.3673 34.3683 -4.6
    endloop
  endfacet
  facet normal 0 0 -1
    outer loop
      vertex 41.7 41.7 -4.6
      vertex 36.2706 34.0494 -4.6
      vertex 36.3268 34.2065 -4.6
    endloop
  endfacet
  facet normal 0 0 -1
    outer loop
      vertex 36.3454 10.85 -4.6
      vertex 36.1993 33.8986 -4.6
      vertex 36.2706 34.0494 -4.6
    endloop
  endfacet
  facet normal 0 0 -1
    outer loop
      vertex 36.3454 10.85 -4.6
      vertex 36.1135 33.7555 -4.6
      vertex 36.1993 33.8986 -4.6
    endloop
  endfacet
  facet normal 0 0 -1
    outer loop
      vertex 36.3454 10.85 -4.6
      vertex 36.0141 33.6215 -4.6
      vertex 36.1135 33.7555 -4.6
    endloop
  endfacet
  facet normal 0 0 -1
    outer loop
      vertex 36.3454 10.85 -4.6
      vertex 35.9021 33.4979 -4.6
      vertex 36.0141 33.6215 -4.6
    endloop
  endfacet
  facet normal 0 0 -1
    outer loop
      vertex 36.3454 10.85 -4.6
      vertex 35.7785 33.3859 -4.6
      vertex 35.9021 33.4979 -4.6
    endloop
  endfacet
  facet normal 0 0 -1
    outer loop
      vertex 36.3454 10.85 -4.6
      vertex 35.6445 33.2865 -4.6
      vertex 35.7785 33.3859 -4.6
    endloop
  endfacet
  facet normal 0 0 -1
    outer loop
      vertex 36.3454 10.85 -4.6
      vertex 35.5014 33.2007 -4.6
      vertex 35.6445 33.2865 -4.6
    endloop
  endfacet
  facet normal 0 0 -1
    outer loop
      vertex 36.3454 10.85 -4.6
      vertex 35.3506 33.1294 -4.6
      vertex 35.5014 33.2007 -4.6
    endloop
  endfacet
  facet normal 0 0 -1
    outer loop
      vertex 36.3454 10.85 -4.6
      vertex 35.1935 33.0732 -4.6
      vertex 35.3506 33.1294 -4.6
    endloop
  endfacet
  facet normal 0 0 -1
    outer loop
      vertex 36.3454 10.85 -4.6
      vertex 35.0317 33.0327 -4.6
      vertex 35.1935 33.0732 -4.6
    endloop
  endfacet
  facet normal 0 0 -1
    outer loop
      vertex 36.3454 10.85 -4.6
      vertex 34.8666 33.0082 -4.6
      vertex 35.0317 33.0327 -4.6
    endloop
  endfacet
  facet normal 0 0 -1
    outer loop
      vertex 36.3454 10.85 -4.6
      vertex 34.7 33 -4.6
      vertex 34.8666 33.0082 -4.6
    endloop
  endfacet
  facet normal 0 0 -1
    outer loop
      vertex 33.0546 10.85 -4.6
      vertex 34.7 33 -4.6
      vertex 36.3454 10.85 -4.6
    endloop
  endfacet
  facet normal -0 0 -1
    outer loop
      vertex 34.7 33 -4.6
      vertex 33.0546 10.85 -4.6
      vertex 34.5334 33.0082 -4.6
    endloop
  endfacet
  facet normal -0 0 -1
    outer loop
      vertex 34.5334 33.0082 -4.6
      vertex 33.0546 10.85 -4.6
      vertex 34.3683 33.0327 -4.6
    endloop
  endfacet
  facet normal -0 0 -1
    outer loop
      vertex 34.3683 33.0327 -4.6
      vertex 33.0546 10.85 -4.6
      vertex 34.2065 33.0732 -4.6
    endloop
  endfacet
  facet normal -0 0 -1
    outer loop
      vertex 34.2065 33.0732 -4.6
      vertex 33.0546 10.85 -4.6
      vertex 34.0494 33.1294 -4.6
    endloop
  endfacet
  facet normal -0 0 -1
    outer loop
      vertex 34.0494 33.1294 -4.6
      vertex 33.0546 10.85 -4.6
      vertex 33.8986 33.2007 -4.6
    endloop
  endfacet
  facet normal -0 0 -1
    outer loop
      vertex 33.8986 33.2007 -4.6
      vertex 33.0546 10.85 -4.6
      vertex 33.7555 33.2865 -4.6
    endloop
  endfacet
  facet normal -0 0 -1
    outer loop
      vertex 33.7555 33.2865 -4.6
      vertex 33.0546 10.85 -4.6
      vertex 33.6215 33.3859 -4.6
    endloop
  endfacet
  facet normal -0 0 -1
    outer loop
      vertex 33.6215 33.3859 -4.6
      vertex 33.0546 10.85 -4.6
      vertex 33.4979 33.4979 -4.6
    endloop
  endfacet
  facet normal -0 0 -1
    outer loop
      vertex 33.4979 33.4979 -4.6
      vertex 33.0546 10.85 -4.6
      vertex 33.3859 33.6215 -4.6
    endloop
  endfacet
  facet normal -0 0 -1
    outer loop
      vertex 33.3859 33.6215 -4.6
      vertex 33.0546 10.85 -4.6
      vertex 33.2865 33.7555 -4.6
    endloop
  endfacet
  facet normal 0 0 -1
    outer loop
      vertex 3.88899 5.82029 -4.6
      vertex 33.2865 33.7555 -4.6
      vertex 33.0546 10.85 -4.6
    endloop
  endfacet
  facet normal -0 0 -1
    outer loop
      vertex 33.2865 33.7555 -4.6
      vertex 3.88899 5.82029 -4.6
      vertex 33.2007 33.8986 -4.6
    endloop
  endfacet
  facet normal 0 0 -1
    outer loop
      vertex 3.29978 6.17345 -4.6
      vertex 33.2007 33.8986 -4.6
      vertex 3.88899 5.82029 -4.6
    endloop
  endfacet
  facet normal -0 0 -1
    outer loop
      vertex 33.2007 33.8986 -4.6
      vertex 3.29978 6.17345 -4.6
      vertex 33.1294 34.0494 -4.6
    endloop
  endfacet
  facet normal 0 0 -1
    outer loop
      vertex 2.67878 6.46716 -4.6
      vertex 33.1294 34.0494 -4.6
      vertex 3.29978 6.17345 -4.6
    endloop
  endfacet
  facet normal -0 0 -1
    outer loop
      vertex 33.1294 34.0494 -4.6
      vertex 2.67878 6.46716 -4.6
      vertex 33.0732 34.2065 -4.6
    endloop
  endfacet
  facet normal 0 0 -1
    outer loop
      vertex 4.44075 5.41107 -4.6
      vertex 33.0546 10.85 -4.6
      vertex 31.4091 8 -4.6
    endloop
  endfacet
  facet normal 0 0 -1
    outer loop
      vertex 36.3454 -5.15 -4.6
      vertex 37.9909 8 -4.6
      vertex 37.9909 -8 -4.6
    endloop
  endfacet
  facet normal 0 0 -1
    outer loop
      vertex 36.3454 -5.15 -4.6
      vertex 36.3454 5.15 -4.6
      vertex 37.9909 8 -4.6
    endloop
  endfacet
  facet normal 0 0 -1
    outer loop
      vertex 33.0546 -5.15 -4.6
      vertex 36.3454 5.15 -4.6
      vertex 36.3454 -5.15 -4.6
    endloop
  endfacet
  facet normal 0 0 -1
    outer loop
      vertex 33.0546 -5.15 -4.6
      vertex 33.0546 5.15 -4.6
      vertex 36.3454 5.15 -4.6
    endloop
  endfacet
  facet normal 0 0 -1
    outer loop
      vertex 31.4091 -8 -4.6
      vertex 33.0546 5.15 -4.6
      vertex 33.0546 -5.15 -4.6
    endloop
  endfacet
  facet normal -0 0 -1
    outer loop
      vertex 33.0546 5.15 -4.6
      vertex 31.4091 -8 -4.6
      vertex 31.4091 8 -4.6
    endloop
  endfacet
  facet normal 0 0 -1
    outer loop
      vertex 41.7 -41.7 -4.6
      vertex 37.9909 -8 -4.6
      vertex 41.7 41.7 -4.6
    endloop
  endfacet
  facet normal 0 0 -1
    outer loop
      vertex 36.3918 -34.5334 -4.6
      vertex 41.7 -41.7 -4.6
      vertex 36.4 -34.7 -4.6
    endloop
  endfacet
  facet normal 0 0 -1
    outer loop
      vertex 41.7 -41.7 -4.6
      vertex 36.3918 -34.8666 -4.6
      vertex 36.4 -34.7 -4.6
    endloop
  endfacet
  facet normal 0 0 -1
    outer loop
      vertex 41.7 -41.7 -4.6
      vertex 36.3673 -35.0317 -4.6
      vertex 36.3918 -34.8666 -4.6
    endloop
  endfacet
  facet normal 0 0 -1
    outer loop
      vertex 41.7 -41.7 -4.6
      vertex 36.3268 -35.1935 -4.6
      vertex 36.3673 -35.0317 -4.6
    endloop
  endfacet
  facet normal 0 0 -1
    outer loop
      vertex 41.7 -41.7 -4.6
      vertex 36.2706 -35.3506 -4.6
      vertex 36.3268 -35.1935 -4.6
    endloop
  endfacet
  facet normal 0 0 -1
    outer loop
      vertex 41.7 -41.7 -4.6
      vertex 36.1993 -35.5014 -4.6
      vertex 36.2706 -35.3506 -4.6
    endloop
  endfacet
  facet normal 0 0 -1
    outer loop
      vertex 41.7 -41.7 -4.6
      vertex 36.1135 -35.6445 -4.6
      vertex 36.1993 -35.5014 -4.6
    endloop
  endfacet
  facet normal 0 0 -1
    outer loop
      vertex 41.7 -41.7 -4.6
      vertex 36.0141 -35.7785 -4.6
      vertex 36.1135 -35.6445 -4.6
    endloop
  endfacet
  facet normal 0 0 -1
    outer loop
      vertex 41.7 -41.7 -4.6
      vertex 35.9021 -35.9021 -4.6
      vertex 36.0141 -35.7785 -4.6
    endloop
  endfacet
  facet normal 0 0 -1
    outer loop
      vertex 41.7 -41.7 -4.6
      vertex 35.7785 -36.0141 -4.6
      vertex 35.9021 -35.9021 -4.6
    endloop
  endfacet
  facet normal 0 0 -1
    outer loop
      vertex 41.7 -41.7 -4.6
      vertex 35.6445 -36.1135 -4.6
      vertex 35.7785 -36.0141 -4.6
    endloop
  endfacet
  facet normal 0 0 -1
    outer loop
      vertex 41.7 -41.7 -4.6
      vertex 35.5014 -36.1993 -4.6
      vertex 35.6445 -36.1135 -4.6
    endloop
  endfacet
  facet normal 0 0 -1
    outer loop
      vertex 41.7 -41.7 -4.6
      vertex 35.3506 -36.2706 -4.6
      vertex 35.5014 -36.1993 -4.6
    endloop
  endfacet
  facet normal 0 0 -1
    outer loop
      vertex 41.7 -41.7 -4.6
      vertex 35.1935 -36.3268 -4.6
      vertex 35.3506 -36.2706 -4.6
    endloop
  endfacet
  facet normal 0 0 -1
    outer loop
      vertex 41.7 -41.7 -4.6
      vertex 35.0317 -36.3673 -4.6
      vertex 35.1935 -36.3268 -4.6
    endloop
  endfacet
  facet normal 0 0 -1
    outer loop
      vertex 41.7 -41.7 -4.6
      vertex 34.8666 -36.3918 -4.6
      vertex 35.0317 -36.3673 -4.6
    endloop
  endfacet
  facet normal 0 0 -1
    outer loop
      vertex 41.7 -41.7 -4.6
      vertex 34.7 -36.4 -4.6
      vertex 34.8666 -36.3918 -4.6
    endloop
  endfacet
  facet normal 0 0 -1
    outer loop
      vertex 41.7 -41.7 -4.6
      vertex 34.5334 -36.3918 -4.6
      vertex 34.7 -36.4 -4.6
    endloop
  endfacet
  facet normal 0 0 -1
    outer loop
      vertex 41.7 -41.7 -4.6
      vertex 34.3683 -36.3673 -4.6
      vertex 34.5334 -36.3918 -4.6
    endloop
  endfacet
  facet normal 0 0 -1
    outer loop
      vertex 41.7 -41.7 -4.6
      vertex 34.2065 -36.3268 -4.6
      vertex 34.3683 -36.3673 -4.6
    endloop
  endfacet
  facet normal 0 0 -1
    outer loop
      vertex 41.7 -41.7 -4.6
      vertex 34.0494 -36.2706 -4.6
      vertex 34.2065 -36.3268 -4.6
    endloop
  endfacet
  facet normal 0 0 -1
    outer loop
      vertex 41.7 -41.7 -4.6
      vertex 33.8986 -36.1993 -4.6
      vertex 34.0494 -36.2706 -4.6
    endloop
  endfacet
  facet normal 0 0 -1
    outer loop
      vertex 41.7 -41.7 -4.6
      vertex 33.7555 -36.1135 -4.6
      vertex 33.8986 -36.1993 -4.6
    endloop
  endfacet
  facet normal 0 0 -1
    outer loop
      vertex 0.686119 -6.96629 -4.6
      vertex 33 -34.7 -4.6
      vertex 33.0082 -34.8666 -4.6
    endloop
  endfacet
  facet normal 0 0 -1
    outer loop
      vertex 31.4091 -8 -4.6
      vertex 7 0 -4.6
      vertex 31.4091 8 -4.6
    endloop
  endfacet
  facet normal 0 0 -1
    outer loop
      vertex 33 -34.7 -4.6
      vertex 4.44075 -5.41107 -4.6
      vertex 31.4091 -8 -4.6
    endloop
  endfacet
  facet normal 0 0 -1
    outer loop
      vertex 0 -7 -4.6
      vertex 33.0082 -34.8666 -4.6
      vertex 33.0327 -35.0317 -4.6
    endloop
  endfacet
  facet normal 0 0 -1
    outer loop
      vertex -33.0327 -35.0317 -4.6
      vertex 33.0327 -35.0317 -4.6
      vertex 33.0732 -35.1935 -4.6
    endloop
  endfacet
  facet normal 0 0 -1
    outer loop
      vertex -33.0732 -35.1935 -4.6
      vertex 33.0732 -35.1935 -4.6
      vertex 33.1294 -35.3506 -4.6
    endloop
  endfacet
  facet normal 0 0 -1
    outer loop
      vertex -33.1294 -35.3506 -4.6
      vertex 33.1294 -35.3506 -4.6
      vertex 33.2007 -35.5014 -4.6
    endloop
  endfacet
  facet normal 0 0 -1
    outer loop
      vertex -33.2007 -35.5014 -4.6
      vertex 33.2007 -35.5014 -4.6
      vertex 33.2865 -35.6445 -4.6
    endloop
  endfacet
  facet normal 0 0 -1
    outer loop
      vertex 31.4091 -8 -4.6
      vertex 6.96629 -0.686119 -4.6
      vertex 7 0 -4.6
    endloop
  endfacet
  facet normal 0 0 -1
    outer loop
      vertex -33.2865 -35.6445 -4.6
      vertex 33.2865 -35.6445 -4.6
      vertex 33.3859 -35.7785 -4.6
    endloop
  endfacet
  facet normal 0 0 -1
    outer loop
      vertex 31.4091 -8 -4.6
      vertex 6.8655 -1.36563 -4.6
      vertex 6.96629 -0.686119 -4.6
    endloop
  endfacet
  facet normal 0 0 -1
    outer loop
      vertex 31.4091 -8 -4.6
      vertex 6.69858 -2.03199 -4.6
      vertex 6.8655 -1.36563 -4.6
    endloop
  endfacet
  facet normal 0 0 -1
    outer loop
      vertex 31.4091 -8 -4.6
      vertex 6.46716 -2.67878 -4.6
      vertex 6.69858 -2.03199 -4.6
    endloop
  endfacet
  facet normal 0 0 -1
    outer loop
      vertex 31.4091 -8 -4.6
      vertex 6.17345 -3.29978 -4.6
      vertex 6.46716 -2.67878 -4.6
    endloop
  endfacet
  facet normal 0 0 -1
    outer loop
      vertex 31.4091 -8 -4.6
      vertex 5.82029 -3.88899 -4.6
      vertex 6.17345 -3.29978 -4.6
    endloop
  endfacet
  facet normal 0 0 -1
    outer loop
      vertex 31.4091 -8 -4.6
      vertex 5.41107 -4.44075 -4.6
      vertex 5.82029 -3.88899 -4.6
    endloop
  endfacet
  facet normal 0 0 -1
    outer loop
      vertex 31.4091 -8 -4.6
      vertex 4.94975 -4.94975 -4.6
      vertex 5.41107 -4.44075 -4.6
    endloop
  endfacet
  facet normal 0 0 -1
    outer loop
      vertex -33.3859 -35.7785 -4.6
      vertex 33.3859 -35.7785 -4.6
      vertex 33.4979 -35.9021 -4.6
    endloop
  endfacet
  facet normal 0 0 -1
    outer loop
      vertex 31.4091 -8 -4.6
      vertex 4.44075 -5.41107 -4.6
      vertex 4.94975 -4.94975 -4.6
    endloop
  endfacet
  facet normal 0 0 -1
    outer loop
      vertex 33 -34.7 -4.6
      vertex 3.88899 -5.82029 -4.6
      vertex 4.44075 -5.41107 -4.6
    endloop
  endfacet
  facet normal 0 0 -1
    outer loop
      vertex 33 -34.7 -4.6
      vertex 3.29978 -6.17345 -4.6
      vertex 3.88899 -5.82029 -4.6
    endloop
  endfacet
  facet normal 0 0 -1
    outer loop
      vertex 33 -34.7 -4.6
      vertex 2.67878 -6.46716 -4.6
      vertex 3.29978 -6.17345 -4.6
    endloop
  endfacet
  facet normal 0 0 -1
    outer loop
      vertex 33 -34.7 -4.6
      vertex 2.03199 -6.69858 -4.6
      vertex 2.67878 -6.46716 -4.6
    endloop
  endfacet
  facet normal 0 0 -1
    outer loop
      vertex 33 -34.7 -4.6
      vertex 1.36563 -6.8655 -4.6
      vertex 2.03199 -6.69858 -4.6
    endloop
  endfacet
  facet normal 0 0 -1
    outer loop
      vertex -33.4979 -35.9021 -4.6
      vertex 33.4979 -35.9021 -4.6
      vertex 33.6215 -36.0141 -4.6
    endloop
  endfacet
  facet normal 0 0 -1
    outer loop
      vertex 33 -34.7 -4.6
      vertex 0.686119 -6.96629 -4.6
      vertex 1.36563 -6.8655 -4.6
    endloop
  endfacet
  facet normal 0 0 -1
    outer loop
      vertex 33.0082 -34.8666 -4.6
      vertex 0 -7 -4.6
      vertex 0.686119 -6.96629 -4.6
    endloop
  endfacet
  facet normal 0 0 -1
    outer loop
      vertex 33.0327 -35.0317 -4.6
      vertex -33.0327 -35.0317 -4.6
      vertex 0 -7 -4.6
    endloop
  endfacet
  facet normal 0 -0 -1
    outer loop
      vertex -33.0082 -34.8666 -4.6
      vertex 0 -7 -4.6
      vertex -33.0327 -35.0317 -4.6
    endloop
  endfacet
  facet normal -0 0 -1
    outer loop
      vertex 0 -7 -4.6
      vertex -33.0082 -34.8666 -4.6
      vertex -0.686119 -6.96629 -4.6
    endloop
  endfacet
  facet normal 0 -0 -1
    outer loop
      vertex -33 -34.7 -4.6
      vertex -0.686119 -6.96629 -4.6
      vertex -33.0082 -34.8666 -4.6
    endloop
  endfacet
  facet normal 0 0 -1
    outer loop
      vertex -33.0082 -34.5334 -4.6
      vertex -1.36563 -6.8655 -4.6
      vertex -33 -34.7 -4.6
    endloop
  endfacet
  facet normal -0 0 -1
    outer loop
      vertex -1.36563 -6.8655 -4.6
      vertex -33.0082 -34.5334 -4.6
      vertex -2.03199 -6.69858 -4.6
    endloop
  endfacet
  facet normal 0 0 -1
    outer loop
      vertex -33.0327 -34.3683 -4.6
      vertex -2.03199 -6.69858 -4.6
      vertex -33.0082 -34.5334 -4.6
    endloop
  endfacet
  facet normal 0 0 -1
    outer loop
      vertex -33.4979 -33.4979 -4.6
      vertex -4.94975 -4.94975 -4.6
      vertex -33.3859 -33.6215 -4.6
    endloop
  endfacet
  facet normal -0 0 -1
    outer loop
      vertex -4.44075 -5.41107 -4.6
      vertex -33.3859 -33.6215 -4.6
      vertex -4.94975 -4.94975 -4.6
    endloop
  endfacet
  facet normal 0 0 -1
    outer loop
      vertex -33.3859 -33.6215 -4.6
      vertex -4.44075 -5.41107 -4.6
      vertex -33.2865 -33.7555 -4.6
    endloop
  endfacet
  facet normal -0 0 -1
    outer loop
      vertex -3.88899 -5.82029 -4.6
      vertex -33.2865 -33.7555 -4.6
      vertex -4.44075 -5.41107 -4.6
    endloop
  endfacet
  facet normal 0 0 -1
    outer loop
      vertex -33.2865 -33.7555 -4.6
      vertex -3.88899 -5.82029 -4.6
      vertex -33.2007 -33.8986 -4.6
    endloop
  endfacet
  facet normal -0 0 -1
    outer loop
      vertex -3.29978 -6.17345 -4.6
      vertex -33.2007 -33.8986 -4.6
      vertex -3.88899 -5.82029 -4.6
    endloop
  endfacet
  facet normal 0 0 -1
    outer loop
      vertex -33.2007 -33.8986 -4.6
      vertex -3.29978 -6.17345 -4.6
      vertex -33.1294 -34.0494 -4.6
    endloop
  endfacet
  facet normal -0 0 -1
    outer loop
      vertex -2.67878 -6.46716 -4.6
      vertex -33.1294 -34.0494 -4.6
      vertex -3.29978 -6.17345 -4.6
    endloop
  endfacet
  facet normal 0 0 -1
    outer loop
      vertex -33.1294 -34.0494 -4.6
      vertex -2.67878 -6.46716 -4.6
      vertex -33.0732 -34.2065 -4.6
    endloop
  endfacet
  facet normal -0 0 -1
    outer loop
      vertex -2.03199 -6.69858 -4.6
      vertex -33.0327 -34.3683 -4.6
      vertex -2.67878 -6.46716 -4.6
    endloop
  endfacet
  facet normal 0 0 -1
    outer loop
      vertex -33.6215 -36.0141 -4.6
      vertex 33.6215 -36.0141 -4.6
      vertex 33.7555 -36.1135 -4.6
    endloop
  endfacet
  facet normal 0 0 -1
    outer loop
      vertex -33.7555 -36.1135 -4.6
      vertex 33.7555 -36.1135 -4.6
      vertex 41.7 -41.7 -4.6
    endloop
  endfacet
  facet normal 0 0 -1
    outer loop
      vertex -33.0732 -34.2065 -4.6
      vertex -2.67878 -6.46716 -4.6
      vertex -33.0327 -34.3683 -4.6
    endloop
  endfacet
  facet normal -0 0 -1
    outer loop
      vertex -0.686119 -6.96629 -4.6
      vertex -33 -34.7 -4.6
      vertex -1.36563 -6.8655 -4.6
    endloop
  endfacet
  facet normal 0 0 -1
    outer loop
      vertex 33.0732 -35.1935 -4.6
      vertex -33.0732 -35.1935 -4.6
      vertex -33.0327 -35.0317 -4.6
    endloop
  endfacet
  facet normal 0 0 -1
    outer loop
      vertex 33.1294 -35.3506 -4.6
      vertex -33.1294 -35.3506 -4.6
      vertex -33.0732 -35.1935 -4.6
    endloop
  endfacet
  facet normal 0 0 -1
    outer loop
      vertex 33.2007 -35.5014 -4.6
      vertex -33.2007 -35.5014 -4.6
      vertex -33.1294 -35.3506 -4.6
    endloop
  endfacet
  facet normal 0 0 -1
    outer loop
      vertex 33.2865 -35.6445 -4.6
      vertex -33.2865 -35.6445 -4.6
      vertex -33.2007 -35.5014 -4.6
    endloop
  endfacet
  facet normal 0 0 -1
    outer loop
      vertex 33.3859 -35.7785 -4.6
      vertex -33.3859 -35.7785 -4.6
      vertex -33.2865 -35.6445 -4.6
    endloop
  endfacet
  facet normal 0 0 -1
    outer loop
      vertex 33.4979 -35.9021 -4.6
      vertex -33.4979 -35.9021 -4.6
      vertex -33.3859 -35.7785 -4.6
    endloop
  endfacet
  facet normal 0 0 -1
    outer loop
      vertex 33.6215 -36.0141 -4.6
      vertex -33.6215 -36.0141 -4.6
      vertex -33.4979 -35.9021 -4.6
    endloop
  endfacet
  facet normal 0 0 -1
    outer loop
      vertex 33.7555 -36.1135 -4.6
      vertex -33.7555 -36.1135 -4.6
      vertex -33.6215 -36.0141 -4.6
    endloop
  endfacet
  facet normal 0 0 -1
    outer loop
      vertex 41.7 -41.7 -4.6
      vertex -33.8986 -36.1993 -4.6
      vertex -33.7555 -36.1135 -4.6
    endloop
  endfacet
  facet normal 0 0 -1
    outer loop
      vertex -41.7 -41.7 -4.6
      vertex -33.8986 -36.1993 -4.6
      vertex 41.7 -41.7 -4.6
    endloop
  endfacet
  facet normal 0 0 -1
    outer loop
      vertex -33.8986 -36.1993 -4.6
      vertex -41.7 -41.7 -4.6
      vertex -34.0494 -36.2706 -4.6
    endloop
  endfacet
  facet normal 0 0 -1
    outer loop
      vertex -34.0494 -36.2706 -4.6
      vertex -41.7 -41.7 -4.6
      vertex -34.2065 -36.3268 -4.6
    endloop
  endfacet
  facet normal 0 0 -1
    outer loop
      vertex -34.2065 -36.3268 -4.6
      vertex -41.7 -41.7 -4.6
      vertex -34.3683 -36.3673 -4.6
    endloop
  endfacet
  facet normal 0 0 -1
    outer loop
      vertex -34.3683 -36.3673 -4.6
      vertex -41.7 -41.7 -4.6
      vertex -34.5334 -36.3918 -4.6
    endloop
  endfacet
  facet normal 0 0 -1
    outer loop
      vertex -34.5334 -36.3918 -4.6
      vertex -41.7 -41.7 -4.6
      vertex -34.7 -36.4 -4.6
    endloop
  endfacet
  facet normal 0 0 -1
    outer loop
      vertex -36.3673 34.3683 -4.6
      vertex -41.7 41.7 -4.6
      vertex -36.3918 34.5334 -4.6
    endloop
  endfacet
  facet normal -0 0 -1
    outer loop
      vertex -36.3918 -34.8666 -4.6
      vertex -41.7 -41.7 -4.6
      vertex -36.4 -34.7 -4.6
    endloop
  endfacet
  facet normal -0 0 -1
    outer loop
      vertex -36.3673 -35.0317 -4.6
      vertex -41.7 -41.7 -4.6
      vertex -36.3918 -34.8666 -4.6
    endloop
  endfacet
  facet normal -0 0 -1
    outer loop
      vertex -36.3268 -35.1935 -4.6
      vertex -41.7 -41.7 -4.6
      vertex -36.3673 -35.0317 -4.6
    endloop
  endfacet
  facet normal -0 0 -1
    outer loop
      vertex -36.2706 -35.3506 -4.6
      vertex -41.7 -41.7 -4.6
      vertex -36.3268 -35.1935 -4.6
    endloop
  endfacet
  facet normal -0 0 -1
    outer loop
      vertex -36.1993 -35.5014 -4.6
      vertex -41.7 -41.7 -4.6
      vertex -36.2706 -35.3506 -4.6
    endloop
  endfacet
  facet normal -0 0 -1
    outer loop
      vertex -36.1135 -35.6445 -4.6
      vertex -41.7 -41.7 -4.6
      vertex -36.1993 -35.5014 -4.6
    endloop
  endfacet
  facet normal -0 0 -1
    outer loop
      vertex -36.0141 -35.7785 -4.6
      vertex -41.7 -41.7 -4.6
      vertex -36.1135 -35.6445 -4.6
    endloop
  endfacet
  facet normal -0 0 -1
    outer loop
      vertex -35.9021 -35.9021 -4.6
      vertex -41.7 -41.7 -4.6
      vertex -36.0141 -35.7785 -4.6
    endloop
  endfacet
  facet normal -0 0 -1
    outer loop
      vertex -35.7785 -36.0141 -4.6
      vertex -41.7 -41.7 -4.6
      vertex -35.9021 -35.9021 -4.6
    endloop
  endfacet
  facet normal -0 0 -1
    outer loop
      vertex -35.6445 -36.1135 -4.6
      vertex -41.7 -41.7 -4.6
      vertex -35.7785 -36.0141 -4.6
    endloop
  endfacet
  facet normal -0 0 -1
    outer loop
      vertex -35.5014 -36.1993 -4.6
      vertex -41.7 -41.7 -4.6
      vertex -35.6445 -36.1135 -4.6
    endloop
  endfacet
  facet normal -0 0 -1
    outer loop
      vertex -35.3506 -36.2706 -4.6
      vertex -41.7 -41.7 -4.6
      vertex -35.5014 -36.1993 -4.6
    endloop
  endfacet
  facet normal -0 0 -1
    outer loop
      vertex -35.1935 -36.3268 -4.6
      vertex -41.7 -41.7 -4.6
      vertex -35.3506 -36.2706 -4.6
    endloop
  endfacet
  facet normal -0 0 -1
    outer loop
      vertex -35.0317 -36.3673 -4.6
      vertex -41.7 -41.7 -4.6
      vertex -35.1935 -36.3268 -4.6
    endloop
  endfacet
  facet normal -0 0 -1
    outer loop
      vertex -34.8666 -36.3918 -4.6
      vertex -41.7 -41.7 -4.6
      vertex -35.0317 -36.3673 -4.6
    endloop
  endfacet
  facet normal -0 0 -1
    outer loop
      vertex -34.7 -36.4 -4.6
      vertex -41.7 -41.7 -4.6
      vertex -34.8666 -36.3918 -4.6
    endloop
  endfacet
  facet normal 0 0 -1
    outer loop
      vertex 37.9909 8 -4.6
      vertex 41.7 41.7 -4.6
      vertex 37.9909 -8 -4.6
    endloop
  endfacet
  facet normal 0 0 -1
    outer loop
      vertex 36.2706 34.0494 -4.6
      vertex 41.7 41.7 -4.6
      vertex 37.9909 8 -4.6
    endloop
  endfacet
  facet normal 0 0 -1
    outer loop
      vertex 36.3918 34.8666 -4.6
      vertex 41.7 41.7 -4.6
      vertex 36.4 34.7 -4.6
    endloop
  endfacet
  facet normal 0 0 -1
    outer loop
      vertex 36.3673 35.0317 -4.6
      vertex 41.7 41.7 -4.6
      vertex 36.3918 34.8666 -4.6
    endloop
  endfacet
  facet normal 0 0 -1
    outer loop
      vertex 36.3268 35.1935 -4.6
      vertex 41.7 41.7 -4.6
      vertex 36.3673 35.0317 -4.6
    endloop
  endfacet
  facet normal 0 0 -1
    outer loop
      vertex 36.2706 35.3506 -4.6
      vertex 41.7 41.7 -4.6
      vertex 36.3268 35.1935 -4.6
    endloop
  endfacet
  facet normal 0 0 -1
    outer loop
      vertex 36.1993 35.5014 -4.6
      vertex 41.7 41.7 -4.6
      vertex 36.2706 35.3506 -4.6
    endloop
  endfacet
  facet normal 0 0 -1
    outer loop
      vertex 36.1135 35.6445 -4.6
      vertex 41.7 41.7 -4.6
      vertex 36.1993 35.5014 -4.6
    endloop
  endfacet
  facet normal 0 0 -1
    outer loop
      vertex 36.0141 35.7785 -4.6
      vertex 41.7 41.7 -4.6
      vertex 36.1135 35.6445 -4.6
    endloop
  endfacet
  facet normal 0 0 -1
    outer loop
      vertex 35.9021 35.9021 -4.6
      vertex 41.7 41.7 -4.6
      vertex 36.0141 35.7785 -4.6
    endloop
  endfacet
  facet normal 0 0 -1
    outer loop
      vertex 35.7785 36.0141 -4.6
      vertex 41.7 41.7 -4.6
      vertex 35.9021 35.9021 -4.6
    endloop
  endfacet
  facet normal 0 0 -1
    outer loop
      vertex 35.6445 36.1135 -4.6
      vertex 41.7 41.7 -4.6
      vertex 35.7785 36.0141 -4.6
    endloop
  endfacet
  facet normal 0 0 -1
    outer loop
      vertex 35.5014 36.1993 -4.6
      vertex 41.7 41.7 -4.6
      vertex 35.6445 36.1135 -4.6
    endloop
  endfacet
  facet normal 0 0 -1
    outer loop
      vertex 35.3506 36.2706 -4.6
      vertex 41.7 41.7 -4.6
      vertex 35.5014 36.1993 -4.6
    endloop
  endfacet
  facet normal 0 0 -1
    outer loop
      vertex 35.1935 36.3268 -4.6
      vertex 41.7 41.7 -4.6
      vertex 35.3506 36.2706 -4.6
    endloop
  endfacet
  facet normal 0 0 -1
    outer loop
      vertex 35.0317 36.3673 -4.6
      vertex 41.7 41.7 -4.6
      vertex 35.1935 36.3268 -4.6
    endloop
  endfacet
  facet normal 0 0 -1
    outer loop
      vertex 34.8666 36.3918 -4.6
      vertex 41.7 41.7 -4.6
      vertex 35.0317 36.3673 -4.6
    endloop
  endfacet
  facet normal 0 0 -1
    outer loop
      vertex 34.7 36.4 -4.6
      vertex 41.7 41.7 -4.6
      vertex 34.8666 36.3918 -4.6
    endloop
  endfacet
  facet normal 0 0 -1
    outer loop
      vertex 34.5334 36.3918 -4.6
      vertex 41.7 41.7 -4.6
      vertex 34.7 36.4 -4.6
    endloop
  endfacet
  facet normal 0 0 -1
    outer loop
      vertex 34.3683 36.3673 -4.6
      vertex 41.7 41.7 -4.6
      vertex 34.5334 36.3918 -4.6
    endloop
  endfacet
  facet normal 0 0 -1
    outer loop
      vertex 34.2065 36.3268 -4.6
      vertex 41.7 41.7 -4.6
      vertex 34.3683 36.3673 -4.6
    endloop
  endfacet
  facet normal 0 0 -1
    outer loop
      vertex 34.0494 36.2706 -4.6
      vertex 41.7 41.7 -4.6
      vertex 34.2065 36.3268 -4.6
    endloop
  endfacet
  facet normal 0 0 -1
    outer loop
      vertex 33.8986 36.1993 -4.6
      vertex 41.7 41.7 -4.6
      vertex 34.0494 36.2706 -4.6
    endloop
  endfacet
  facet normal 0 0 -1
    outer loop
      vertex 33.7555 36.1135 -4.6
      vertex 41.7 41.7 -4.6
      vertex 33.8986 36.1993 -4.6
    endloop
  endfacet
  facet normal 0 0 -1
    outer loop
      vertex 3.88899 5.82029 -4.6
      vertex 33.0546 10.85 -4.6
      vertex 4.44075 5.41107 -4.6
    endloop
  endfacet
  facet normal 0 0 -1
    outer loop
      vertex 6.96629 0.686119 -4.6
      vertex 31.4091 8 -4.6
      vertex 7 0 -4.6
    endloop
  endfacet
  facet normal 0 0 -1
    outer loop
      vertex 6.8655 1.36563 -4.6
      vertex 31.4091 8 -4.6
      vertex 6.96629 0.686119 -4.6
    endloop
  endfacet
  facet normal 0 0 -1
    outer loop
      vertex 6.69858 2.03199 -4.6
      vertex 31.4091 8 -4.6
      vertex 6.8655 1.36563 -4.6
    endloop
  endfacet
  facet normal 0 0 -1
    outer loop
      vertex 6.46716 2.67878 -4.6
      vertex 31.4091 8 -4.6
      vertex 6.69858 2.03199 -4.6
    endloop
  endfacet
  facet normal 0 0 -1
    outer loop
      vertex 6.17345 3.29978 -4.6
      vertex 31.4091 8 -4.6
      vertex 6.46716 2.67878 -4.6
    endloop
  endfacet
  facet normal 0 0 -1
    outer loop
      vertex 5.82029 3.88899 -4.6
      vertex 31.4091 8 -4.6
      vertex 6.17345 3.29978 -4.6
    endloop
  endfacet
  facet normal 0 0 -1
    outer loop
      vertex 5.41107 4.44075 -4.6
      vertex 31.4091 8 -4.6
      vertex 5.82029 3.88899 -4.6
    endloop
  endfacet
  facet normal 0 0 -1
    outer loop
      vertex 4.94975 4.94975 -4.6
      vertex 31.4091 8 -4.6
      vertex 5.41107 4.44075 -4.6
    endloop
  endfacet
  facet normal 0 0 -1
    outer loop
      vertex 4.44075 5.41107 -4.6
      vertex 31.4091 8 -4.6
      vertex 4.94975 4.94975 -4.6
    endloop
  endfacet
  facet normal -0 0 -1
    outer loop
      vertex 33.0732 34.2065 -4.6
      vertex 2.67878 6.46716 -4.6
      vertex 33.0327 34.3683 -4.6
    endloop
  endfacet
  facet normal 0 0 -1
    outer loop
      vertex 2.03199 6.69858 -4.6
      vertex 33.0327 34.3683 -4.6
      vertex 2.67878 6.46716 -4.6
    endloop
  endfacet
  facet normal -0 0 -1
    outer loop
      vertex 33.0327 34.3683 -4.6
      vertex 2.03199 6.69858 -4.6
      vertex 33.0082 34.5334 -4.6
    endloop
  endfacet
  facet normal 0 0 -1
    outer loop
      vertex 1.36563 6.8655 -4.6
      vertex 33.0082 34.5334 -4.6
      vertex 2.03199 6.69858 -4.6
    endloop
  endfacet
  facet normal -0 0 -1
    outer loop
      vertex 33.0082 34.5334 -4.6
      vertex 1.36563 6.8655 -4.6
      vertex 33 34.7 -4.6
    endloop
  endfacet
  facet normal 0 0 -1
    outer loop
      vertex 0.686119 6.96629 -4.6
      vertex 33 34.7 -4.6
      vertex 1.36563 6.8655 -4.6
    endloop
  endfacet
  facet normal -0 0 -1
    outer loop
      vertex 33 34.7 -4.6
      vertex 0.686119 6.96629 -4.6
      vertex 33.0082 34.8666 -4.6
    endloop
  endfacet
  facet normal 0 0 -1
    outer loop
      vertex 0 7 -4.6
      vertex 33.0082 34.8666 -4.6
      vertex 0.686119 6.96629 -4.6
    endloop
  endfacet
  facet normal -0 0 -1
    outer loop
      vertex 33.0082 34.8666 -4.6
      vertex 0 7 -4.6
      vertex 33.0327 35.0317 -4.6
    endloop
  endfacet
  facet normal 0 0 -1
    outer loop
      vertex -33.0327 35.0317 -4.6
      vertex 33.0327 35.0317 -4.6
      vertex 0 7 -4.6
    endloop
  endfacet
  facet normal 0 0 -1
    outer loop
      vertex 33.0327 35.0317 -4.6
      vertex -33.0327 35.0317 -4.6
      vertex 33.0732 35.1935 -4.6
    endloop
  endfacet
  facet normal 0 0 -1
    outer loop
      vertex -33.0732 35.1935 -4.6
      vertex 33.0732 35.1935 -4.6
      vertex -33.0327 35.0317 -4.6
    endloop
  endfacet
  facet normal 0 0 -1
    outer loop
      vertex 33.0732 35.1935 -4.6
      vertex -33.0732 35.1935 -4.6
      vertex 33.1294 35.3506 -4.6
    endloop
  endfacet
  facet normal 0 0 -1
    outer loop
      vertex -33.1294 35.3506 -4.6
      vertex 33.1294 35.3506 -4.6
      vertex -33.0732 35.1935 -4.6
    endloop
  endfacet
  facet normal 0 0 -1
    outer loop
      vertex 33.1294 35.3506 -4.6
      vertex -33.1294 35.3506 -4.6
      vertex 33.2007 35.5014 -4.6
    endloop
  endfacet
  facet normal 0 0 -1
    outer loop
      vertex -33.2007 35.5014 -4.6
      vertex 33.2007 35.5014 -4.6
      vertex -33.1294 35.3506 -4.6
    endloop
  endfacet
  facet normal 0 0 -1
    outer loop
      vertex -33.0082 34.8666 -4.6
      vertex 0 7 -4.6
      vertex -0.686119 6.96629 -4.6
    endloop
  endfacet
  facet normal 0 0 -1
    outer loop
      vertex -33 34.7 -4.6
      vertex -0.686119 6.96629 -4.6
      vertex -1.36563 6.8655 -4.6
    endloop
  endfacet
  facet normal 0 0 -1
    outer loop
      vertex -33 34.7 -4.6
      vertex -1.36563 6.8655 -4.6
      vertex -2.03199 6.69858 -4.6
    endloop
  endfacet
  facet normal 0 0 -1
    outer loop
      vertex -33 34.7 -4.6
      vertex -2.03199 6.69858 -4.6
      vertex -2.67878 6.46716 -4.6
    endloop
  endfacet
  facet normal 0 0 -1
    outer loop
      vertex -33 34.7 -4.6
      vertex -2.67878 6.46716 -4.6
      vertex -3.29978 6.17345 -4.6
    endloop
  endfacet
  facet normal 0 0 -1
    outer loop
      vertex -33 34.7 -4.6
      vertex -3.29978 6.17345 -4.6
      vertex -3.88899 5.82029 -4.6
    endloop
  endfacet
  facet normal 0 0 -1
    outer loop
      vertex -33 34.7 -4.6
      vertex -3.88899 5.82029 -4.6
      vertex -4.44075 5.41107 -4.6
    endloop
  endfacet
  facet normal 0 0 -1
    outer loop
      vertex -33.6215 -33.3859 -4.6
      vertex -4.94975 -4.94975 -4.6
      vertex -33.4979 -33.4979 -4.6
    endloop
  endfacet
  facet normal 0 0 -1
    outer loop
      vertex -7 0 -4.6
      vertex -33 34.7 -4.6
      vertex -6.96629 0.686119 -4.6
    endloop
  endfacet
  facet normal 0 0 -1
    outer loop
      vertex -6.96629 0.686119 -4.6
      vertex -33 34.7 -4.6
      vertex -6.8655 1.36563 -4.6
    endloop
  endfacet
  facet normal 0 0 -1
    outer loop
      vertex -6.8655 1.36563 -4.6
      vertex -33 34.7 -4.6
      vertex -6.69858 2.03199 -4.6
    endloop
  endfacet
  facet normal 0 0 -1
    outer loop
      vertex -6.69858 2.03199 -4.6
      vertex -33 34.7 -4.6
      vertex -6.46716 2.67878 -4.6
    endloop
  endfacet
  facet normal 0 0 -1
    outer loop
      vertex -6.46716 2.67878 -4.6
      vertex -33 34.7 -4.6
      vertex -6.17345 3.29978 -4.6
    endloop
  endfacet
  facet normal 0 0 -1
    outer loop
      vertex -6.17345 3.29978 -4.6
      vertex -33 34.7 -4.6
      vertex -5.82029 3.88899 -4.6
    endloop
  endfacet
  facet normal 0 0 -1
    outer loop
      vertex -33 34.7 -4.6
      vertex -5.41107 4.44075 -4.6
      vertex -5.82029 3.88899 -4.6
    endloop
  endfacet
  facet normal 0 0 -1
    outer loop
      vertex -33 34.7 -4.6
      vertex -4.94975 4.94975 -4.6
      vertex -5.41107 4.44075 -4.6
    endloop
  endfacet
  facet normal 0 0 -1
    outer loop
      vertex -33 34.7 -4.6
      vertex -4.44075 5.41107 -4.6
      vertex -4.94975 4.94975 -4.6
    endloop
  endfacet
  facet normal 0 0 -1
    outer loop
      vertex -0.686119 6.96629 -4.6
      vertex -33 34.7 -4.6
      vertex -33.0082 34.8666 -4.6
    endloop
  endfacet
  facet normal 0 0 -1
    outer loop
      vertex 0 7 -4.6
      vertex -33.0082 34.8666 -4.6
      vertex -33.0327 35.0317 -4.6
    endloop
  endfacet
  facet normal 0 0 -1
    outer loop
      vertex 33.2007 35.5014 -4.6
      vertex -33.2007 35.5014 -4.6
      vertex 33.2865 35.6445 -4.6
    endloop
  endfacet
  facet normal 0 0 -1
    outer loop
      vertex -33.2865 35.6445 -4.6
      vertex 33.2865 35.6445 -4.6
      vertex -33.2007 35.5014 -4.6
    endloop
  endfacet
  facet normal 0 0 -1
    outer loop
      vertex 33.2865 35.6445 -4.6
      vertex -33.2865 35.6445 -4.6
      vertex 33.3859 35.7785 -4.6
    endloop
  endfacet
  facet normal 0 0 -1
    outer loop
      vertex -33.3859 35.7785 -4.6
      vertex 33.3859 35.7785 -4.6
      vertex -33.2865 35.6445 -4.6
    endloop
  endfacet
  facet normal 0 0 -1
    outer loop
      vertex 33.3859 35.7785 -4.6
      vertex -33.3859 35.7785 -4.6
      vertex 33.4979 35.9021 -4.6
    endloop
  endfacet
  facet normal 0 0 -1
    outer loop
      vertex -33.4979 35.9021 -4.6
      vertex 33.4979 35.9021 -4.6
      vertex -33.3859 35.7785 -4.6
    endloop
  endfacet
  facet normal 0 0 -1
    outer loop
      vertex 33.4979 35.9021 -4.6
      vertex -33.4979 35.9021 -4.6
      vertex 33.6215 36.0141 -4.6
    endloop
  endfacet
  facet normal 0 0 -1
    outer loop
      vertex -33.6215 36.0141 -4.6
      vertex 33.6215 36.0141 -4.6
      vertex -33.4979 35.9021 -4.6
    endloop
  endfacet
  facet normal 0 0 -1
    outer loop
      vertex 33.6215 36.0141 -4.6
      vertex -33.6215 36.0141 -4.6
      vertex 33.7555 36.1135 -4.6
    endloop
  endfacet
  facet normal 0 0 -1
    outer loop
      vertex -33.7555 36.1135 -4.6
      vertex 33.7555 36.1135 -4.6
      vertex -33.6215 36.0141 -4.6
    endloop
  endfacet
  facet normal 0 0 -1
    outer loop
      vertex 33.7555 36.1135 -4.6
      vertex -33.7555 36.1135 -4.6
      vertex 41.7 41.7 -4.6
    endloop
  endfacet
  facet normal 0 0 -1
    outer loop
      vertex -33.8986 36.1993 -4.6
      vertex 41.7 41.7 -4.6
      vertex -33.7555 36.1135 -4.6
    endloop
  endfacet
  facet normal 0 0 -1
    outer loop
      vertex -41.7 41.7 -4.6
      vertex -33.8986 36.1993 -4.6
      vertex -34.0494 36.2706 -4.6
    endloop
  endfacet
  facet normal 0 0 -1
    outer loop
      vertex -41.7 41.7 -4.6
      vertex -34.0494 36.2706 -4.6
      vertex -34.2065 36.3268 -4.6
    endloop
  endfacet
  facet normal 0 0 -1
    outer loop
      vertex -41.7 41.7 -4.6
      vertex -34.2065 36.3268 -4.6
      vertex -34.3683 36.3673 -4.6
    endloop
  endfacet
  facet normal 0 0 -1
    outer loop
      vertex -41.7 41.7 -4.6
      vertex -34.3683 36.3673 -4.6
      vertex -34.5334 36.3918 -4.6
    endloop
  endfacet
  facet normal 0 0 -1
    outer loop
      vertex -41.7 41.7 -4.6
      vertex -34.5334 36.3918 -4.6
      vertex -34.7 36.4 -4.6
    endloop
  endfacet
  facet normal 0 0 -1
    outer loop
      vertex -41.7 41.7 -4.6
      vertex -34.7 36.4 -4.6
      vertex -34.8666 36.3918 -4.6
    endloop
  endfacet
  facet normal 0 0 -1
    outer loop
      vertex -36.3918 34.5334 -4.6
      vertex -41.7 41.7 -4.6
      vertex -36.4 34.7 -4.6
    endloop
  endfacet
  facet normal 0 0 -1
    outer loop
      vertex -33.8986 36.1993 -4.6
      vertex -41.7 41.7 -4.6
      vertex 41.7 41.7 -4.6
    endloop
  endfacet
  facet normal 0 0 -1
    outer loop
      vertex -35.0317 36.3673 -4.6
      vertex -41.7 41.7 -4.6
      vertex -34.8666 36.3918 -4.6
    endloop
  endfacet
  facet normal 0 0 -1
    outer loop
      vertex -35.1935 36.3268 -4.6
      vertex -41.7 41.7 -4.6
      vertex -35.0317 36.3673 -4.6
    endloop
  endfacet
  facet normal 0 0 -1
    outer loop
      vertex -35.3506 36.2706 -4.6
      vertex -41.7 41.7 -4.6
      vertex -35.1935 36.3268 -4.6
    endloop
  endfacet
  facet normal 0 0 -1
    outer loop
      vertex -35.5014 36.1993 -4.6
      vertex -41.7 41.7 -4.6
      vertex -35.3506 36.2706 -4.6
    endloop
  endfacet
  facet normal 0 0 -1
    outer loop
      vertex -35.6445 36.1135 -4.6
      vertex -41.7 41.7 -4.6
      vertex -35.5014 36.1993 -4.6
    endloop
  endfacet
  facet normal 0 0 -1
    outer loop
      vertex -35.7785 36.0141 -4.6
      vertex -41.7 41.7 -4.6
      vertex -35.6445 36.1135 -4.6
    endloop
  endfacet
  facet normal 0 0 -1
    outer loop
      vertex -35.9021 35.9021 -4.6
      vertex -41.7 41.7 -4.6
      vertex -35.7785 36.0141 -4.6
    endloop
  endfacet
  facet normal 0 0 -1
    outer loop
      vertex -36.0141 35.7785 -4.6
      vertex -41.7 41.7 -4.6
      vertex -35.9021 35.9021 -4.6
    endloop
  endfacet
  facet normal 0 0 -1
    outer loop
      vertex -36.1135 35.6445 -4.6
      vertex -41.7 41.7 -4.6
      vertex -36.0141 35.7785 -4.6
    endloop
  endfacet
  facet normal 0 0 -1
    outer loop
      vertex -36.1993 35.5014 -4.6
      vertex -41.7 41.7 -4.6
      vertex -36.1135 35.6445 -4.6
    endloop
  endfacet
  facet normal 0 0 -1
    outer loop
      vertex -36.2706 35.3506 -4.6
      vertex -41.7 41.7 -4.6
      vertex -36.1993 35.5014 -4.6
    endloop
  endfacet
  facet normal 0 0 -1
    outer loop
      vertex -36.3268 35.1935 -4.6
      vertex -41.7 41.7 -4.6
      vertex -36.2706 35.3506 -4.6
    endloop
  endfacet
  facet normal 0 0 -1
    outer loop
      vertex -36.3673 35.0317 -4.6
      vertex -41.7 41.7 -4.6
      vertex -36.3268 35.1935 -4.6
    endloop
  endfacet
  facet normal 0 0 -1
    outer loop
      vertex -36.3918 34.8666 -4.6
      vertex -41.7 41.7 -4.6
      vertex -36.3673 35.0317 -4.6
    endloop
  endfacet
  facet normal 0 0 -1
    outer loop
      vertex -36.4 34.7 -4.6
      vertex -41.7 41.7 -4.6
      vertex -36.3918 34.8666 -4.6
    endloop
  endfacet
  facet normal 0 0 -1
    outer loop
      vertex 36.3673 -34.3683 -4.6
      vertex 41.7 -41.7 -4.6
      vertex 36.3918 -34.5334 -4.6
    endloop
  endfacet
  facet normal 0 0 -1
    outer loop
      vertex 36.3268 -34.2065 -4.6
      vertex 41.7 -41.7 -4.6
      vertex 36.3673 -34.3683 -4.6
    endloop
  endfacet
  facet normal 0 0 -1
    outer loop
      vertex 36.2706 -34.0494 -4.6
      vertex 41.7 -41.7 -4.6
      vertex 36.3268 -34.2065 -4.6
    endloop
  endfacet
  facet normal 0 0 -1
    outer loop
      vertex 41.7 -41.7 -4.6
      vertex 36.2706 -34.0494 -4.6
      vertex 37.9909 -8 -4.6
    endloop
  endfacet
  facet normal 0 0 -1
    outer loop
      vertex 37.9909 -8 -4.6
      vertex 36.2706 -34.0494 -4.6
      vertex 36.3454 -10.85 -4.6
    endloop
  endfacet
  facet normal 0 0 -1
    outer loop
      vertex 36.1993 -33.8986 -4.6
      vertex 36.3454 -10.85 -4.6
      vertex 36.2706 -34.0494 -4.6
    endloop
  endfacet
  facet normal 0 0 -1
    outer loop
      vertex 36.1135 -33.7555 -4.6
      vertex 36.3454 -10.85 -4.6
      vertex 36.1993 -33.8986 -4.6
    endloop
  endfacet
  facet normal 0 0 -1
    outer loop
      vertex 36.0141 -33.6215 -4.6
      vertex 36.3454 -10.85 -4.6
      vertex 36.1135 -33.7555 -4.6
    endloop
  endfacet
  facet normal 0 0 -1
    outer loop
      vertex 35.9021 -33.4979 -4.6
      vertex 36.3454 -10.85 -4.6
      vertex 36.0141 -33.6215 -4.6
    endloop
  endfacet
  facet normal 0 0 -1
    outer loop
      vertex 35.7785 -33.3859 -4.6
      vertex 36.3454 -10.85 -4.6
      vertex 35.9021 -33.4979 -4.6
    endloop
  endfacet
  facet normal 0 0 -1
    outer loop
      vertex 35.6445 -33.2865 -4.6
      vertex 36.3454 -10.85 -4.6
      vertex 35.7785 -33.3859 -4.6
    endloop
  endfacet
  facet normal 0 0 -1
    outer loop
      vertex 35.5014 -33.2007 -4.6
      vertex 36.3454 -10.85 -4.6
      vertex 35.6445 -33.2865 -4.6
    endloop
  endfacet
  facet normal 0 0 -1
    outer loop
      vertex 35.3506 -33.1294 -4.6
      vertex 36.3454 -10.85 -4.6
      vertex 35.5014 -33.2007 -4.6
    endloop
  endfacet
  facet normal 0 0 -1
    outer loop
      vertex 35.1935 -33.0732 -4.6
      vertex 36.3454 -10.85 -4.6
      vertex 35.3506 -33.1294 -4.6
    endloop
  endfacet
  facet normal 0 0 -1
    outer loop
      vertex 35.0317 -33.0327 -4.6
      vertex 36.3454 -10.85 -4.6
      vertex 35.1935 -33.0732 -4.6
    endloop
  endfacet
  facet normal 0 0 -1
    outer loop
      vertex 34.8666 -33.0082 -4.6
      vertex 36.3454 -10.85 -4.6
      vertex 35.0317 -33.0327 -4.6
    endloop
  endfacet
  facet normal 0 0 -1
    outer loop
      vertex 34.7 -33 -4.6
      vertex 36.3454 -10.85 -4.6
      vertex 34.8666 -33.0082 -4.6
    endloop
  endfacet
  facet normal 0 0 -1
    outer loop
      vertex 33.0546 -10.85 -4.6
      vertex 34.7 -33 -4.6
      vertex 34.5334 -33.0082 -4.6
    endloop
  endfacet
  facet normal 0 0 -1
    outer loop
      vertex 33.0546 -10.85 -4.6
      vertex 34.5334 -33.0082 -4.6
      vertex 34.3683 -33.0327 -4.6
    endloop
  endfacet
  facet normal 0 0 -1
    outer loop
      vertex 33.0546 -10.85 -4.6
      vertex 34.3683 -33.0327 -4.6
      vertex 34.2065 -33.0732 -4.6
    endloop
  endfacet
  facet normal 0 0 -1
    outer loop
      vertex 33.0546 -10.85 -4.6
      vertex 34.2065 -33.0732 -4.6
      vertex 34.0494 -33.1294 -4.6
    endloop
  endfacet
  facet normal 0 0 -1
    outer loop
      vertex 33.0546 -10.85 -4.6
      vertex 34.0494 -33.1294 -4.6
      vertex 33.8986 -33.2007 -4.6
    endloop
  endfacet
  facet normal 0 0 -1
    outer loop
      vertex 33.0546 -10.85 -4.6
      vertex 33.8986 -33.2007 -4.6
      vertex 33.7555 -33.2865 -4.6
    endloop
  endfacet
  facet normal 0 0 -1
    outer loop
      vertex 33.0546 -10.85 -4.6
      vertex 33.7555 -33.2865 -4.6
      vertex 33.6215 -33.3859 -4.6
    endloop
  endfacet
  facet normal 0 0 -1
    outer loop
      vertex 33.0546 -10.85 -4.6
      vertex 33.6215 -33.3859 -4.6
      vertex 33.4979 -33.4979 -4.6
    endloop
  endfacet
  facet normal 0 0 -1
    outer loop
      vertex 33.0546 -10.85 -4.6
      vertex 33.4979 -33.4979 -4.6
      vertex 33.3859 -33.6215 -4.6
    endloop
  endfacet
  facet normal 0 0 -1
    outer loop
      vertex 33.0546 -10.85 -4.6
      vertex 33.3859 -33.6215 -4.6
      vertex 33.2865 -33.7555 -4.6
    endloop
  endfacet
  facet normal 0 0 -1
    outer loop
      vertex 33.0546 -10.85 -4.6
      vertex 33.2865 -33.7555 -4.6
      vertex 33.2007 -33.8986 -4.6
    endloop
  endfacet
  facet normal 0 0 -1
    outer loop
      vertex 33.0546 -10.85 -4.6
      vertex 33.2007 -33.8986 -4.6
      vertex 33.1294 -34.0494 -4.6
    endloop
  endfacet
  facet normal 0 0 -1
    outer loop
      vertex 31.4091 -8 -4.6
      vertex 33.1294 -34.0494 -4.6
      vertex 33.0732 -34.2065 -4.6
    endloop
  endfacet
  facet normal 0 0 -1
    outer loop
      vertex 34.7 -33 -4.6
      vertex 33.0546 -10.85 -4.6
      vertex 36.3454 -10.85 -4.6
    endloop
  endfacet
  facet normal 0 0 -1
    outer loop
      vertex 31.4091 -8 -4.6
      vertex 33.0732 -34.2065 -4.6
      vertex 33.0327 -34.3683 -4.6
    endloop
  endfacet
  facet normal 0 0 -1
    outer loop
      vertex 31.4091 -8 -4.6
      vertex 33.0327 -34.3683 -4.6
      vertex 33.0082 -34.5334 -4.6
    endloop
  endfacet
  facet normal 0 0 -1
    outer loop
      vertex 31.4091 -8 -4.6
      vertex 33.0082 -34.5334 -4.6
      vertex 33 -34.7 -4.6
    endloop
  endfacet
  facet normal 0 0 -1
    outer loop
      vertex 33.1294 -34.0494 -4.6
      vertex 31.4091 -8 -4.6
      vertex 33.0546 -10.85 -4.6
    endloop
  endfacet
  facet normal -1 0 0
    outer loop
      vertex -41.7 -41.7 -4.6
      vertex -41.7 41.7 0
      vertex -41.7 41.7 -4.6
    endloop
  endfacet
  facet normal -1 -0 0
    outer loop
      vertex -41.7 41.7 0
      vertex -41.7 -41.7 -4.6
      vertex -41.7 -41.7 0
    endloop
  endfacet
  facet normal 0 1 -0
    outer loop
      vertex 41.7 41.7 -4.6
      vertex -41.7 41.7 0
      vertex 41.7 41.7 0
    endloop
  endfacet
  facet normal 0 1 0
    outer loop
      vertex -41.7 41.7 0
      vertex 41.7 41.7 -4.6
      vertex -41.7 41.7 -4.6
    endloop
  endfacet
  facet normal 0 -1 0
    outer loop
      vertex -41.7 -41.7 -4.6
      vertex 41.7 -41.7 0
      vertex -41.7 -41.7 0
    endloop
  endfacet
  facet normal 0 -1 -0
    outer loop
      vertex 41.7 -41.7 0
      vertex -41.7 -41.7 -4.6
      vertex 41.7 -41.7 -4.6
    endloop
  endfacet
  facet normal -1 0 0
    outer loop
      vertex 27.7 -27.7 -1.6
      vertex 27.7 27.7 0
      vertex 27.7 27.7 -1.6
    endloop
  endfacet
  facet normal -1 -0 0
    outer loop
      vertex 27.7 27.7 0
      vertex 27.7 -27.7 -1.6
      vertex 27.7 -27.7 0
    endloop
  endfacet
  facet normal 0 0 1
    outer loop
      vertex 27.7 27.7 -1.6
      vertex 7 0 -1.6
      vertex 27.7 -27.7 -1.6
    endloop
  endfacet
  facet normal 0 0 1
    outer loop
      vertex 27.7 27.7 -1.6
      vertex 6.96629 0.686119 -1.6
      vertex 7 0 -1.6
    endloop
  endfacet
  facet normal 0 0 1
    outer loop
      vertex 27.7 27.7 -1.6
      vertex 6.8655 1.36563 -1.6
      vertex 6.96629 0.686119 -1.6
    endloop
  endfacet
  facet normal 0 0 1
    outer loop
      vertex 27.7 27.7 -1.6
      vertex 6.69858 2.03199 -1.6
      vertex 6.8655 1.36563 -1.6
    endloop
  endfacet
  facet normal 0 0 1
    outer loop
      vertex 27.7 27.7 -1.6
      vertex 6.46716 2.67878 -1.6
      vertex 6.69858 2.03199 -1.6
    endloop
  endfacet
  facet normal 0 0 1
    outer loop
      vertex 27.7 27.7 -1.6
      vertex 6.17345 3.29978 -1.6
      vertex 6.46716 2.67878 -1.6
    endloop
  endfacet
  facet normal 0 0 1
    outer loop
      vertex 27.7 27.7 -1.6
      vertex 5.82029 3.88899 -1.6
      vertex 6.17345 3.29978 -1.6
    endloop
  endfacet
  facet normal 0 0 1
    outer loop
      vertex 27.7 27.7 -1.6
      vertex 5.41107 4.44075 -1.6
      vertex 5.82029 3.88899 -1.6
    endloop
  endfacet
  facet normal 0 0 1
    outer loop
      vertex 27.7 27.7 -1.6
      vertex 4.94975 4.94975 -1.6
      vertex 5.41107 4.44075 -1.6
    endloop
  endfacet
  facet normal 0 0 1
    outer loop
      vertex 27.7 27.7 -1.6
      vertex 4.44075 5.41107 -1.6
      vertex 4.94975 4.94975 -1.6
    endloop
  endfacet
  facet normal 0 0 1
    outer loop
      vertex 27.7 27.7 -1.6
      vertex 3.88899 5.82029 -1.6
      vertex 4.44075 5.41107 -1.6
    endloop
  endfacet
  facet normal 0 0 1
    outer loop
      vertex 27.7 27.7 -1.6
      vertex 3.29978 6.17345 -1.6
      vertex 3.88899 5.82029 -1.6
    endloop
  endfacet
  facet normal 0 0 1
    outer loop
      vertex 27.7 27.7 -1.6
      vertex 2.67878 6.46716 -1.6
      vertex 3.29978 6.17345 -1.6
    endloop
  endfacet
  facet normal 0 0 1
    outer loop
      vertex 27.7 27.7 -1.6
      vertex 2.03199 6.69858 -1.6
      vertex 2.67878 6.46716 -1.6
    endloop
  endfacet
  facet normal 0 0 1
    outer loop
      vertex 27.7 27.7 -1.6
      vertex 1.36563 6.8655 -1.6
      vertex 2.03199 6.69858 -1.6
    endloop
  endfacet
  facet normal 0 0 1
    outer loop
      vertex 27.7 27.7 -1.6
      vertex 0.686119 6.96629 -1.6
      vertex 1.36563 6.8655 -1.6
    endloop
  endfacet
  facet normal 0 0 1
    outer loop
      vertex 27.7 27.7 -1.6
      vertex 0 7 -1.6
      vertex 0.686119 6.96629 -1.6
    endloop
  endfacet
  facet normal -0 0 1
    outer loop
      vertex -27.7 27.7 -1.6
      vertex 0 7 -1.6
      vertex 27.7 27.7 -1.6
    endloop
  endfacet
  facet normal 0 0 1
    outer loop
      vertex 0 7 -1.6
      vertex -27.7 27.7 -1.6
      vertex -0.686119 6.96629 -1.6
    endloop
  endfacet
  facet normal 0 0 1
    outer loop
      vertex -0.686119 6.96629 -1.6
      vertex -27.7 27.7 -1.6
      vertex -1.36563 6.8655 -1.6
    endloop
  endfacet
  facet normal 0 0 1
    outer loop
      vertex -1.36563 6.8655 -1.6
      vertex -27.7 27.7 -1.6
      vertex -2.03199 6.69858 -1.6
    endloop
  endfacet
  facet normal 0 0 1
    outer loop
      vertex -2.03199 6.69858 -1.6
      vertex -27.7 27.7 -1.6
      vertex -2.67878 6.46716 -1.6
    endloop
  endfacet
  facet normal 0 0 1
    outer loop
      vertex -2.67878 6.46716 -1.6
      vertex -27.7 27.7 -1.6
      vertex -3.29978 6.17345 -1.6
    endloop
  endfacet
  facet normal 0 0 1
    outer loop
      vertex -6.96629 0.686119 -1.6
      vertex -27.7 27.7 -1.6
      vertex -7 0 -1.6
    endloop
  endfacet
  facet normal 0 0 1
    outer loop
      vertex -6.8655 1.36563 -1.6
      vertex -27.7 27.7 -1.6
      vertex -6.96629 0.686119 -1.6
    endloop
  endfacet
  facet normal 0 0 1
    outer loop
      vertex -6.69858 2.03199 -1.6
      vertex -27.7 27.7 -1.6
      vertex -6.8655 1.36563 -1.6
    endloop
  endfacet
  facet normal 0 0 1
    outer loop
      vertex -6.46716 2.67878 -1.6
      vertex -27.7 27.7 -1.6
      vertex -6.69858 2.03199 -1.6
    endloop
  endfacet
  facet normal 0 0 1
    outer loop
      vertex -6.17345 3.29978 -1.6
      vertex -27.7 27.7 -1.6
      vertex -6.46716 2.67878 -1.6
    endloop
  endfacet
  facet normal 0 0 1
    outer loop
      vertex -5.82029 3.88899 -1.6
      vertex -27.7 27.7 -1.6
      vertex -6.17345 3.29978 -1.6
    endloop
  endfacet
  facet normal 0 0 1
    outer loop
      vertex -5.41107 4.44075 -1.6
      vertex -27.7 27.7 -1.6
      vertex -5.82029 3.88899 -1.6
    endloop
  endfacet
  facet normal 0 0 1
    outer loop
      vertex -4.94975 4.94975 -1.6
      vertex -27.7 27.7 -1.6
      vertex -5.41107 4.44075 -1.6
    endloop
  endfacet
  facet normal 0 0 1
    outer loop
      vertex -4.44075 5.41107 -1.6
      vertex -27.7 27.7 -1.6
      vertex -4.94975 4.94975 -1.6
    endloop
  endfacet
  facet normal 0 0 1
    outer loop
      vertex -3.88899 5.82029 -1.6
      vertex -27.7 27.7 -1.6
      vertex -4.44075 5.41107 -1.6
    endloop
  endfacet
  facet normal 0 0 1
    outer loop
      vertex -3.29978 6.17345 -1.6
      vertex -27.7 27.7 -1.6
      vertex -3.88899 5.82029 -1.6
    endloop
  endfacet
  facet normal -0 0 1
    outer loop
      vertex 6.96629 -0.686119 -1.6
      vertex 27.7 -27.7 -1.6
      vertex 7 0 -1.6
    endloop
  endfacet
  facet normal -0 0 1
    outer loop
      vertex 6.8655 -1.36563 -1.6
      vertex 27.7 -27.7 -1.6
      vertex 6.96629 -0.686119 -1.6
    endloop
  endfacet
  facet normal -0 0 1
    outer loop
      vertex 6.69858 -2.03199 -1.6
      vertex 27.7 -27.7 -1.6
      vertex 6.8655 -1.36563 -1.6
    endloop
  endfacet
  facet normal -0 0 1
    outer loop
      vertex 6.46716 -2.67878 -1.6
      vertex 27.7 -27.7 -1.6
      vertex 6.69858 -2.03199 -1.6
    endloop
  endfacet
  facet normal -0 0 1
    outer loop
      vertex 6.17345 -3.29978 -1.6
      vertex 27.7 -27.7 -1.6
      vertex 6.46716 -2.67878 -1.6
    endloop
  endfacet
  facet normal -0 0 1
    outer loop
      vertex 5.82029 -3.88899 -1.6
      vertex 27.7 -27.7 -1.6
      vertex 6.17345 -3.29978 -1.6
    endloop
  endfacet
  facet normal -0 0 1
    outer loop
      vertex 5.41107 -4.44075 -1.6
      vertex 27.7 -27.7 -1.6
      vertex 5.82029 -3.88899 -1.6
    endloop
  endfacet
  facet normal -0 0 1
    outer loop
      vertex 4.94975 -4.94975 -1.6
      vertex 27.7 -27.7 -1.6
      vertex 5.41107 -4.44075 -1.6
    endloop
  endfacet
  facet normal -0 0 1
    outer loop
      vertex 4.44075 -5.41107 -1.6
      vertex 27.7 -27.7 -1.6
      vertex 4.94975 -4.94975 -1.6
    endloop
  endfacet
  facet normal -0 0 1
    outer loop
      vertex 3.88899 -5.82029 -1.6
      vertex 27.7 -27.7 -1.6
      vertex 4.44075 -5.41107 -1.6
    endloop
  endfacet
  facet normal -0 0 1
    outer loop
      vertex 3.29978 -6.17345 -1.6
      vertex 27.7 -27.7 -1.6
      vertex 3.88899 -5.82029 -1.6
    endloop
  endfacet
  facet normal -0 0 1
    outer loop
      vertex 2.67878 -6.46716 -1.6
      vertex 27.7 -27.7 -1.6
      vertex 3.29978 -6.17345 -1.6
    endloop
  endfacet
  facet normal -0 0 1
    outer loop
      vertex 2.03199 -6.69858 -1.6
      vertex 27.7 -27.7 -1.6
      vertex 2.67878 -6.46716 -1.6
    endloop
  endfacet
  facet normal -0 0 1
    outer loop
      vertex 1.36563 -6.8655 -1.6
      vertex 27.7 -27.7 -1.6
      vertex 2.03199 -6.69858 -1.6
    endloop
  endfacet
  facet normal -0 0 1
    outer loop
      vertex 0.686119 -6.96629 -1.6
      vertex 27.7 -27.7 -1.6
      vertex 1.36563 -6.8655 -1.6
    endloop
  endfacet
  facet normal -0 0 1
    outer loop
      vertex 0 -7 -1.6
      vertex 27.7 -27.7 -1.6
      vertex 0.686119 -6.96629 -1.6
    endloop
  endfacet
  facet normal 0 0 1
    outer loop
      vertex -27.7 -27.7 -1.6
      vertex 0 -7 -1.6
      vertex -0.686119 -6.96629 -1.6
    endloop
  endfacet
  facet normal 0 0 1
    outer loop
      vertex -27.7 -27.7 -1.6
      vertex -0.686119 -6.96629 -1.6
      vertex -1.36563 -6.8655 -1.6
    endloop
  endfacet
  facet normal 0 0 1
    outer loop
      vertex -27.7 -27.7 -1.6
      vertex -1.36563 -6.8655 -1.6
      vertex -2.03199 -6.69858 -1.6
    endloop
  endfacet
  facet normal 0 0 1
    outer loop
      vertex -27.7 -27.7 -1.6
      vertex -2.03199 -6.69858 -1.6
      vertex -2.67878 -6.46716 -1.6
    endloop
  endfacet
  facet normal 0 0 1
    outer loop
      vertex -27.7 -27.7 -1.6
      vertex -2.67878 -6.46716 -1.6
      vertex -3.29978 -6.17345 -1.6
    endloop
  endfacet
  facet normal 0 0 1
    outer loop
      vertex -27.7 -27.7 -1.6
      vertex -3.29978 -6.17345 -1.6
      vertex -3.88899 -5.82029 -1.6
    endloop
  endfacet
  facet normal 0 0 1
    outer loop
      vertex -27.7 -27.7 -1.6
      vertex -7 0 -1.6
      vertex -27.7 27.7 -1.6
    endloop
  endfacet
  facet normal 0 0 1
    outer loop
      vertex -7 0 -1.6
      vertex -27.7 -27.7 -1.6
      vertex -6.96629 -0.686119 -1.6
    endloop
  endfacet
  facet normal 0 0 1
    outer loop
      vertex -6.96629 -0.686119 -1.6
      vertex -27.7 -27.7 -1.6
      vertex -6.8655 -1.36563 -1.6
    endloop
  endfacet
  facet normal 0 0 1
    outer loop
      vertex -6.8655 -1.36563 -1.6
      vertex -27.7 -27.7 -1.6
      vertex -6.69858 -2.03199 -1.6
    endloop
  endfacet
  facet normal 0 0 1
    outer loop
      vertex -6.69858 -2.03199 -1.6
      vertex -27.7 -27.7 -1.6
      vertex -6.46716 -2.67878 -1.6
    endloop
  endfacet
  facet normal 0 0 1
    outer loop
      vertex -6.46716 -2.67878 -1.6
      vertex -27.7 -27.7 -1.6
      vertex -6.17345 -3.29978 -1.6
    endloop
  endfacet
  facet normal 0 0 1
    outer loop
      vertex 0 -7 -1.6
      vertex -27.7 -27.7 -1.6
      vertex 27.7 -27.7 -1.6
    endloop
  endfacet
  facet normal 0 0 1
    outer loop
      vertex -4.44075 -5.41107 -1.6
      vertex -27.7 -27.7 -1.6
      vertex -3.88899 -5.82029 -1.6
    endloop
  endfacet
  facet normal 0 0 1
    outer loop
      vertex -4.94975 -4.94975 -1.6
      vertex -27.7 -27.7 -1.6
      vertex -4.44075 -5.41107 -1.6
    endloop
  endfacet
  facet normal 0 0 1
    outer loop
      vertex -5.41107 -4.44075 -1.6
      vertex -27.7 -27.7 -1.6
      vertex -4.94975 -4.94975 -1.6
    endloop
  endfacet
  facet normal 0 0 1
    outer loop
      vertex -5.82029 -3.88899 -1.6
      vertex -27.7 -27.7 -1.6
      vertex -5.41107 -4.44075 -1.6
    endloop
  endfacet
  facet normal 0 0 1
    outer loop
      vertex -6.17345 -3.29978 -1.6
      vertex -27.7 -27.7 -1.6
      vertex -5.82029 -3.88899 -1.6
    endloop
  endfacet
  facet normal 1 -0 0
    outer loop
      vertex -27.7 -27.7 0
      vertex -27.7 27.7 -1.6
      vertex -27.7 27.7 0
    endloop
  endfacet
  facet normal 1 0 0
    outer loop
      vertex -27.7 27.7 -1.6
      vertex -27.7 -27.7 0
      vertex -27.7 -27.7 -1.6
    endloop
  endfacet
  facet normal 0 -1 0
    outer loop
      vertex -27.7 27.7 -1.6
      vertex 27.7 27.7 0
      vertex -27.7 27.7 0
    endloop
  endfacet
  facet normal 0 -1 -0
    outer loop
      vertex 27.7 27.7 0
      vertex -27.7 27.7 -1.6
      vertex 27.7 27.7 -1.6
    endloop
  endfacet
  facet normal 0 1 -0
    outer loop
      vertex 27.7 -27.7 -1.6
      vertex -27.7 -27.7 0
      vertex 27.7 -27.7 0
    endloop
  endfacet
  facet normal 0 1 0
    outer loop
      vertex -27.7 -27.7 0
      vertex 27.7 -27.7 -1.6
      vertex -27.7 -27.7 -1.6
    endloop
  endfacet
  facet normal -0.989178 -0.146722 0
    outer loop
      vertex 6.96629 0.686119 -4.6
      vertex 6.8655 1.36563 -1.6
      vertex 6.8655 1.36563 -4.6
    endloop
  endfacet
  facet normal -0.989178 -0.146722 0
    outer loop
      vertex 6.8655 1.36563 -1.6
      vertex 6.96629 0.686119 -4.6
      vertex 6.96629 0.686119 -1.6
    endloop
  endfacet
  facet normal -0.998795 -0.0490722 0
    outer loop
      vertex 7 0 -4.6
      vertex 6.96629 0.686119 -1.6
      vertex 6.96629 0.686119 -4.6
    endloop
  endfacet
  facet normal -0.998795 -0.0490722 0
    outer loop
      vertex 6.96629 0.686119 -1.6
      vertex 7 0 -4.6
      vertex 7 0 -1.6
    endloop
  endfacet
  facet normal -0.970029 -0.242988 0
    outer loop
      vertex 6.8655 1.36563 -4.6
      vertex 6.69858 2.03199 -1.6
      vertex 6.69858 2.03199 -4.6
    endloop
  endfacet
  facet normal -0.970029 -0.242988 0
    outer loop
      vertex 6.69858 2.03199 -1.6
      vertex 6.8655 1.36563 -4.6
      vertex 6.8655 1.36563 -1.6
    endloop
  endfacet
  facet normal -0.427554 0.90399 0
    outer loop
      vertex 3.29978 -6.17345 -4.6
      vertex 2.67878 -6.46716 -1.6
      vertex 3.29978 -6.17345 -1.6
    endloop
  endfacet
  facet normal -0.427554 0.90399 0
    outer loop
      vertex 2.67878 -6.46716 -1.6
      vertex 3.29978 -6.17345 -4.6
      vertex 2.67878 -6.46716 -4.6
    endloop
  endfacet
  facet normal 0.0490722 -0.998795 0
    outer loop
      vertex -0.686119 6.96629 -4.6
      vertex 0 7 -1.6
      vertex -0.686119 6.96629 -1.6
    endloop
  endfacet
  facet normal 0.0490722 -0.998795 0
    outer loop
      vertex 0 7 -1.6
      vertex -0.686119 6.96629 -4.6
      vertex 0 7 -4.6
    endloop
  endfacet
  facet normal 0.427554 -0.90399 0
    outer loop
      vertex -3.29978 6.17345 -4.6
      vertex -2.67878 6.46716 -1.6
      vertex -3.29978 6.17345 -1.6
    endloop
  endfacet
  facet normal 0.427554 -0.90399 0
    outer loop
      vertex -2.67878 6.46716 -1.6
      vertex -3.29978 6.17345 -4.6
      vertex -2.67878 6.46716 -4.6
    endloop
  endfacet
  facet normal -0.740959 -0.67155 0
    outer loop
      vertex 5.41107 4.44075 -4.6
      vertex 4.94975 4.94975 -1.6
      vertex 4.94975 4.94975 -4.6
    endloop
  endfacet
  facet normal -0.740959 -0.67155 0
    outer loop
      vertex 4.94975 4.94975 -1.6
      vertex 5.41107 4.44075 -4.6
      vertex 5.41107 4.44075 -1.6
    endloop
  endfacet
  facet normal 0.146722 0.989178 -0
    outer loop
      vertex -0.686119 -6.96629 -4.6
      vertex -1.36563 -6.8655 -1.6
      vertex -0.686119 -6.96629 -1.6
    endloop
  endfacet
  facet normal 0.146722 0.989178 0
    outer loop
      vertex -1.36563 -6.8655 -1.6
      vertex -0.686119 -6.96629 -4.6
      vertex -1.36563 -6.8655 -4.6
    endloop
  endfacet
  facet normal -0.427554 -0.90399 0
    outer loop
      vertex 2.67878 6.46716 -4.6
      vertex 3.29978 6.17345 -1.6
      vertex 2.67878 6.46716 -1.6
    endloop
  endfacet
  facet normal -0.427554 -0.90399 -0
    outer loop
      vertex 3.29978 6.17345 -1.6
      vertex 2.67878 6.46716 -4.6
      vertex 3.29978 6.17345 -4.6
    endloop
  endfacet
  facet normal 0.146722 -0.989178 0
    outer loop
      vertex -1.36563 6.8655 -4.6
      vertex -0.686119 6.96629 -1.6
      vertex -1.36563 6.8655 -1.6
    endloop
  endfacet
  facet normal 0.146722 -0.989178 0
    outer loop
      vertex -0.686119 6.96629 -1.6
      vertex -1.36563 6.8655 -4.6
      vertex -0.686119 6.96629 -4.6
    endloop
  endfacet
  facet normal -0.242988 0.970029 0
    outer loop
      vertex 2.03199 -6.69858 -4.6
      vertex 1.36563 -6.8655 -1.6
      vertex 2.03199 -6.69858 -1.6
    endloop
  endfacet
  facet normal -0.242988 0.970029 0
    outer loop
      vertex 1.36563 -6.8655 -1.6
      vertex 2.03199 -6.69858 -4.6
      vertex 1.36563 -6.8655 -4.6
    endloop
  endfacet
  facet normal 0.595706 -0.803203 0
    outer loop
      vertex -4.44075 5.41107 -4.6
      vertex -3.88899 5.82029 -1.6
      vertex -4.44075 5.41107 -1.6
    endloop
  endfacet
  facet normal 0.595706 -0.803203 0
    outer loop
      vertex -3.88899 5.82029 -1.6
      vertex -4.44075 5.41107 -4.6
      vertex -3.88899 5.82029 -4.6
    endloop
  endfacet
  facet normal 0.90399 -0.427554 0
    outer loop
      vertex -6.46716 2.67878 -1.6
      vertex -6.17345 3.29978 -4.6
      vertex -6.17345 3.29978 -1.6
    endloop
  endfacet
  facet normal 0.90399 -0.427554 0
    outer loop
      vertex -6.17345 3.29978 -4.6
      vertex -6.46716 2.67878 -1.6
      vertex -6.46716 2.67878 -4.6
    endloop
  endfacet
  facet normal 0.427554 0.90399 -0
    outer loop
      vertex -2.67878 -6.46716 -4.6
      vertex -3.29978 -6.17345 -1.6
      vertex -2.67878 -6.46716 -1.6
    endloop
  endfacet
  facet normal 0.427554 0.90399 0
    outer loop
      vertex -3.29978 -6.17345 -1.6
      vertex -2.67878 -6.46716 -4.6
      vertex -3.29978 -6.17345 -4.6
    endloop
  endfacet
  facet normal 0.595706 0.803203 -0
    outer loop
      vertex -3.88899 -5.82029 -4.6
      vertex -4.44075 -5.41107 -1.6
      vertex -3.88899 -5.82029 -1.6
    endloop
  endfacet
  facet normal 0.595706 0.803203 0
    outer loop
      vertex -4.44075 -5.41107 -1.6
      vertex -3.88899 -5.82029 -4.6
      vertex -4.44075 -5.41107 -4.6
    endloop
  endfacet
  facet normal 0.90399 0.427554 0
    outer loop
      vertex -6.17345 -3.29978 -1.6
      vertex -6.46716 -2.67878 -4.6
      vertex -6.46716 -2.67878 -1.6
    endloop
  endfacet
  facet normal 0.90399 0.427554 0
    outer loop
      vertex -6.46716 -2.67878 -4.6
      vertex -6.17345 -3.29978 -1.6
      vertex -6.17345 -3.29978 -4.6
    endloop
  endfacet
  facet normal -0.514104 -0.857728 0
    outer loop
      vertex 3.29978 6.17345 -4.6
      vertex 3.88899 5.82029 -1.6
      vertex 3.29978 6.17345 -1.6
    endloop
  endfacet
  facet normal -0.514104 -0.857728 -0
    outer loop
      vertex 3.88899 5.82029 -1.6
      vertex 3.29978 6.17345 -4.6
      vertex 3.88899 5.82029 -4.6
    endloop
  endfacet
  facet normal -0.595706 0.803203 0
    outer loop
      vertex 4.44075 -5.41107 -4.6
      vertex 3.88899 -5.82029 -1.6
      vertex 4.44075 -5.41107 -1.6
    endloop
  endfacet
  facet normal -0.595706 0.803203 0
    outer loop
      vertex 3.88899 -5.82029 -1.6
      vertex 4.44075 -5.41107 -4.6
      vertex 3.88899 -5.82029 -4.6
    endloop
  endfacet
  facet normal 0.998795 0.0490722 0
    outer loop
      vertex -6.96629 -0.686119 -1.6
      vertex -7 0 -4.6
      vertex -7 0 -1.6
    endloop
  endfacet
  facet normal 0.998795 0.0490722 0
    outer loop
      vertex -7 0 -4.6
      vertex -6.96629 -0.686119 -1.6
      vertex -6.96629 -0.686119 -4.6
    endloop
  endfacet
  facet normal -0.595706 -0.803203 0
    outer loop
      vertex 3.88899 5.82029 -4.6
      vertex 4.44075 5.41107 -1.6
      vertex 3.88899 5.82029 -1.6
    endloop
  endfacet
  facet normal -0.595706 -0.803203 -0
    outer loop
      vertex 4.44075 5.41107 -1.6
      vertex 3.88899 5.82029 -4.6
      vertex 4.44075 5.41107 -4.6
    endloop
  endfacet
  facet normal -0.970029 0.242988 0
    outer loop
      vertex 6.69858 -2.03199 -4.6
      vertex 6.8655 -1.36563 -1.6
      vertex 6.8655 -1.36563 -4.6
    endloop
  endfacet
  facet normal -0.970029 0.242988 0
    outer loop
      vertex 6.8655 -1.36563 -1.6
      vertex 6.69858 -2.03199 -4.6
      vertex 6.69858 -2.03199 -1.6
    endloop
  endfacet
  facet normal 0.941546 0.336883 0
    outer loop
      vertex -6.46716 -2.67878 -1.6
      vertex -6.69858 -2.03199 -4.6
      vertex -6.69858 -2.03199 -1.6
    endloop
  endfacet
  facet normal 0.941546 0.336883 0
    outer loop
      vertex -6.69858 -2.03199 -4.6
      vertex -6.46716 -2.67878 -1.6
      vertex -6.46716 -2.67878 -4.6
    endloop
  endfacet
  facet normal -0.242988 -0.970029 0
    outer loop
      vertex 1.36563 6.8655 -4.6
      vertex 2.03199 6.69858 -1.6
      vertex 1.36563 6.8655 -1.6
    endloop
  endfacet
  facet normal -0.242988 -0.970029 -0
    outer loop
      vertex 2.03199 6.69858 -1.6
      vertex 1.36563 6.8655 -4.6
      vertex 2.03199 6.69858 -4.6
    endloop
  endfacet
  facet normal 0.740959 -0.67155 0
    outer loop
      vertex -5.41107 4.44075 -1.6
      vertex -4.94975 4.94975 -4.6
      vertex -4.94975 4.94975 -1.6
    endloop
  endfacet
  facet normal 0.740959 -0.67155 0
    outer loop
      vertex -4.94975 4.94975 -4.6
      vertex -5.41107 4.44075 -1.6
      vertex -5.41107 4.44075 -4.6
    endloop
  endfacet
  facet normal -0.0490722 0.998795 0
    outer loop
      vertex 0.686119 -6.96629 -4.6
      vertex 0 -7 -1.6
      vertex 0.686119 -6.96629 -1.6
    endloop
  endfacet
  facet normal -0.0490722 0.998795 0
    outer loop
      vertex 0 -7 -1.6
      vertex 0.686119 -6.96629 -4.6
      vertex 0 -7 -4.6
    endloop
  endfacet
  facet normal -0.803203 -0.595706 0
    outer loop
      vertex 5.82029 3.88899 -4.6
      vertex 5.41107 4.44075 -1.6
      vertex 5.41107 4.44075 -4.6
    endloop
  endfacet
  facet normal -0.803203 -0.595706 0
    outer loop
      vertex 5.41107 4.44075 -1.6
      vertex 5.82029 3.88899 -4.6
      vertex 5.82029 3.88899 -1.6
    endloop
  endfacet
  facet normal 0.970029 0.242988 0
    outer loop
      vertex -6.69858 -2.03199 -1.6
      vertex -6.8655 -1.36563 -4.6
      vertex -6.8655 -1.36563 -1.6
    endloop
  endfacet
  facet normal 0.970029 0.242988 0
    outer loop
      vertex -6.8655 -1.36563 -4.6
      vertex -6.69858 -2.03199 -1.6
      vertex -6.69858 -2.03199 -4.6
    endloop
  endfacet
  facet normal -0.989178 0.146722 0
    outer loop
      vertex 6.8655 -1.36563 -4.6
      vertex 6.96629 -0.686119 -1.6
      vertex 6.96629 -0.686119 -4.6
    endloop
  endfacet
  facet normal -0.989178 0.146722 0
    outer loop
      vertex 6.96629 -0.686119 -1.6
      vertex 6.8655 -1.36563 -4.6
      vertex 6.8655 -1.36563 -1.6
    endloop
  endfacet
  facet normal -0.514104 0.857728 0
    outer loop
      vertex 3.88899 -5.82029 -4.6
      vertex 3.29978 -6.17345 -1.6
      vertex 3.88899 -5.82029 -1.6
    endloop
  endfacet
  facet normal -0.514104 0.857728 0
    outer loop
      vertex 3.29978 -6.17345 -1.6
      vertex 3.88899 -5.82029 -4.6
      vertex 3.29978 -6.17345 -4.6
    endloop
  endfacet
  facet normal 0.941546 -0.336883 0
    outer loop
      vertex -6.69858 2.03199 -1.6
      vertex -6.46716 2.67878 -4.6
      vertex -6.46716 2.67878 -1.6
    endloop
  endfacet
  facet normal 0.941546 -0.336883 0
    outer loop
      vertex -6.46716 2.67878 -4.6
      vertex -6.69858 2.03199 -1.6
      vertex -6.69858 2.03199 -4.6
    endloop
  endfacet
  facet normal -0.67155 -0.740959 0
    outer loop
      vertex 4.44075 5.41107 -4.6
      vertex 4.94975 4.94975 -1.6
      vertex 4.44075 5.41107 -1.6
    endloop
  endfacet
  facet normal -0.67155 -0.740959 -0
    outer loop
      vertex 4.94975 4.94975 -1.6
      vertex 4.44075 5.41107 -4.6
      vertex 4.94975 4.94975 -4.6
    endloop
  endfacet
  facet normal 0.989178 -0.146722 0
    outer loop
      vertex -6.96629 0.686119 -1.6
      vertex -6.8655 1.36563 -4.6
      vertex -6.8655 1.36563 -1.6
    endloop
  endfacet
  facet normal 0.989178 -0.146722 0
    outer loop
      vertex -6.8655 1.36563 -4.6
      vertex -6.96629 0.686119 -1.6
      vertex -6.96629 0.686119 -4.6
    endloop
  endfacet
  facet normal -0.90399 0.427554 0
    outer loop
      vertex 6.17345 -3.29978 -4.6
      vertex 6.46716 -2.67878 -1.6
      vertex 6.46716 -2.67878 -4.6
    endloop
  endfacet
  facet normal -0.90399 0.427554 0
    outer loop
      vertex 6.46716 -2.67878 -1.6
      vertex 6.17345 -3.29978 -4.6
      vertex 6.17345 -3.29978 -1.6
    endloop
  endfacet
  facet normal -0.336883 -0.941546 0
    outer loop
      vertex 2.03199 6.69858 -4.6
      vertex 2.67878 6.46716 -1.6
      vertex 2.03199 6.69858 -1.6
    endloop
  endfacet
  facet normal -0.336883 -0.941546 -0
    outer loop
      vertex 2.67878 6.46716 -1.6
      vertex 2.03199 6.69858 -4.6
      vertex 2.67878 6.46716 -4.6
    endloop
  endfacet
  facet normal -0.998795 0.0490722 0
    outer loop
      vertex 6.96629 -0.686119 -4.6
      vertex 7 0 -1.6
      vertex 7 0 -4.6
    endloop
  endfacet
  facet normal -0.998795 0.0490722 0
    outer loop
      vertex 7 0 -1.6
      vertex 6.96629 -0.686119 -4.6
      vertex 6.96629 -0.686119 -1.6
    endloop
  endfacet
  facet normal -0.146722 0.989178 0
    outer loop
      vertex 1.36563 -6.8655 -4.6
      vertex 0.686119 -6.96629 -1.6
      vertex 1.36563 -6.8655 -1.6
    endloop
  endfacet
  facet normal -0.146722 0.989178 0
    outer loop
      vertex 0.686119 -6.96629 -1.6
      vertex 1.36563 -6.8655 -4.6
      vertex 0.686119 -6.96629 -4.6
    endloop
  endfacet
  facet normal -0.941546 -0.336883 0
    outer loop
      vertex 6.69858 2.03199 -4.6
      vertex 6.46716 2.67878 -1.6
      vertex 6.46716 2.67878 -4.6
    endloop
  endfacet
  facet normal -0.941546 -0.336883 0
    outer loop
      vertex 6.46716 2.67878 -1.6
      vertex 6.69858 2.03199 -4.6
      vertex 6.69858 2.03199 -1.6
    endloop
  endfacet
  facet normal -0.803203 0.595706 0
    outer loop
      vertex 5.41107 -4.44075 -4.6
      vertex 5.82029 -3.88899 -1.6
      vertex 5.82029 -3.88899 -4.6
    endloop
  endfacet
  facet normal -0.803203 0.595706 0
    outer loop
      vertex 5.82029 -3.88899 -1.6
      vertex 5.41107 -4.44075 -4.6
      vertex 5.41107 -4.44075 -1.6
    endloop
  endfacet
  facet normal -0.857728 0.514104 0
    outer loop
      vertex 5.82029 -3.88899 -4.6
      vertex 6.17345 -3.29978 -1.6
      vertex 6.17345 -3.29978 -4.6
    endloop
  endfacet
  facet normal -0.857728 0.514104 0
    outer loop
      vertex 6.17345 -3.29978 -1.6
      vertex 5.82029 -3.88899 -4.6
      vertex 5.82029 -3.88899 -1.6
    endloop
  endfacet
  facet normal 0.242988 -0.970029 0
    outer loop
      vertex -2.03199 6.69858 -4.6
      vertex -1.36563 6.8655 -1.6
      vertex -2.03199 6.69858 -1.6
    endloop
  endfacet
  facet normal 0.242988 -0.970029 0
    outer loop
      vertex -1.36563 6.8655 -1.6
      vertex -2.03199 6.69858 -4.6
      vertex -1.36563 6.8655 -4.6
    endloop
  endfacet
  facet normal -0.941546 0.336883 0
    outer loop
      vertex 6.46716 -2.67878 -4.6
      vertex 6.69858 -2.03199 -1.6
      vertex 6.69858 -2.03199 -4.6
    endloop
  endfacet
  facet normal -0.941546 0.336883 0
    outer loop
      vertex 6.69858 -2.03199 -1.6
      vertex 6.46716 -2.67878 -4.6
      vertex 6.46716 -2.67878 -1.6
    endloop
  endfacet
  facet normal -0.0490722 -0.998795 0
    outer loop
      vertex 0 7 -4.6
      vertex 0.686119 6.96629 -1.6
      vertex 0 7 -1.6
    endloop
  endfacet
  facet normal -0.0490722 -0.998795 -0
    outer loop
      vertex 0.686119 6.96629 -1.6
      vertex 0 7 -4.6
      vertex 0.686119 6.96629 -4.6
    endloop
  endfacet
  facet normal 0.514104 -0.857728 0
    outer loop
      vertex -3.88899 5.82029 -4.6
      vertex -3.29978 6.17345 -1.6
      vertex -3.88899 5.82029 -1.6
    endloop
  endfacet
  facet normal 0.514104 -0.857728 0
    outer loop
      vertex -3.29978 6.17345 -1.6
      vertex -3.88899 5.82029 -4.6
      vertex -3.29978 6.17345 -4.6
    endloop
  endfacet
  facet normal -0.90399 -0.427554 0
    outer loop
      vertex 6.46716 2.67878 -4.6
      vertex 6.17345 3.29978 -1.6
      vertex 6.17345 3.29978 -4.6
    endloop
  endfacet
  facet normal -0.90399 -0.427554 0
    outer loop
      vertex 6.17345 3.29978 -1.6
      vertex 6.46716 2.67878 -4.6
      vertex 6.46716 2.67878 -1.6
    endloop
  endfacet
  facet normal -0.146722 -0.989178 0
    outer loop
      vertex 0.686119 6.96629 -4.6
      vertex 1.36563 6.8655 -1.6
      vertex 0.686119 6.96629 -1.6
    endloop
  endfacet
  facet normal -0.146722 -0.989178 -0
    outer loop
      vertex 1.36563 6.8655 -1.6
      vertex 0.686119 6.96629 -4.6
      vertex 1.36563 6.8655 -4.6
    endloop
  endfacet
  facet normal 0.242988 0.970029 -0
    outer loop
      vertex -1.36563 -6.8655 -4.6
      vertex -2.03199 -6.69858 -1.6
      vertex -1.36563 -6.8655 -1.6
    endloop
  endfacet
  facet normal 0.242988 0.970029 0
    outer loop
      vertex -2.03199 -6.69858 -1.6
      vertex -1.36563 -6.8655 -4.6
      vertex -2.03199 -6.69858 -4.6
    endloop
  endfacet
  facet normal 0.857728 0.514104 0
    outer loop
      vertex -5.82029 -3.88899 -1.6
      vertex -6.17345 -3.29978 -4.6
      vertex -6.17345 -3.29978 -1.6
    endloop
  endfacet
  facet normal 0.857728 0.514104 0
    outer loop
      vertex -6.17345 -3.29978 -4.6
      vertex -5.82029 -3.88899 -1.6
      vertex -5.82029 -3.88899 -4.6
    endloop
  endfacet
  facet normal -0.857728 -0.514104 0
    outer loop
      vertex 6.17345 3.29978 -4.6
      vertex 5.82029 3.88899 -1.6
      vertex 5.82029 3.88899 -4.6
    endloop
  endfacet
  facet normal -0.857728 -0.514104 0
    outer loop
      vertex 5.82029 3.88899 -1.6
      vertex 6.17345 3.29978 -4.6
      vertex 6.17345 3.29978 -1.6
    endloop
  endfacet
  facet normal 0.336883 -0.941546 0
    outer loop
      vertex -2.67878 6.46716 -4.6
      vertex -2.03199 6.69858 -1.6
      vertex -2.67878 6.46716 -1.6
    endloop
  endfacet
  facet normal 0.336883 -0.941546 0
    outer loop
      vertex -2.03199 6.69858 -1.6
      vertex -2.67878 6.46716 -4.6
      vertex -2.03199 6.69858 -4.6
    endloop
  endfacet
  facet normal 0.740959 0.67155 0
    outer loop
      vertex -4.94975 -4.94975 -1.6
      vertex -5.41107 -4.44075 -4.6
      vertex -5.41107 -4.44075 -1.6
    endloop
  endfacet
  facet normal 0.740959 0.67155 0
    outer loop
      vertex -5.41107 -4.44075 -4.6
      vertex -4.94975 -4.94975 -1.6
      vertex -4.94975 -4.94975 -4.6
    endloop
  endfacet
  facet normal 0.67155 -0.740959 0
    outer loop
      vertex -4.94975 4.94975 -4.6
      vertex -4.44075 5.41107 -1.6
      vertex -4.94975 4.94975 -1.6
    endloop
  endfacet
  facet normal 0.67155 -0.740959 0
    outer loop
      vertex -4.44075 5.41107 -1.6
      vertex -4.94975 4.94975 -4.6
      vertex -4.44075 5.41107 -4.6
    endloop
  endfacet
  facet normal 0.514104 0.857728 -0
    outer loop
      vertex -3.29978 -6.17345 -4.6
      vertex -3.88899 -5.82029 -1.6
      vertex -3.29978 -6.17345 -1.6
    endloop
  endfacet
  facet normal 0.514104 0.857728 0
    outer loop
      vertex -3.88899 -5.82029 -1.6
      vertex -3.29978 -6.17345 -4.6
      vertex -3.88899 -5.82029 -4.6
    endloop
  endfacet
  facet normal 0.970029 -0.242988 0
    outer loop
      vertex -6.8655 1.36563 -1.6
      vertex -6.69858 2.03199 -4.6
      vertex -6.69858 2.03199 -1.6
    endloop
  endfacet
  facet normal 0.970029 -0.242988 0
    outer loop
      vertex -6.69858 2.03199 -4.6
      vertex -6.8655 1.36563 -1.6
      vertex -6.8655 1.36563 -4.6
    endloop
  endfacet
  facet normal -0.336883 0.941546 0
    outer loop
      vertex 2.67878 -6.46716 -4.6
      vertex 2.03199 -6.69858 -1.6
      vertex 2.67878 -6.46716 -1.6
    endloop
  endfacet
  facet normal -0.336883 0.941546 0
    outer loop
      vertex 2.03199 -6.69858 -1.6
      vertex 2.67878 -6.46716 -4.6
      vertex 2.03199 -6.69858 -4.6
    endloop
  endfacet
  facet normal 0.803203 0.595706 0
    outer loop
      vertex -5.41107 -4.44075 -1.6
      vertex -5.82029 -3.88899 -4.6
      vertex -5.82029 -3.88899 -1.6
    endloop
  endfacet
  facet normal 0.803203 0.595706 0
    outer loop
      vertex -5.82029 -3.88899 -4.6
      vertex -5.41107 -4.44075 -1.6
      vertex -5.41107 -4.44075 -4.6
    endloop
  endfacet
  facet normal 0.989178 0.146722 0
    outer loop
      vertex -6.8655 -1.36563 -1.6
      vertex -6.96629 -0.686119 -4.6
      vertex -6.96629 -0.686119 -1.6
    endloop
  endfacet
  facet normal 0.989178 0.146722 0
    outer loop
      vertex -6.96629 -0.686119 -4.6
      vertex -6.8655 -1.36563 -1.6
      vertex -6.8655 -1.36563 -4.6
    endloop
  endfacet
  facet normal 0.67155 0.740959 -0
    outer loop
      vertex -4.44075 -5.41107 -4.6
      vertex -4.94975 -4.94975 -1.6
      vertex -4.44075 -5.41107 -1.6
    endloop
  endfacet
  facet normal 0.67155 0.740959 0
    outer loop
      vertex -4.94975 -4.94975 -1.6
      vertex -4.44075 -5.41107 -4.6
      vertex -4.94975 -4.94975 -4.6
    endloop
  endfacet
  facet normal 0.803203 -0.595706 0
    outer loop
      vertex -5.82029 3.88899 -1.6
      vertex -5.41107 4.44075 -4.6
      vertex -5.41107 4.44075 -1.6
    endloop
  endfacet
  facet normal 0.803203 -0.595706 0
    outer loop
      vertex -5.41107 4.44075 -4.6
      vertex -5.82029 3.88899 -1.6
      vertex -5.82029 3.88899 -4.6
    endloop
  endfacet
  facet normal 0.857728 -0.514104 0
    outer loop
      vertex -6.17345 3.29978 -1.6
      vertex -5.82029 3.88899 -4.6
      vertex -5.82029 3.88899 -1.6
    endloop
  endfacet
  facet normal 0.857728 -0.514104 0
    outer loop
      vertex -5.82029 3.88899 -4.6
      vertex -6.17345 3.29978 -1.6
      vertex -6.17345 3.29978 -4.6
    endloop
  endfacet
  facet normal 0.0490722 0.998795 -0
    outer loop
      vertex 0 -7 -4.6
      vertex -0.686119 -6.96629 -1.6
      vertex 0 -7 -1.6
    endloop
  endfacet
  facet normal 0.0490722 0.998795 0
    outer loop
      vertex -0.686119 -6.96629 -1.6
      vertex 0 -7 -4.6
      vertex -0.686119 -6.96629 -4.6
    endloop
  endfacet
  facet normal 0.998795 -0.0490722 0
    outer loop
      vertex -7 0 -1.6
      vertex -6.96629 0.686119 -4.6
      vertex -6.96629 0.686119 -1.6
    endloop
  endfacet
  facet normal 0.998795 -0.0490722 0
    outer loop
      vertex -6.96629 0.686119 -4.6
      vertex -7 0 -1.6
      vertex -7 0 -4.6
    endloop
  endfacet
  facet normal 0.336883 0.941546 -0
    outer loop
      vertex -2.03199 -6.69858 -4.6
      vertex -2.67878 -6.46716 -1.6
      vertex -2.03199 -6.69858 -1.6
    endloop
  endfacet
  facet normal 0.336883 0.941546 0
    outer loop
      vertex -2.67878 -6.46716 -1.6
      vertex -2.03199 -6.69858 -4.6
      vertex -2.67878 -6.46716 -4.6
    endloop
  endfacet
  facet normal -0.740959 0.67155 0
    outer loop
      vertex 4.94975 -4.94975 -4.6
      vertex 5.41107 -4.44075 -1.6
      vertex 5.41107 -4.44075 -4.6
    endloop
  endfacet
  facet normal -0.740959 0.67155 0
    outer loop
      vertex 5.41107 -4.44075 -1.6
      vertex 4.94975 -4.94975 -4.6
      vertex 4.94975 -4.94975 -1.6
    endloop
  endfacet
  facet normal -0.67155 0.740959 0
    outer loop
      vertex 4.94975 -4.94975 -4.6
      vertex 4.44075 -5.41107 -1.6
      vertex 4.94975 -4.94975 -1.6
    endloop
  endfacet
  facet normal -0.67155 0.740959 0
    outer loop
      vertex 4.44075 -5.41107 -1.6
      vertex 4.94975 -4.94975 -4.6
      vertex 4.44075 -5.41107 -4.6
    endloop
  endfacet
endsolid OpenSCAD_Model
