solid OpenSCAD_Model
  facet normal 1 -0 0
    outer loop
      vertex 17.2 0 2
      vertex 17.2 17.2 0
      vertex 17.2 17.2 2
    endloop
  endfacet
  facet normal 1 0 0
    outer loop
      vertex 17.2 17.2 0
      vertex 17.2 0 2
      vertex 17.2 0 0
    endloop
  endfacet
  facet normal 0 0 1
    outer loop
      vertex 11.8918 10.0334 2
      vertex 17.2 17.2 2
      vertex 11.9 10.2 2
    endloop
  endfacet
  facet normal 0 0 1
    outer loop
      vertex 17.2 17.2 2
      vertex 11.8918 10.3666 2
      vertex 11.9 10.2 2
    endloop
  endfacet
  facet normal 0 0 1
    outer loop
      vertex 17.2 17.2 2
      vertex 11.8673 10.5317 2
      vertex 11.8918 10.3666 2
    endloop
  endfacet
  facet normal 0 0 1
    outer loop
      vertex 17.2 17.2 2
      vertex 11.8268 10.6935 2
      vertex 11.8673 10.5317 2
    endloop
  endfacet
  facet normal 0 0 1
    outer loop
      vertex 17.2 17.2 2
      vertex 11.7706 10.8506 2
      vertex 11.8268 10.6935 2
    endloop
  endfacet
  facet normal 0 0 1
    outer loop
      vertex 17.2 17.2 2
      vertex 11.6993 11.0014 2
      vertex 11.7706 10.8506 2
    endloop
  endfacet
  facet normal 0 0 1
    outer loop
      vertex 17.2 17.2 2
      vertex 11.6135 11.1445 2
      vertex 11.6993 11.0014 2
    endloop
  endfacet
  facet normal 0 0 1
    outer loop
      vertex 17.2 17.2 2
      vertex 11.5141 11.2785 2
      vertex 11.6135 11.1445 2
    endloop
  endfacet
  facet normal 0 0 1
    outer loop
      vertex 17.2 17.2 2
      vertex 11.4021 11.4021 2
      vertex 11.5141 11.2785 2
    endloop
  endfacet
  facet normal 0 0 1
    outer loop
      vertex 17.2 17.2 2
      vertex 11.2785 11.5141 2
      vertex 11.4021 11.4021 2
    endloop
  endfacet
  facet normal 0 0 1
    outer loop
      vertex 17.2 17.2 2
      vertex 11.1445 11.6135 2
      vertex 11.2785 11.5141 2
    endloop
  endfacet
  facet normal 0 0 1
    outer loop
      vertex 17.2 17.2 2
      vertex 11.0014 11.6993 2
      vertex 11.1445 11.6135 2
    endloop
  endfacet
  facet normal 0 0 1
    outer loop
      vertex 17.2 17.2 2
      vertex 10.8506 11.7706 2
      vertex 11.0014 11.6993 2
    endloop
  endfacet
  facet normal 0 0 1
    outer loop
      vertex 17.2 17.2 2
      vertex 10.6935 11.8268 2
      vertex 10.8506 11.7706 2
    endloop
  endfacet
  facet normal 0 0 1
    outer loop
      vertex 17.2 17.2 2
      vertex 10.5317 11.8673 2
      vertex 10.6935 11.8268 2
    endloop
  endfacet
  facet normal 0 0 1
    outer loop
      vertex 17.2 17.2 2
      vertex 10.3666 11.8918 2
      vertex 10.5317 11.8673 2
    endloop
  endfacet
  facet normal 0 0 1
    outer loop
      vertex 17.2 17.2 2
      vertex 10.2 11.9 2
      vertex 10.3666 11.8918 2
    endloop
  endfacet
  facet normal 0 0 1
    outer loop
      vertex 17.2 17.2 2
      vertex 10.0334 11.8918 2
      vertex 10.2 11.9 2
    endloop
  endfacet
  facet normal 0 0 1
    outer loop
      vertex 17.2 17.2 2
      vertex 9.86835 11.8673 2
      vertex 10.0334 11.8918 2
    endloop
  endfacet
  facet normal -0 0 1
    outer loop
      vertex 0 17.2 2
      vertex 9.86835 11.8673 2
      vertex 17.2 17.2 2
    endloop
  endfacet
  facet normal 0 0 1
    outer loop
      vertex 9.86835 11.8673 2
      vertex 0 17.2 2
      vertex 9.70652 11.8268 2
    endloop
  endfacet
  facet normal 0 0 1
    outer loop
      vertex 9.70652 11.8268 2
      vertex 0 17.2 2
      vertex 9.54944 11.7706 2
    endloop
  endfacet
  facet normal 0 0 1
    outer loop
      vertex 9.54944 11.7706 2
      vertex 0 17.2 2
      vertex 9.39863 11.6993 2
    endloop
  endfacet
  facet normal 0 0 1
    outer loop
      vertex 8.50819 10.3666 2
      vertex 0 17.2 2
      vertex 8.5 10.2 2
    endloop
  endfacet
  facet normal 0 0 1
    outer loop
      vertex 8.53266 10.5317 2
      vertex 0 17.2 2
      vertex 8.50819 10.3666 2
    endloop
  endfacet
  facet normal 0 0 1
    outer loop
      vertex 8.5732 10.6935 2
      vertex 0 17.2 2
      vertex 8.53266 10.5317 2
    endloop
  endfacet
  facet normal 0 0 1
    outer loop
      vertex 8.6294 10.8506 2
      vertex 0 17.2 2
      vertex 8.5732 10.6935 2
    endloop
  endfacet
  facet normal 0 0 1
    outer loop
      vertex 8.70073 11.0014 2
      vertex 0 17.2 2
      vertex 8.6294 10.8506 2
    endloop
  endfacet
  facet normal 0 0 1
    outer loop
      vertex 8.7865 11.1445 2
      vertex 0 17.2 2
      vertex 8.70073 11.0014 2
    endloop
  endfacet
  facet normal 0 0 1
    outer loop
      vertex 8.88588 11.2785 2
      vertex 0 17.2 2
      vertex 8.7865 11.1445 2
    endloop
  endfacet
  facet normal 0 0 1
    outer loop
      vertex 8.99792 11.4021 2
      vertex 0 17.2 2
      vertex 8.88588 11.2785 2
    endloop
  endfacet
  facet normal 0 0 1
    outer loop
      vertex 9.12153 11.5141 2
      vertex 0 17.2 2
      vertex 8.99792 11.4021 2
    endloop
  endfacet
  facet normal 0 0 1
    outer loop
      vertex 9.25553 11.6135 2
      vertex 0 17.2 2
      vertex 9.12153 11.5141 2
    endloop
  endfacet
  facet normal 0 0 1
    outer loop
      vertex 9.39863 11.6993 2
      vertex 0 17.2 2
      vertex 9.25553 11.6135 2
    endloop
  endfacet
  facet normal 0 0 1
    outer loop
      vertex 17.2 17.2 2
      vertex 11.8918 10.0334 2
      vertex 17.2 0 2
    endloop
  endfacet
  facet normal -0 0 1
    outer loop
      vertex 11.8673 9.86835 2
      vertex 17.2 0 2
      vertex 11.8918 10.0334 2
    endloop
  endfacet
  facet normal -0 0 1
    outer loop
      vertex 11.8268 9.70652 2
      vertex 17.2 0 2
      vertex 11.8673 9.86835 2
    endloop
  endfacet
  facet normal -0 0 1
    outer loop
      vertex 11.7706 9.54944 2
      vertex 17.2 0 2
      vertex 11.8268 9.70652 2
    endloop
  endfacet
  facet normal -0 0 1
    outer loop
      vertex 11.6993 9.39863 2
      vertex 17.2 0 2
      vertex 11.7706 9.54944 2
    endloop
  endfacet
  facet normal -0 0 1
    outer loop
      vertex 11.6135 9.25553 2
      vertex 17.2 0 2
      vertex 11.6993 9.39863 2
    endloop
  endfacet
  facet normal -0 0 1
    outer loop
      vertex 11.5141 9.12153 2
      vertex 17.2 0 2
      vertex 11.6135 9.25553 2
    endloop
  endfacet
  facet normal -0 0 1
    outer loop
      vertex 11.4021 8.99792 2
      vertex 17.2 0 2
      vertex 11.5141 9.12153 2
    endloop
  endfacet
  facet normal -0 0 1
    outer loop
      vertex 11.2785 8.88588 2
      vertex 17.2 0 2
      vertex 11.4021 8.99792 2
    endloop
  endfacet
  facet normal -0 0 1
    outer loop
      vertex 11.1445 8.7865 2
      vertex 17.2 0 2
      vertex 11.2785 8.88588 2
    endloop
  endfacet
  facet normal -0 0 1
    outer loop
      vertex 11.0014 8.70073 2
      vertex 17.2 0 2
      vertex 11.1445 8.7865 2
    endloop
  endfacet
  facet normal -0 0 1
    outer loop
      vertex 10.8506 8.6294 2
      vertex 17.2 0 2
      vertex 11.0014 8.70073 2
    endloop
  endfacet
  facet normal -0 0 1
    outer loop
      vertex 10.6935 8.5732 2
      vertex 17.2 0 2
      vertex 10.8506 8.6294 2
    endloop
  endfacet
  facet normal -0 0 1
    outer loop
      vertex 10.5317 8.53266 2
      vertex 17.2 0 2
      vertex 10.6935 8.5732 2
    endloop
  endfacet
  facet normal -0 0 1
    outer loop
      vertex 10.3666 8.50819 2
      vertex 17.2 0 2
      vertex 10.5317 8.53266 2
    endloop
  endfacet
  facet normal -0 0 1
    outer loop
      vertex 10.2 8.5 2
      vertex 17.2 0 2
      vertex 10.3666 8.50819 2
    endloop
  endfacet
  facet normal 0 0 1
    outer loop
      vertex 10.0334 8.50819 2
      vertex 17.2 0 2
      vertex 10.2 8.5 2
    endloop
  endfacet
  facet normal 0 0 1
    outer loop
      vertex 9.86835 8.53266 2
      vertex 17.2 0 2
      vertex 10.0334 8.50819 2
    endloop
  endfacet
  facet normal 0 0 1
    outer loop
      vertex 0 0 2
      vertex 9.86835 8.53266 2
      vertex 9.70652 8.5732 2
    endloop
  endfacet
  facet normal 0 0 1
    outer loop
      vertex 0 0 2
      vertex 9.70652 8.5732 2
      vertex 9.54944 8.6294 2
    endloop
  endfacet
  facet normal 0 0 1
    outer loop
      vertex 0 0 2
      vertex 9.54944 8.6294 2
      vertex 9.39863 8.70073 2
    endloop
  endfacet
  facet normal 0 0 1
    outer loop
      vertex 0 0 2
      vertex 9.39863 8.70073 2
      vertex 9.25553 8.7865 2
    endloop
  endfacet
  facet normal 0 0 1
    outer loop
      vertex 0 0 2
      vertex 9.25553 8.7865 2
      vertex 9.12153 8.88588 2
    endloop
  endfacet
  facet normal 0 0 1
    outer loop
      vertex 0 0 2
      vertex 9.12153 8.88588 2
      vertex 8.99792 8.99792 2
    endloop
  endfacet
  facet normal 0 0 1
    outer loop
      vertex 0 17.2 2
      vertex 8.50819 10.0334 2
      vertex 8.5 10.2 2
    endloop
  endfacet
  facet normal 0 0 1
    outer loop
      vertex 0 17.2 2
      vertex 8.53266 9.86835 2
      vertex 8.50819 10.0334 2
    endloop
  endfacet
  facet normal 0 0 1
    outer loop
      vertex 0 0 2
      vertex 8.53266 9.86835 2
      vertex 0 17.2 2
    endloop
  endfacet
  facet normal 0 0 1
    outer loop
      vertex 8.53266 9.86835 2
      vertex 0 0 2
      vertex 8.5732 9.70652 2
    endloop
  endfacet
  facet normal 0 0 1
    outer loop
      vertex 8.5732 9.70652 2
      vertex 0 0 2
      vertex 8.6294 9.54944 2
    endloop
  endfacet
  facet normal 0 0 1
    outer loop
      vertex 8.6294 9.54944 2
      vertex 0 0 2
      vertex 8.70073 9.39863 2
    endloop
  endfacet
  facet normal 0 0 1
    outer loop
      vertex 8.70073 9.39863 2
      vertex 0 0 2
      vertex 8.7865 9.25553 2
    endloop
  endfacet
  facet normal 0 0 1
    outer loop
      vertex 8.7865 9.25553 2
      vertex 0 0 2
      vertex 8.88588 9.12153 2
    endloop
  endfacet
  facet normal 0 0 1
    outer loop
      vertex 8.88588 9.12153 2
      vertex 0 0 2
      vertex 8.99792 8.99792 2
    endloop
  endfacet
  facet normal 0 0 1
    outer loop
      vertex 9.86835 8.53266 2
      vertex 0 0 2
      vertex 17.2 0 2
    endloop
  endfacet
  facet normal 0 0 -1
    outer loop
      vertex 11.8918 10.0334 0
      vertex 17.2 17.2 0
      vertex 17.2 0 0
    endloop
  endfacet
  facet normal 0 0 -1
    outer loop
      vertex 17.2 17.2 0
      vertex 11.8918 10.0334 0
      vertex 11.9 10.2 0
    endloop
  endfacet
  facet normal 0 0 -1
    outer loop
      vertex 17.2 0 0
      vertex 11.8673 9.86835 0
      vertex 11.8918 10.0334 0
    endloop
  endfacet
  facet normal 0 0 -1
    outer loop
      vertex 17.2 0 0
      vertex 11.8268 9.70652 0
      vertex 11.8673 9.86835 0
    endloop
  endfacet
  facet normal 0 0 -1
    outer loop
      vertex 17.2 0 0
      vertex 11.7706 9.54944 0
      vertex 11.8268 9.70652 0
    endloop
  endfacet
  facet normal 0 0 -1
    outer loop
      vertex 17.2 0 0
      vertex 11.6993 9.39863 0
      vertex 11.7706 9.54944 0
    endloop
  endfacet
  facet normal 0 0 -1
    outer loop
      vertex 17.2 0 0
      vertex 11.6135 9.25553 0
      vertex 11.6993 9.39863 0
    endloop
  endfacet
  facet normal 0 0 -1
    outer loop
      vertex 17.2 0 0
      vertex 11.5141 9.12153 0
      vertex 11.6135 9.25553 0
    endloop
  endfacet
  facet normal 0 0 -1
    outer loop
      vertex 17.2 0 0
      vertex 11.4021 8.99792 0
      vertex 11.5141 9.12153 0
    endloop
  endfacet
  facet normal 0 0 -1
    outer loop
      vertex 17.2 0 0
      vertex 11.2785 8.88588 0
      vertex 11.4021 8.99792 0
    endloop
  endfacet
  facet normal 0 0 -1
    outer loop
      vertex 17.2 0 0
      vertex 11.1445 8.7865 0
      vertex 11.2785 8.88588 0
    endloop
  endfacet
  facet normal 0 0 -1
    outer loop
      vertex 17.2 0 0
      vertex 11.0014 8.70073 0
      vertex 11.1445 8.7865 0
    endloop
  endfacet
  facet normal 0 0 -1
    outer loop
      vertex 17.2 0 0
      vertex 10.8506 8.6294 0
      vertex 11.0014 8.70073 0
    endloop
  endfacet
  facet normal 0 0 -1
    outer loop
      vertex 17.2 0 0
      vertex 10.6935 8.5732 0
      vertex 10.8506 8.6294 0
    endloop
  endfacet
  facet normal 0 0 -1
    outer loop
      vertex 17.2 0 0
      vertex 10.5317 8.53266 0
      vertex 10.6935 8.5732 0
    endloop
  endfacet
  facet normal 0 0 -1
    outer loop
      vertex 17.2 0 0
      vertex 10.3666 8.50819 0
      vertex 10.5317 8.53266 0
    endloop
  endfacet
  facet normal 0 0 -1
    outer loop
      vertex 17.2 0 0
      vertex 10.2 8.5 0
      vertex 10.3666 8.50819 0
    endloop
  endfacet
  facet normal 0 0 -1
    outer loop
      vertex 17.2 0 0
      vertex 10.0334 8.50819 0
      vertex 10.2 8.5 0
    endloop
  endfacet
  facet normal 0 0 -1
    outer loop
      vertex 17.2 0 0
      vertex 9.86835 8.53266 0
      vertex 10.0334 8.50819 0
    endloop
  endfacet
  facet normal 0 0 -1
    outer loop
      vertex 0 0 0
      vertex 9.86835 8.53266 0
      vertex 17.2 0 0
    endloop
  endfacet
  facet normal -0 0 -1
    outer loop
      vertex 9.86835 8.53266 0
      vertex 0 0 0
      vertex 9.70652 8.5732 0
    endloop
  endfacet
  facet normal -0 0 -1
    outer loop
      vertex 9.70652 8.5732 0
      vertex 0 0 0
      vertex 9.54944 8.6294 0
    endloop
  endfacet
  facet normal -0 0 -1
    outer loop
      vertex 9.54944 8.6294 0
      vertex 0 0 0
      vertex 9.39863 8.70073 0
    endloop
  endfacet
  facet normal -0 0 -1
    outer loop
      vertex 9.39863 8.70073 0
      vertex 0 0 0
      vertex 9.25553 8.7865 0
    endloop
  endfacet
  facet normal -0 0 -1
    outer loop
      vertex 9.25553 8.7865 0
      vertex 0 0 0
      vertex 9.12153 8.88588 0
    endloop
  endfacet
  facet normal 0 0 -1
    outer loop
      vertex 8.53266 9.86835 0
      vertex 0 17.2 0
      vertex 8.50819 10.0334 0
    endloop
  endfacet
  facet normal 0 0 -1
    outer loop
      vertex 0 17.2 0
      vertex 8.53266 9.86835 0
      vertex 0 0 0
    endloop
  endfacet
  facet normal -0 0 -1
    outer loop
      vertex 8.5732 9.70652 0
      vertex 0 0 0
      vertex 8.53266 9.86835 0
    endloop
  endfacet
  facet normal -0 0 -1
    outer loop
      vertex 8.6294 9.54944 0
      vertex 0 0 0
      vertex 8.5732 9.70652 0
    endloop
  endfacet
  facet normal -0 0 -1
    outer loop
      vertex 8.70073 9.39863 0
      vertex 0 0 0
      vertex 8.6294 9.54944 0
    endloop
  endfacet
  facet normal -0 0 -1
    outer loop
      vertex 8.7865 9.25553 0
      vertex 0 0 0
      vertex 8.70073 9.39863 0
    endloop
  endfacet
  facet normal -0 0 -1
    outer loop
      vertex 8.88588 9.12153 0
      vertex 0 0 0
      vertex 8.7865 9.25553 0
    endloop
  endfacet
  facet normal -0 0 -1
    outer loop
      vertex 8.99792 8.99792 0
      vertex 0 0 0
      vertex 8.88588 9.12153 0
    endloop
  endfacet
  facet normal -0 0 -1
    outer loop
      vertex 9.12153 8.88588 0
      vertex 0 0 0
      vertex 8.99792 8.99792 0
    endloop
  endfacet
  facet normal 0 0 -1
    outer loop
      vertex 11.8918 10.3666 0
      vertex 17.2 17.2 0
      vertex 11.9 10.2 0
    endloop
  endfacet
  facet normal 0 0 -1
    outer loop
      vertex 11.8673 10.5317 0
      vertex 17.2 17.2 0
      vertex 11.8918 10.3666 0
    endloop
  endfacet
  facet normal 0 0 -1
    outer loop
      vertex 11.8268 10.6935 0
      vertex 17.2 17.2 0
      vertex 11.8673 10.5317 0
    endloop
  endfacet
  facet normal 0 0 -1
    outer loop
      vertex 11.7706 10.8506 0
      vertex 17.2 17.2 0
      vertex 11.8268 10.6935 0
    endloop
  endfacet
  facet normal 0 0 -1
    outer loop
      vertex 11.6993 11.0014 0
      vertex 17.2 17.2 0
      vertex 11.7706 10.8506 0
    endloop
  endfacet
  facet normal 0 0 -1
    outer loop
      vertex 11.6135 11.1445 0
      vertex 17.2 17.2 0
      vertex 11.6993 11.0014 0
    endloop
  endfacet
  facet normal 0 0 -1
    outer loop
      vertex 11.5141 11.2785 0
      vertex 17.2 17.2 0
      vertex 11.6135 11.1445 0
    endloop
  endfacet
  facet normal 0 0 -1
    outer loop
      vertex 11.4021 11.4021 0
      vertex 17.2 17.2 0
      vertex 11.5141 11.2785 0
    endloop
  endfacet
  facet normal 0 0 -1
    outer loop
      vertex 11.2785 11.5141 0
      vertex 17.2 17.2 0
      vertex 11.4021 11.4021 0
    endloop
  endfacet
  facet normal 0 0 -1
    outer loop
      vertex 11.1445 11.6135 0
      vertex 17.2 17.2 0
      vertex 11.2785 11.5141 0
    endloop
  endfacet
  facet normal 0 0 -1
    outer loop
      vertex 11.0014 11.6993 0
      vertex 17.2 17.2 0
      vertex 11.1445 11.6135 0
    endloop
  endfacet
  facet normal 0 0 -1
    outer loop
      vertex 10.8506 11.7706 0
      vertex 17.2 17.2 0
      vertex 11.0014 11.6993 0
    endloop
  endfacet
  facet normal 0 0 -1
    outer loop
      vertex 10.6935 11.8268 0
      vertex 17.2 17.2 0
      vertex 10.8506 11.7706 0
    endloop
  endfacet
  facet normal 0 0 -1
    outer loop
      vertex 10.5317 11.8673 0
      vertex 17.2 17.2 0
      vertex 10.6935 11.8268 0
    endloop
  endfacet
  facet normal 0 0 -1
    outer loop
      vertex 10.3666 11.8918 0
      vertex 17.2 17.2 0
      vertex 10.5317 11.8673 0
    endloop
  endfacet
  facet normal 0 0 -1
    outer loop
      vertex 10.2 11.9 0
      vertex 17.2 17.2 0
      vertex 10.3666 11.8918 0
    endloop
  endfacet
  facet normal 0 0 -1
    outer loop
      vertex 10.0334 11.8918 0
      vertex 17.2 17.2 0
      vertex 10.2 11.9 0
    endloop
  endfacet
  facet normal 0 0 -1
    outer loop
      vertex 9.86835 11.8673 0
      vertex 17.2 17.2 0
      vertex 10.0334 11.8918 0
    endloop
  endfacet
  facet normal 0 0 -1
    outer loop
      vertex 0 17.2 0
      vertex 9.86835 11.8673 0
      vertex 9.70652 11.8268 0
    endloop
  endfacet
  facet normal 0 0 -1
    outer loop
      vertex 0 17.2 0
      vertex 9.70652 11.8268 0
      vertex 9.54944 11.7706 0
    endloop
  endfacet
  facet normal 0 0 -1
    outer loop
      vertex 0 17.2 0
      vertex 9.54944 11.7706 0
      vertex 9.39863 11.6993 0
    endloop
  endfacet
  facet normal 0 0 -1
    outer loop
      vertex 0 17.2 0
      vertex 9.39863 11.6993 0
      vertex 9.25553 11.6135 0
    endloop
  endfacet
  facet normal 0 0 -1
    outer loop
      vertex 8.50819 10.0334 0
      vertex 0 17.2 0
      vertex 8.5 10.2 0
    endloop
  endfacet
  facet normal 0 0 -1
    outer loop
      vertex 8.5 10.2 0
      vertex 0 17.2 0
      vertex 8.50819 10.3666 0
    endloop
  endfacet
  facet normal 0 0 -1
    outer loop
      vertex 8.50819 10.3666 0
      vertex 0 17.2 0
      vertex 8.53266 10.5317 0
    endloop
  endfacet
  facet normal 0 0 -1
    outer loop
      vertex 8.53266 10.5317 0
      vertex 0 17.2 0
      vertex 8.5732 10.6935 0
    endloop
  endfacet
  facet normal 0 0 -1
    outer loop
      vertex 8.5732 10.6935 0
      vertex 0 17.2 0
      vertex 8.6294 10.8506 0
    endloop
  endfacet
  facet normal 0 0 -1
    outer loop
      vertex 8.6294 10.8506 0
      vertex 0 17.2 0
      vertex 8.70073 11.0014 0
    endloop
  endfacet
  facet normal 0 0 -1
    outer loop
      vertex 8.70073 11.0014 0
      vertex 0 17.2 0
      vertex 8.7865 11.1445 0
    endloop
  endfacet
  facet normal 0 0 -1
    outer loop
      vertex 9.86835 11.8673 0
      vertex 0 17.2 0
      vertex 17.2 17.2 0
    endloop
  endfacet
  facet normal 0 0 -1
    outer loop
      vertex 9.12153 11.5141 0
      vertex 0 17.2 0
      vertex 9.25553 11.6135 0
    endloop
  endfacet
  facet normal 0 0 -1
    outer loop
      vertex 8.99792 11.4021 0
      vertex 0 17.2 0
      vertex 9.12153 11.5141 0
    endloop
  endfacet
  facet normal 0 0 -1
    outer loop
      vertex 8.88588 11.2785 0
      vertex 0 17.2 0
      vertex 8.99792 11.4021 0
    endloop
  endfacet
  facet normal 0 0 -1
    outer loop
      vertex 8.7865 11.1445 0
      vertex 0 17.2 0
      vertex 8.88588 11.2785 0
    endloop
  endfacet
  facet normal -1 0 0
    outer loop
      vertex 0 0 0
      vertex 0 17.2 2
      vertex 0 17.2 0
    endloop
  endfacet
  facet normal -1 -0 0
    outer loop
      vertex 0 17.2 2
      vertex 0 0 0
      vertex 0 0 2
    endloop
  endfacet
  facet normal 0 1 -0
    outer loop
      vertex 17.2 17.2 0
      vertex 0 17.2 2
      vertex 17.2 17.2 2
    endloop
  endfacet
  facet normal 0 1 0
    outer loop
      vertex 0 17.2 2
      vertex 17.2 17.2 0
      vertex 0 17.2 0
    endloop
  endfacet
  facet normal 0 -1 0
    outer loop
      vertex 0 0 0
      vertex 17.2 0 2
      vertex 0 0 2
    endloop
  endfacet
  facet normal 0 -1 -0
    outer loop
      vertex 17.2 0 2
      vertex 0 0 0
      vertex 17.2 0 0
    endloop
  endfacet
  facet normal 0.336868 0.941552 -0
    outer loop
      vertex 9.70652 8.5732 0
      vertex 9.54944 8.6294 2
      vertex 9.70652 8.5732 2
    endloop
  endfacet
  facet normal 0.336868 0.941552 0
    outer loop
      vertex 9.54944 8.6294 2
      vertex 9.70652 8.5732 0
      vertex 9.54944 8.6294 0
    endloop
  endfacet
  facet normal -0.989168 -0.146788 0
    outer loop
      vertex 11.8918 10.3666 0
      vertex 11.8673 10.5317 2
      vertex 11.8673 10.5317 0
    endloop
  endfacet
  facet normal -0.989168 -0.146788 0
    outer loop
      vertex 11.8673 10.5317 2
      vertex 11.8918 10.3666 0
      vertex 11.8918 10.3666 2
    endloop
  endfacet
  facet normal -0.998791 -0.0491602 0
    outer loop
      vertex 11.9 10.2 0
      vertex 11.8918 10.3666 2
      vertex 11.8918 10.3666 0
    endloop
  endfacet
  facet normal -0.998791 -0.0491602 0
    outer loop
      vertex 11.8918 10.3666 2
      vertex 11.9 10.2 0
      vertex 11.9 10.2 2
    endloop
  endfacet
  facet normal -0.970072 -0.242818 0
    outer loop
      vertex 11.8673 10.5317 0
      vertex 11.8268 10.6935 2
      vertex 11.8268 10.6935 0
    endloop
  endfacet
  facet normal -0.970072 -0.242818 0
    outer loop
      vertex 11.8268 10.6935 2
      vertex 11.8673 10.5317 0
      vertex 11.8673 10.5317 2
    endloop
  endfacet
  facet normal 0.989194 -0.146612 0
    outer loop
      vertex 8.50819 10.3666 2
      vertex 8.53266 10.5317 0
      vertex 8.53266 10.5317 2
    endloop
  endfacet
  facet normal 0.989194 -0.146612 0
    outer loop
      vertex 8.53266 10.5317 0
      vertex 8.50819 10.3666 2
      vertex 8.50819 10.3666 0
    endloop
  endfacet
  facet normal 0.243001 0.970026 -0
    outer loop
      vertex 9.86835 8.53266 0
      vertex 9.70652 8.5732 2
      vertex 9.86835 8.53266 2
    endloop
  endfacet
  facet normal 0.243001 0.970026 0
    outer loop
      vertex 9.70652 8.5732 2
      vertex 9.86835 8.53266 0
      vertex 9.70652 8.5732 0
    endloop
  endfacet
  facet normal -0.33683 -0.941566 0
    outer loop
      vertex 10.6935 11.8268 0
      vertex 10.8506 11.7706 2
      vertex 10.6935 11.8268 2
    endloop
  endfacet
  facet normal -0.33683 -0.941566 -0
    outer loop
      vertex 10.8506 11.7706 2
      vertex 10.6935 11.8268 0
      vertex 10.8506 11.7706 0
    endloop
  endfacet
  facet normal 0.514231 -0.857652 0
    outer loop
      vertex 9.25553 11.6135 0
      vertex 9.39863 11.6993 2
      vertex 9.25553 11.6135 2
    endloop
  endfacet
  facet normal 0.514231 -0.857652 0
    outer loop
      vertex 9.39863 11.6993 2
      vertex 9.25553 11.6135 0
      vertex 9.39863 11.6993 0
    endloop
  endfacet
  facet normal 0.903984 0.427566 0
    outer loop
      vertex 8.70073 9.39863 2
      vertex 8.6294 9.54944 0
      vertex 8.6294 9.54944 2
    endloop
  endfacet
  facet normal 0.903984 0.427566 0
    outer loop
      vertex 8.6294 9.54944 0
      vertex 8.70073 9.39863 2
      vertex 8.70073 9.39863 0
    endloop
  endfacet
  facet normal 0.242775 -0.970083 0
    outer loop
      vertex 9.70652 11.8268 0
      vertex 9.86835 11.8673 2
      vertex 9.70652 11.8268 2
    endloop
  endfacet
  facet normal 0.242775 -0.970083 0
    outer loop
      vertex 9.86835 11.8673 2
      vertex 9.70652 11.8268 0
      vertex 9.86835 11.8673 0
    endloop
  endfacet
  facet normal 0.857731 0.514099 0
    outer loop
      vertex 8.7865 9.25553 2
      vertex 8.70073 9.39863 0
      vertex 8.70073 9.39863 2
    endloop
  endfacet
  facet normal 0.857731 0.514099 0
    outer loop
      vertex 8.70073 9.39863 0
      vertex 8.7865 9.25553 2
      vertex 8.7865 9.25553 0
    endloop
  endfacet
  facet normal -0.243043 0.970015 0
    outer loop
      vertex 10.6935 8.5732 0
      vertex 10.5317 8.53266 2
      vertex 10.6935 8.5732 2
    endloop
  endfacet
  facet normal -0.243043 0.970015 0
    outer loop
      vertex 10.5317 8.53266 2
      vertex 10.6935 8.5732 0
      vertex 10.5317 8.53266 0
    endloop
  endfacet
  facet normal 0.595695 0.803211 -0
    outer loop
      vertex 9.25553 8.7865 0
      vertex 9.12153 8.88588 2
      vertex 9.25553 8.7865 2
    endloop
  endfacet
  facet normal 0.595695 0.803211 0
    outer loop
      vertex 9.12153 8.88588 2
      vertex 9.25553 8.7865 0
      vertex 9.12153 8.88588 0
    endloop
  endfacet
  facet normal -0.514099 0.857731 0
    outer loop
      vertex 11.1445 8.7865 0
      vertex 11.0014 8.70073 2
      vertex 11.1445 8.7865 2
    endloop
  endfacet
  facet normal -0.514099 0.857731 0
    outer loop
      vertex 11.0014 8.70073 2
      vertex 11.1445 8.7865 0
      vertex 11.0014 8.70073 0
    endloop
  endfacet
  facet normal -0.803154 0.595772 0
    outer loop
      vertex 11.5141 9.12153 0
      vertex 11.6135 9.25553 2
      vertex 11.6135 9.25553 0
    endloop
  endfacet
  facet normal -0.803154 0.595772 0
    outer loop
      vertex 11.6135 9.25553 2
      vertex 11.5141 9.12153 0
      vertex 11.5141 9.12153 2
    endloop
  endfacet
  facet normal -0.146788 -0.989168 0
    outer loop
      vertex 10.3666 11.8918 0
      vertex 10.5317 11.8673 2
      vertex 10.3666 11.8918 2
    endloop
  endfacet
  facet normal -0.146788 -0.989168 -0
    outer loop
      vertex 10.5317 11.8673 2
      vertex 10.3666 11.8918 0
      vertex 10.5317 11.8673 0
    endloop
  endfacet
  facet normal 0.595772 -0.803154 0
    outer loop
      vertex 9.12153 11.5141 0
      vertex 9.25553 11.6135 2
      vertex 9.12153 11.5141 2
    endloop
  endfacet
  facet normal 0.595772 -0.803154 0
    outer loop
      vertex 9.25553 11.6135 2
      vertex 9.12153 11.5141 0
      vertex 9.25553 11.6135 0
    endloop
  endfacet
  facet normal -0.427589 0.903973 0
    outer loop
      vertex 11.0014 8.70073 0
      vertex 10.8506 8.6294 2
      vertex 11.0014 8.70073 2
    endloop
  endfacet
  facet normal -0.427589 0.903973 0
    outer loop
      vertex 10.8506 8.6294 2
      vertex 11.0014 8.70073 0
      vertex 10.8506 8.6294 0
    endloop
  endfacet
  facet normal 0.803211 -0.595695 0
    outer loop
      vertex 8.7865 11.1445 2
      vertex 8.88588 11.2785 0
      vertex 8.88588 11.2785 2
    endloop
  endfacet
  facet normal 0.803211 -0.595695 0
    outer loop
      vertex 8.88588 11.2785 0
      vertex 8.7865 11.1445 2
      vertex 8.7865 11.1445 0
    endloop
  endfacet
  facet normal -0.989162 0.146831 0
    outer loop
      vertex 11.8673 9.86835 0
      vertex 11.8918 10.0334 2
      vertex 11.8918 10.0334 0
    endloop
  endfacet
  facet normal -0.989162 0.146831 0
    outer loop
      vertex 11.8918 10.0334 2
      vertex 11.8673 9.86835 0
      vertex 11.8673 9.86835 2
    endloop
  endfacet
  facet normal 0.941566 -0.33683 0
    outer loop
      vertex 8.5732 10.6935 2
      vertex 8.6294 10.8506 0
      vertex 8.6294 10.8506 2
    endloop
  endfacet
  facet normal 0.941566 -0.33683 0
    outer loop
      vertex 8.6294 10.8506 0
      vertex 8.5732 10.6935 2
      vertex 8.5732 10.6935 0
    endloop
  endfacet
  facet normal -0.427442 -0.904043 0
    outer loop
      vertex 10.8506 11.7706 0
      vertex 11.0014 11.6993 2
      vertex 10.8506 11.7706 2
    endloop
  endfacet
  facet normal -0.427442 -0.904043 -0
    outer loop
      vertex 11.0014 11.6993 2
      vertex 10.8506 11.7706 0
      vertex 11.0014 11.6993 0
    endloop
  endfacet
  facet normal 0.941552 0.336868 0
    outer loop
      vertex 8.6294 9.54944 2
      vertex 8.5732 9.70652 0
      vertex 8.5732 9.70652 2
    endloop
  endfacet
  facet normal 0.941552 0.336868 0
    outer loop
      vertex 8.5732 9.70652 0
      vertex 8.6294 9.54944 2
      vertex 8.6294 9.54944 0
    endloop
  endfacet
  facet normal -0.970083 0.242775 0
    outer loop
      vertex 11.8268 9.70652 0
      vertex 11.8673 9.86835 2
      vertex 11.8673 9.86835 0
    endloop
  endfacet
  facet normal -0.970083 0.242775 0
    outer loop
      vertex 11.8673 9.86835 2
      vertex 11.8268 9.70652 0
      vertex 11.8268 9.70652 2
    endloop
  endfacet
  facet normal 0.0491602 -0.998791 0
    outer loop
      vertex 10.0334 11.8918 0
      vertex 10.2 11.9 2
      vertex 10.0334 11.8918 2
    endloop
  endfacet
  facet normal 0.0491602 -0.998791 0
    outer loop
      vertex 10.2 11.9 2
      vertex 10.0334 11.8918 0
      vertex 10.2 11.9 0
    endloop
  endfacet
  facet normal -0.671478 -0.741024 0
    outer loop
      vertex 11.2785 11.5141 0
      vertex 11.4021 11.4021 2
      vertex 11.2785 11.5141 2
    endloop
  endfacet
  facet normal -0.671478 -0.741024 -0
    outer loop
      vertex 11.4021 11.4021 2
      vertex 11.2785 11.5141 0
      vertex 11.4021 11.4021 0
    endloop
  endfacet
  facet normal 0.427419 -0.904054 0
    outer loop
      vertex 9.39863 11.6993 0
      vertex 9.54944 11.7706 2
      vertex 9.39863 11.6993 2
    endloop
  endfacet
  facet normal 0.427419 -0.904054 0
    outer loop
      vertex 9.54944 11.7706 2
      vertex 9.39863 11.6993 0
      vertex 9.54944 11.7706 0
    endloop
  endfacet
  facet normal 0.671448 -0.741051 0
    outer loop
      vertex 8.99792 11.4021 0
      vertex 9.12153 11.5141 2
      vertex 8.99792 11.4021 2
    endloop
  endfacet
  facet normal 0.671448 -0.741051 0
    outer loop
      vertex 9.12153 11.5141 2
      vertex 8.99792 11.4021 0
      vertex 9.12153 11.5141 0
    endloop
  endfacet
  facet normal -0.33683 0.941566 0
    outer loop
      vertex 10.8506 8.6294 0
      vertex 10.6935 8.5732 2
      vertex 10.8506 8.6294 2
    endloop
  endfacet
  facet normal -0.33683 0.941566 0
    outer loop
      vertex 10.6935 8.5732 2
      vertex 10.8506 8.6294 0
      vertex 10.6935 8.5732 0
    endloop
  endfacet
  facet normal 0.336868 -0.941552 0
    outer loop
      vertex 9.54944 11.7706 0
      vertex 9.70652 11.8268 2
      vertex 9.54944 11.7706 2
    endloop
  endfacet
  facet normal 0.336868 -0.941552 0
    outer loop
      vertex 9.70652 11.8268 2
      vertex 9.54944 11.7706 0
      vertex 9.70652 11.8268 0
    endloop
  endfacet
  facet normal -0.803154 -0.595772 0
    outer loop
      vertex 11.6135 11.1445 0
      vertex 11.5141 11.2785 2
      vertex 11.5141 11.2785 0
    endloop
  endfacet
  facet normal -0.803154 -0.595772 0
    outer loop
      vertex 11.5141 11.2785 2
      vertex 11.6135 11.1445 0
      vertex 11.6135 11.1445 2
    endloop
  endfacet
  facet normal 0.857731 -0.514099 0
    outer loop
      vertex 8.70073 11.0014 2
      vertex 8.7865 11.1445 0
      vertex 8.7865 11.1445 2
    endloop
  endfacet
  facet normal 0.857731 -0.514099 0
    outer loop
      vertex 8.7865 11.1445 0
      vertex 8.70073 11.0014 2
      vertex 8.70073 11.0014 0
    endloop
  endfacet
  facet normal -0.998791 0.0491602 0
    outer loop
      vertex 11.8918 10.0334 0
      vertex 11.9 10.2 2
      vertex 11.9 10.2 0
    endloop
  endfacet
  facet normal -0.998791 0.0491602 0
    outer loop
      vertex 11.9 10.2 2
      vertex 11.8918 10.0334 0
      vertex 11.8918 10.0334 2
    endloop
  endfacet
  facet normal -0.904054 0.427419 0
    outer loop
      vertex 11.6993 9.39863 0
      vertex 11.7706 9.54944 2
      vertex 11.7706 9.54944 0
    endloop
  endfacet
  facet normal -0.904054 0.427419 0
    outer loop
      vertex 11.7706 9.54944 2
      vertex 11.6993 9.39863 0
      vertex 11.6993 9.39863 2
    endloop
  endfacet
  facet normal -0.857652 -0.514231 0
    outer loop
      vertex 11.6993 11.0014 0
      vertex 11.6135 11.1445 2
      vertex 11.6135 11.1445 0
    endloop
  endfacet
  facet normal -0.857652 -0.514231 0
    outer loop
      vertex 11.6135 11.1445 2
      vertex 11.6993 11.0014 0
      vertex 11.6993 11.0014 2
    endloop
  endfacet
  facet normal 0.67158 0.740932 -0
    outer loop
      vertex 9.12153 8.88588 0
      vertex 8.99792 8.99792 2
      vertex 9.12153 8.88588 2
    endloop
  endfacet
  facet normal 0.67158 0.740932 0
    outer loop
      vertex 8.99792 8.99792 2
      vertex 9.12153 8.88588 0
      vertex 8.99792 8.99792 0
    endloop
  endfacet
  facet normal -0.595772 -0.803154 0
    outer loop
      vertex 11.1445 11.6135 0
      vertex 11.2785 11.5141 2
      vertex 11.1445 11.6135 2
    endloop
  endfacet
  facet normal -0.595772 -0.803154 -0
    outer loop
      vertex 11.2785 11.5141 2
      vertex 11.1445 11.6135 0
      vertex 11.2785 11.5141 0
    endloop
  endfacet
  facet normal 0.514099 0.857731 -0
    outer loop
      vertex 9.39863 8.70073 0
      vertex 9.25553 8.7865 2
      vertex 9.39863 8.70073 2
    endloop
  endfacet
  facet normal 0.514099 0.857731 0
    outer loop
      vertex 9.25553 8.7865 2
      vertex 9.39863 8.70073 0
      vertex 9.25553 8.7865 0
    endloop
  endfacet
  facet normal -0.514231 -0.857652 0
    outer loop
      vertex 11.0014 11.6993 0
      vertex 11.1445 11.6135 2
      vertex 11.0014 11.6993 2
    endloop
  endfacet
  facet normal -0.514231 -0.857652 -0
    outer loop
      vertex 11.1445 11.6135 2
      vertex 11.0014 11.6993 0
      vertex 11.1445 11.6135 0
    endloop
  endfacet
  facet normal -0.146612 0.989194 0
    outer loop
      vertex 10.5317 8.53266 0
      vertex 10.3666 8.50819 2
      vertex 10.5317 8.53266 2
    endloop
  endfacet
  facet normal -0.146612 0.989194 0
    outer loop
      vertex 10.3666 8.50819 2
      vertex 10.5317 8.53266 0
      vertex 10.3666 8.50819 0
    endloop
  endfacet
  facet normal -0.941566 -0.33683 0
    outer loop
      vertex 11.8268 10.6935 0
      vertex 11.7706 10.8506 2
      vertex 11.7706 10.8506 0
    endloop
  endfacet
  facet normal -0.941566 -0.33683 0
    outer loop
      vertex 11.7706 10.8506 2
      vertex 11.8268 10.6935 0
      vertex 11.8268 10.6935 2
    endloop
  endfacet
  facet normal -0.857652 0.514231 0
    outer loop
      vertex 11.6135 9.25553 0
      vertex 11.6993 9.39863 2
      vertex 11.6993 9.39863 0
    endloop
  endfacet
  facet normal -0.857652 0.514231 0
    outer loop
      vertex 11.6993 9.39863 2
      vertex 11.6135 9.25553 0
      vertex 11.6135 9.25553 2
    endloop
  endfacet
  facet normal 0.998794 0.0491004 0
    outer loop
      vertex 8.50819 10.0334 2
      vertex 8.5 10.2 0
      vertex 8.5 10.2 2
    endloop
  endfacet
  facet normal 0.998794 0.0491004 0
    outer loop
      vertex 8.5 10.2 0
      vertex 8.50819 10.0334 2
      vertex 8.50819 10.0334 0
    endloop
  endfacet
  facet normal -0.941552 0.336868 0
    outer loop
      vertex 11.7706 9.54944 0
      vertex 11.8268 9.70652 2
      vertex 11.8268 9.70652 0
    endloop
  endfacet
  facet normal -0.941552 0.336868 0
    outer loop
      vertex 11.8268 9.70652 2
      vertex 11.7706 9.54944 0
      vertex 11.7706 9.54944 2
    endloop
  endfacet
  facet normal -0.741024 -0.671478 0
    outer loop
      vertex 11.5141 11.2785 0
      vertex 11.4021 11.4021 2
      vertex 11.4021 11.4021 0
    endloop
  endfacet
  facet normal -0.741024 -0.671478 0
    outer loop
      vertex 11.4021 11.4021 2
      vertex 11.5141 11.2785 0
      vertex 11.5141 11.2785 2
    endloop
  endfacet
  facet normal -0.0491602 -0.998791 0
    outer loop
      vertex 10.2 11.9 0
      vertex 10.3666 11.8918 2
      vertex 10.2 11.9 2
    endloop
  endfacet
  facet normal -0.0491602 -0.998791 -0
    outer loop
      vertex 10.3666 11.8918 2
      vertex 10.2 11.9 0
      vertex 10.3666 11.8918 0
    endloop
  endfacet
  facet normal -0.904043 -0.427442 0
    outer loop
      vertex 11.7706 10.8506 0
      vertex 11.6993 11.0014 2
      vertex 11.6993 11.0014 0
    endloop
  endfacet
  facet normal -0.904043 -0.427442 0
    outer loop
      vertex 11.6993 11.0014 2
      vertex 11.7706 10.8506 0
      vertex 11.7706 10.8506 2
    endloop
  endfacet
  facet normal 0.146655 0.989188 -0
    outer loop
      vertex 10.0334 8.50819 0
      vertex 9.86835 8.53266 2
      vertex 10.0334 8.50819 2
    endloop
  endfacet
  facet normal 0.146655 0.989188 0
    outer loop
      vertex 9.86835 8.53266 2
      vertex 10.0334 8.50819 0
      vertex 9.86835 8.53266 0
    endloop
  endfacet
  facet normal -0.67161 0.740905 0
    outer loop
      vertex 11.4021 8.99792 0
      vertex 11.2785 8.88588 2
      vertex 11.4021 8.99792 2
    endloop
  endfacet
  facet normal -0.67161 0.740905 0
    outer loop
      vertex 11.2785 8.88588 2
      vertex 11.4021 8.99792 0
      vertex 11.2785 8.88588 0
    endloop
  endfacet
  facet normal 0.0491004 0.998794 -0
    outer loop
      vertex 10.2 8.5 0
      vertex 10.0334 8.50819 2
      vertex 10.2 8.5 2
    endloop
  endfacet
  facet normal 0.0491004 0.998794 0
    outer loop
      vertex 10.0334 8.50819 2
      vertex 10.2 8.5 0
      vertex 10.0334 8.50819 0
    endloop
  endfacet
  facet normal 0.740905 -0.67161 0
    outer loop
      vertex 8.88588 11.2785 2
      vertex 8.99792 11.4021 0
      vertex 8.99792 11.4021 2
    endloop
  endfacet
  facet normal 0.740905 -0.67161 0
    outer loop
      vertex 8.99792 11.4021 0
      vertex 8.88588 11.2785 2
      vertex 8.88588 11.2785 0
    endloop
  endfacet
  facet normal 0.146831 -0.989162 0
    outer loop
      vertex 9.86835 11.8673 0
      vertex 10.0334 11.8918 2
      vertex 9.86835 11.8673 2
    endloop
  endfacet
  facet normal 0.146831 -0.989162 0
    outer loop
      vertex 10.0334 11.8918 2
      vertex 9.86835 11.8673 0
      vertex 10.0334 11.8918 0
    endloop
  endfacet
  facet normal 0.903973 -0.427589 0
    outer loop
      vertex 8.6294 10.8506 2
      vertex 8.70073 11.0014 0
      vertex 8.70073 11.0014 2
    endloop
  endfacet
  facet normal 0.903973 -0.427589 0
    outer loop
      vertex 8.70073 11.0014 0
      vertex 8.6294 10.8506 2
      vertex 8.6294 10.8506 0
    endloop
  endfacet
  facet normal 0.970015 -0.243043 0
    outer loop
      vertex 8.53266 10.5317 2
      vertex 8.5732 10.6935 0
      vertex 8.5732 10.6935 2
    endloop
  endfacet
  facet normal 0.970015 -0.243043 0
    outer loop
      vertex 8.5732 10.6935 0
      vertex 8.53266 10.5317 2
      vertex 8.53266 10.5317 0
    endloop
  endfacet
  facet normal -0.242818 -0.970072 0
    outer loop
      vertex 10.5317 11.8673 0
      vertex 10.6935 11.8268 2
      vertex 10.5317 11.8673 2
    endloop
  endfacet
  facet normal -0.242818 -0.970072 -0
    outer loop
      vertex 10.6935 11.8268 2
      vertex 10.5317 11.8673 0
      vertex 10.6935 11.8268 0
    endloop
  endfacet
  facet normal 0.970026 0.243001 0
    outer loop
      vertex 8.5732 9.70652 2
      vertex 8.53266 9.86835 0
      vertex 8.53266 9.86835 2
    endloop
  endfacet
  facet normal 0.970026 0.243001 0
    outer loop
      vertex 8.53266 9.86835 0
      vertex 8.5732 9.70652 2
      vertex 8.5732 9.70652 0
    endloop
  endfacet
  facet normal 0.427566 0.903984 -0
    outer loop
      vertex 9.54944 8.6294 0
      vertex 9.39863 8.70073 2
      vertex 9.54944 8.6294 2
    endloop
  endfacet
  facet normal 0.427566 0.903984 0
    outer loop
      vertex 9.39863 8.70073 2
      vertex 9.54944 8.6294 0
      vertex 9.39863 8.70073 0
    endloop
  endfacet
  facet normal 0.740932 0.67158 0
    outer loop
      vertex 8.99792 8.99792 2
      vertex 8.88588 9.12153 0
      vertex 8.88588 9.12153 2
    endloop
  endfacet
  facet normal 0.740932 0.67158 0
    outer loop
      vertex 8.88588 9.12153 0
      vertex 8.99792 8.99792 2
      vertex 8.99792 8.99792 0
    endloop
  endfacet
  facet normal -0.0491004 0.998794 0
    outer loop
      vertex 10.3666 8.50819 0
      vertex 10.2 8.5 2
      vertex 10.3666 8.50819 2
    endloop
  endfacet
  facet normal -0.0491004 0.998794 0
    outer loop
      vertex 10.2 8.5 2
      vertex 10.3666 8.50819 0
      vertex 10.2 8.5 0
    endloop
  endfacet
  facet normal 0.989188 0.146655 0
    outer loop
      vertex 8.53266 9.86835 2
      vertex 8.50819 10.0334 0
      vertex 8.50819 10.0334 2
    endloop
  endfacet
  facet normal 0.989188 0.146655 0
    outer loop
      vertex 8.50819 10.0334 0
      vertex 8.53266 9.86835 2
      vertex 8.53266 9.86835 0
    endloop
  endfacet
  facet normal -0.595695 0.803211 0
    outer loop
      vertex 11.2785 8.88588 0
      vertex 11.1445 8.7865 2
      vertex 11.2785 8.88588 2
    endloop
  endfacet
  facet normal -0.595695 0.803211 0
    outer loop
      vertex 11.1445 8.7865 2
      vertex 11.2785 8.88588 0
      vertex 11.1445 8.7865 0
    endloop
  endfacet
  facet normal 0.803211 0.595695 0
    outer loop
      vertex 8.88588 9.12153 2
      vertex 8.7865 9.25553 0
      vertex 8.7865 9.25553 2
    endloop
  endfacet
  facet normal 0.803211 0.595695 0
    outer loop
      vertex 8.7865 9.25553 0
      vertex 8.88588 9.12153 2
      vertex 8.88588 9.12153 0
    endloop
  endfacet
  facet normal 0.998794 -0.0491004 0
    outer loop
      vertex 8.5 10.2 2
      vertex 8.50819 10.3666 0
      vertex 8.50819 10.3666 2
    endloop
  endfacet
  facet normal 0.998794 -0.0491004 0
    outer loop
      vertex 8.50819 10.3666 0
      vertex 8.5 10.2 2
      vertex 8.5 10.2 0
    endloop
  endfacet
  facet normal -0.741051 0.671448 0
    outer loop
      vertex 11.4021 8.99792 0
      vertex 11.5141 9.12153 2
      vertex 11.5141 9.12153 0
    endloop
  endfacet
  facet normal -0.741051 0.671448 0
    outer loop
      vertex 11.5141 9.12153 2
      vertex 11.4021 8.99792 0
      vertex 11.4021 8.99792 2
    endloop
  endfacet
  facet normal 1 -0 0
    outer loop
      vertex 49.2 0 2
      vertex 49.2 17.2 0
      vertex 49.2 17.2 2
    endloop
  endfacet
  facet normal 1 0 0
    outer loop
      vertex 49.2 17.2 0
      vertex 49.2 0 2
      vertex 49.2 0 0
    endloop
  endfacet
  facet normal 0 0 1
    outer loop
      vertex 43.8918 10.0334 2
      vertex 49.2 17.2 2
      vertex 43.9 10.2 2
    endloop
  endfacet
  facet normal 0 0 1
    outer loop
      vertex 49.2 17.2 2
      vertex 43.8918 10.3666 2
      vertex 43.9 10.2 2
    endloop
  endfacet
  facet normal 0 0 1
    outer loop
      vertex 49.2 17.2 2
      vertex 43.8673 10.5317 2
      vertex 43.8918 10.3666 2
    endloop
  endfacet
  facet normal 0 0 1
    outer loop
      vertex 49.2 17.2 2
      vertex 43.8268 10.6935 2
      vertex 43.8673 10.5317 2
    endloop
  endfacet
  facet normal 0 0 1
    outer loop
      vertex 49.2 17.2 2
      vertex 43.7706 10.8506 2
      vertex 43.8268 10.6935 2
    endloop
  endfacet
  facet normal 0 0 1
    outer loop
      vertex 49.2 17.2 2
      vertex 43.6993 11.0014 2
      vertex 43.7706 10.8506 2
    endloop
  endfacet
  facet normal 0 0 1
    outer loop
      vertex 49.2 17.2 2
      vertex 43.6135 11.1445 2
      vertex 43.6993 11.0014 2
    endloop
  endfacet
  facet normal 0 0 1
    outer loop
      vertex 49.2 17.2 2
      vertex 43.5141 11.2785 2
      vertex 43.6135 11.1445 2
    endloop
  endfacet
  facet normal 0 0 1
    outer loop
      vertex 49.2 17.2 2
      vertex 43.4021 11.4021 2
      vertex 43.5141 11.2785 2
    endloop
  endfacet
  facet normal 0 0 1
    outer loop
      vertex 49.2 17.2 2
      vertex 43.2785 11.5141 2
      vertex 43.4021 11.4021 2
    endloop
  endfacet
  facet normal 0 0 1
    outer loop
      vertex 49.2 17.2 2
      vertex 43.1445 11.6135 2
      vertex 43.2785 11.5141 2
    endloop
  endfacet
  facet normal 0 0 1
    outer loop
      vertex 49.2 17.2 2
      vertex 43.0014 11.6993 2
      vertex 43.1445 11.6135 2
    endloop
  endfacet
  facet normal 0 0 1
    outer loop
      vertex 49.2 17.2 2
      vertex 42.8506 11.7706 2
      vertex 43.0014 11.6993 2
    endloop
  endfacet
  facet normal 0 0 1
    outer loop
      vertex 49.2 17.2 2
      vertex 42.6935 11.8268 2
      vertex 42.8506 11.7706 2
    endloop
  endfacet
  facet normal 0 0 1
    outer loop
      vertex 49.2 17.2 2
      vertex 42.5317 11.8673 2
      vertex 42.6935 11.8268 2
    endloop
  endfacet
  facet normal 0 0 1
    outer loop
      vertex 49.2 17.2 2
      vertex 42.3666 11.8918 2
      vertex 42.5317 11.8673 2
    endloop
  endfacet
  facet normal 0 0 1
    outer loop
      vertex 49.2 17.2 2
      vertex 42.2 11.9 2
      vertex 42.3666 11.8918 2
    endloop
  endfacet
  facet normal 0 0 1
    outer loop
      vertex 49.2 17.2 2
      vertex 42.0334 11.8918 2
      vertex 42.2 11.9 2
    endloop
  endfacet
  facet normal 0 0 1
    outer loop
      vertex 49.2 17.2 2
      vertex 41.8683 11.8673 2
      vertex 42.0334 11.8918 2
    endloop
  endfacet
  facet normal -0 0 1
    outer loop
      vertex 32 17.2 2
      vertex 41.8683 11.8673 2
      vertex 49.2 17.2 2
    endloop
  endfacet
  facet normal 0 0 1
    outer loop
      vertex 41.8683 11.8673 2
      vertex 32 17.2 2
      vertex 41.7065 11.8268 2
    endloop
  endfacet
  facet normal 0 0 1
    outer loop
      vertex 41.7065 11.8268 2
      vertex 32 17.2 2
      vertex 41.5494 11.7706 2
    endloop
  endfacet
  facet normal 0 0 1
    outer loop
      vertex 41.5494 11.7706 2
      vertex 32 17.2 2
      vertex 41.3986 11.6993 2
    endloop
  endfacet
  facet normal 0 0 1
    outer loop
      vertex 40.5082 10.3666 2
      vertex 32 17.2 2
      vertex 40.5 10.2 2
    endloop
  endfacet
  facet normal 0 0 1
    outer loop
      vertex 40.5327 10.5317 2
      vertex 32 17.2 2
      vertex 40.5082 10.3666 2
    endloop
  endfacet
  facet normal 0 0 1
    outer loop
      vertex 40.5732 10.6935 2
      vertex 32 17.2 2
      vertex 40.5327 10.5317 2
    endloop
  endfacet
  facet normal 0 0 1
    outer loop
      vertex 40.6294 10.8506 2
      vertex 32 17.2 2
      vertex 40.5732 10.6935 2
    endloop
  endfacet
  facet normal 0 0 1
    outer loop
      vertex 40.7007 11.0014 2
      vertex 32 17.2 2
      vertex 40.6294 10.8506 2
    endloop
  endfacet
  facet normal 0 0 1
    outer loop
      vertex 40.7865 11.1445 2
      vertex 32 17.2 2
      vertex 40.7007 11.0014 2
    endloop
  endfacet
  facet normal 0 0 1
    outer loop
      vertex 40.8859 11.2785 2
      vertex 32 17.2 2
      vertex 40.7865 11.1445 2
    endloop
  endfacet
  facet normal 0 0 1
    outer loop
      vertex 40.9979 11.4021 2
      vertex 32 17.2 2
      vertex 40.8859 11.2785 2
    endloop
  endfacet
  facet normal 0 0 1
    outer loop
      vertex 41.1215 11.5141 2
      vertex 32 17.2 2
      vertex 40.9979 11.4021 2
    endloop
  endfacet
  facet normal 0 0 1
    outer loop
      vertex 41.2555 11.6135 2
      vertex 32 17.2 2
      vertex 41.1215 11.5141 2
    endloop
  endfacet
  facet normal 0 0 1
    outer loop
      vertex 41.3986 11.6993 2
      vertex 32 17.2 2
      vertex 41.2555 11.6135 2
    endloop
  endfacet
  facet normal 0 0 1
    outer loop
      vertex 49.2 17.2 2
      vertex 43.8918 10.0334 2
      vertex 49.2 0 2
    endloop
  endfacet
  facet normal -0 0 1
    outer loop
      vertex 43.8673 9.86835 2
      vertex 49.2 0 2
      vertex 43.8918 10.0334 2
    endloop
  endfacet
  facet normal -0 0 1
    outer loop
      vertex 43.8268 9.70652 2
      vertex 49.2 0 2
      vertex 43.8673 9.86835 2
    endloop
  endfacet
  facet normal -0 0 1
    outer loop
      vertex 43.7706 9.54944 2
      vertex 49.2 0 2
      vertex 43.8268 9.70652 2
    endloop
  endfacet
  facet normal -0 0 1
    outer loop
      vertex 43.6993 9.39863 2
      vertex 49.2 0 2
      vertex 43.7706 9.54944 2
    endloop
  endfacet
  facet normal -0 0 1
    outer loop
      vertex 43.6135 9.25553 2
      vertex 49.2 0 2
      vertex 43.6993 9.39863 2
    endloop
  endfacet
  facet normal -0 0 1
    outer loop
      vertex 43.5141 9.12153 2
      vertex 49.2 0 2
      vertex 43.6135 9.25553 2
    endloop
  endfacet
  facet normal -0 0 1
    outer loop
      vertex 43.4021 8.99792 2
      vertex 49.2 0 2
      vertex 43.5141 9.12153 2
    endloop
  endfacet
  facet normal -0 0 1
    outer loop
      vertex 43.2785 8.88588 2
      vertex 49.2 0 2
      vertex 43.4021 8.99792 2
    endloop
  endfacet
  facet normal -0 0 1
    outer loop
      vertex 43.1445 8.7865 2
      vertex 49.2 0 2
      vertex 43.2785 8.88588 2
    endloop
  endfacet
  facet normal -0 0 1
    outer loop
      vertex 43.0014 8.70073 2
      vertex 49.2 0 2
      vertex 43.1445 8.7865 2
    endloop
  endfacet
  facet normal -0 0 1
    outer loop
      vertex 42.8506 8.6294 2
      vertex 49.2 0 2
      vertex 43.0014 8.70073 2
    endloop
  endfacet
  facet normal -0 0 1
    outer loop
      vertex 42.6935 8.5732 2
      vertex 49.2 0 2
      vertex 42.8506 8.6294 2
    endloop
  endfacet
  facet normal -0 0 1
    outer loop
      vertex 42.5317 8.53266 2
      vertex 49.2 0 2
      vertex 42.6935 8.5732 2
    endloop
  endfacet
  facet normal -0 0 1
    outer loop
      vertex 42.3666 8.50819 2
      vertex 49.2 0 2
      vertex 42.5317 8.53266 2
    endloop
  endfacet
  facet normal -0 0 1
    outer loop
      vertex 42.2 8.5 2
      vertex 49.2 0 2
      vertex 42.3666 8.50819 2
    endloop
  endfacet
  facet normal 0 0 1
    outer loop
      vertex 42.0334 8.50819 2
      vertex 49.2 0 2
      vertex 42.2 8.5 2
    endloop
  endfacet
  facet normal 0 0 1
    outer loop
      vertex 41.8683 8.53266 2
      vertex 49.2 0 2
      vertex 42.0334 8.50819 2
    endloop
  endfacet
  facet normal 0 0 1
    outer loop
      vertex 32 0 2
      vertex 41.8683 8.53266 2
      vertex 41.7065 8.5732 2
    endloop
  endfacet
  facet normal 0 0 1
    outer loop
      vertex 32 0 2
      vertex 41.7065 8.5732 2
      vertex 41.5494 8.6294 2
    endloop
  endfacet
  facet normal 0 0 1
    outer loop
      vertex 32 0 2
      vertex 41.5494 8.6294 2
      vertex 41.3986 8.70073 2
    endloop
  endfacet
  facet normal 0 0 1
    outer loop
      vertex 32 0 2
      vertex 41.3986 8.70073 2
      vertex 41.2555 8.7865 2
    endloop
  endfacet
  facet normal 0 0 1
    outer loop
      vertex 32 0 2
      vertex 41.2555 8.7865 2
      vertex 41.1215 8.88588 2
    endloop
  endfacet
  facet normal 0 0 1
    outer loop
      vertex 32 0 2
      vertex 41.1215 8.88588 2
      vertex 40.9979 8.99792 2
    endloop
  endfacet
  facet normal 0 0 1
    outer loop
      vertex 32 17.2 2
      vertex 40.5082 10.0334 2
      vertex 40.5 10.2 2
    endloop
  endfacet
  facet normal 0 0 1
    outer loop
      vertex 32 17.2 2
      vertex 40.5327 9.86835 2
      vertex 40.5082 10.0334 2
    endloop
  endfacet
  facet normal 0 0 1
    outer loop
      vertex 32 0 2
      vertex 40.5327 9.86835 2
      vertex 32 17.2 2
    endloop
  endfacet
  facet normal 0 0 1
    outer loop
      vertex 40.5327 9.86835 2
      vertex 32 0 2
      vertex 40.5732 9.70652 2
    endloop
  endfacet
  facet normal 0 0 1
    outer loop
      vertex 40.5732 9.70652 2
      vertex 32 0 2
      vertex 40.6294 9.54944 2
    endloop
  endfacet
  facet normal 0 0 1
    outer loop
      vertex 40.6294 9.54944 2
      vertex 32 0 2
      vertex 40.7007 9.39863 2
    endloop
  endfacet
  facet normal 0 0 1
    outer loop
      vertex 40.7007 9.39863 2
      vertex 32 0 2
      vertex 40.7865 9.25553 2
    endloop
  endfacet
  facet normal 0 0 1
    outer loop
      vertex 40.7865 9.25553 2
      vertex 32 0 2
      vertex 40.8859 9.12153 2
    endloop
  endfacet
  facet normal 0 0 1
    outer loop
      vertex 40.8859 9.12153 2
      vertex 32 0 2
      vertex 40.9979 8.99792 2
    endloop
  endfacet
  facet normal 0 0 1
    outer loop
      vertex 41.8683 8.53266 2
      vertex 32 0 2
      vertex 49.2 0 2
    endloop
  endfacet
  facet normal 0 0 -1
    outer loop
      vertex 43.8918 10.0334 0
      vertex 49.2 17.2 0
      vertex 49.2 0 0
    endloop
  endfacet
  facet normal 0 0 -1
    outer loop
      vertex 49.2 17.2 0
      vertex 43.8918 10.0334 0
      vertex 43.9 10.2 0
    endloop
  endfacet
  facet normal 0 0 -1
    outer loop
      vertex 49.2 0 0
      vertex 43.8673 9.86835 0
      vertex 43.8918 10.0334 0
    endloop
  endfacet
  facet normal 0 0 -1
    outer loop
      vertex 49.2 0 0
      vertex 43.8268 9.70652 0
      vertex 43.8673 9.86835 0
    endloop
  endfacet
  facet normal 0 0 -1
    outer loop
      vertex 49.2 0 0
      vertex 43.7706 9.54944 0
      vertex 43.8268 9.70652 0
    endloop
  endfacet
  facet normal 0 0 -1
    outer loop
      vertex 49.2 0 0
      vertex 43.6993 9.39863 0
      vertex 43.7706 9.54944 0
    endloop
  endfacet
  facet normal 0 0 -1
    outer loop
      vertex 49.2 0 0
      vertex 43.6135 9.25553 0
      vertex 43.6993 9.39863 0
    endloop
  endfacet
  facet normal 0 0 -1
    outer loop
      vertex 49.2 0 0
      vertex 43.5141 9.12153 0
      vertex 43.6135 9.25553 0
    endloop
  endfacet
  facet normal 0 0 -1
    outer loop
      vertex 49.2 0 0
      vertex 43.4021 8.99792 0
      vertex 43.5141 9.12153 0
    endloop
  endfacet
  facet normal 0 0 -1
    outer loop
      vertex 49.2 0 0
      vertex 43.2785 8.88588 0
      vertex 43.4021 8.99792 0
    endloop
  endfacet
  facet normal 0 0 -1
    outer loop
      vertex 49.2 0 0
      vertex 43.1445 8.7865 0
      vertex 43.2785 8.88588 0
    endloop
  endfacet
  facet normal 0 0 -1
    outer loop
      vertex 49.2 0 0
      vertex 43.0014 8.70073 0
      vertex 43.1445 8.7865 0
    endloop
  endfacet
  facet normal 0 0 -1
    outer loop
      vertex 49.2 0 0
      vertex 42.8506 8.6294 0
      vertex 43.0014 8.70073 0
    endloop
  endfacet
  facet normal 0 0 -1
    outer loop
      vertex 49.2 0 0
      vertex 42.6935 8.5732 0
      vertex 42.8506 8.6294 0
    endloop
  endfacet
  facet normal 0 0 -1
    outer loop
      vertex 49.2 0 0
      vertex 42.5317 8.53266 0
      vertex 42.6935 8.5732 0
    endloop
  endfacet
  facet normal 0 0 -1
    outer loop
      vertex 49.2 0 0
      vertex 42.3666 8.50819 0
      vertex 42.5317 8.53266 0
    endloop
  endfacet
  facet normal 0 0 -1
    outer loop
      vertex 49.2 0 0
      vertex 42.2 8.5 0
      vertex 42.3666 8.50819 0
    endloop
  endfacet
  facet normal 0 0 -1
    outer loop
      vertex 49.2 0 0
      vertex 42.0334 8.50819 0
      vertex 42.2 8.5 0
    endloop
  endfacet
  facet normal 0 0 -1
    outer loop
      vertex 49.2 0 0
      vertex 41.8683 8.53266 0
      vertex 42.0334 8.50819 0
    endloop
  endfacet
  facet normal 0 0 -1
    outer loop
      vertex 32 0 0
      vertex 41.8683 8.53266 0
      vertex 49.2 0 0
    endloop
  endfacet
  facet normal -0 0 -1
    outer loop
      vertex 41.8683 8.53266 0
      vertex 32 0 0
      vertex 41.7065 8.5732 0
    endloop
  endfacet
  facet normal -0 0 -1
    outer loop
      vertex 41.7065 8.5732 0
      vertex 32 0 0
      vertex 41.5494 8.6294 0
    endloop
  endfacet
  facet normal -0 0 -1
    outer loop
      vertex 41.5494 8.6294 0
      vertex 32 0 0
      vertex 41.3986 8.70073 0
    endloop
  endfacet
  facet normal -0 0 -1
    outer loop
      vertex 41.3986 8.70073 0
      vertex 32 0 0
      vertex 41.2555 8.7865 0
    endloop
  endfacet
  facet normal -0 0 -1
    outer loop
      vertex 41.2555 8.7865 0
      vertex 32 0 0
      vertex 41.1215 8.88588 0
    endloop
  endfacet
  facet normal 0 0 -1
    outer loop
      vertex 40.5327 9.86835 0
      vertex 32 17.2 0
      vertex 40.5082 10.0334 0
    endloop
  endfacet
  facet normal 0 0 -1
    outer loop
      vertex 32 17.2 0
      vertex 40.5327 9.86835 0
      vertex 32 0 0
    endloop
  endfacet
  facet normal -0 0 -1
    outer loop
      vertex 40.5732 9.70652 0
      vertex 32 0 0
      vertex 40.5327 9.86835 0
    endloop
  endfacet
  facet normal -0 0 -1
    outer loop
      vertex 40.6294 9.54944 0
      vertex 32 0 0
      vertex 40.5732 9.70652 0
    endloop
  endfacet
  facet normal -0 0 -1
    outer loop
      vertex 40.7007 9.39863 0
      vertex 32 0 0
      vertex 40.6294 9.54944 0
    endloop
  endfacet
  facet normal -0 0 -1
    outer loop
      vertex 40.7865 9.25553 0
      vertex 32 0 0
      vertex 40.7007 9.39863 0
    endloop
  endfacet
  facet normal -0 0 -1
    outer loop
      vertex 40.8859 9.12153 0
      vertex 32 0 0
      vertex 40.7865 9.25553 0
    endloop
  endfacet
  facet normal -0 0 -1
    outer loop
      vertex 40.9979 8.99792 0
      vertex 32 0 0
      vertex 40.8859 9.12153 0
    endloop
  endfacet
  facet normal -0 0 -1
    outer loop
      vertex 41.1215 8.88588 0
      vertex 32 0 0
      vertex 40.9979 8.99792 0
    endloop
  endfacet
  facet normal 0 0 -1
    outer loop
      vertex 43.8918 10.3666 0
      vertex 49.2 17.2 0
      vertex 43.9 10.2 0
    endloop
  endfacet
  facet normal 0 0 -1
    outer loop
      vertex 43.8673 10.5317 0
      vertex 49.2 17.2 0
      vertex 43.8918 10.3666 0
    endloop
  endfacet
  facet normal 0 0 -1
    outer loop
      vertex 43.8268 10.6935 0
      vertex 49.2 17.2 0
      vertex 43.8673 10.5317 0
    endloop
  endfacet
  facet normal 0 0 -1
    outer loop
      vertex 43.7706 10.8506 0
      vertex 49.2 17.2 0
      vertex 43.8268 10.6935 0
    endloop
  endfacet
  facet normal 0 0 -1
    outer loop
      vertex 43.6993 11.0014 0
      vertex 49.2 17.2 0
      vertex 43.7706 10.8506 0
    endloop
  endfacet
  facet normal 0 0 -1
    outer loop
      vertex 43.6135 11.1445 0
      vertex 49.2 17.2 0
      vertex 43.6993 11.0014 0
    endloop
  endfacet
  facet normal 0 0 -1
    outer loop
      vertex 43.5141 11.2785 0
      vertex 49.2 17.2 0
      vertex 43.6135 11.1445 0
    endloop
  endfacet
  facet normal 0 0 -1
    outer loop
      vertex 43.4021 11.4021 0
      vertex 49.2 17.2 0
      vertex 43.5141 11.2785 0
    endloop
  endfacet
  facet normal 0 0 -1
    outer loop
      vertex 43.2785 11.5141 0
      vertex 49.2 17.2 0
      vertex 43.4021 11.4021 0
    endloop
  endfacet
  facet normal 0 0 -1
    outer loop
      vertex 43.1445 11.6135 0
      vertex 49.2 17.2 0
      vertex 43.2785 11.5141 0
    endloop
  endfacet
  facet normal 0 0 -1
    outer loop
      vertex 43.0014 11.6993 0
      vertex 49.2 17.2 0
      vertex 43.1445 11.6135 0
    endloop
  endfacet
  facet normal 0 0 -1
    outer loop
      vertex 42.8506 11.7706 0
      vertex 49.2 17.2 0
      vertex 43.0014 11.6993 0
    endloop
  endfacet
  facet normal 0 0 -1
    outer loop
      vertex 42.6935 11.8268 0
      vertex 49.2 17.2 0
      vertex 42.8506 11.7706 0
    endloop
  endfacet
  facet normal 0 0 -1
    outer loop
      vertex 42.5317 11.8673 0
      vertex 49.2 17.2 0
      vertex 42.6935 11.8268 0
    endloop
  endfacet
  facet normal 0 0 -1
    outer loop
      vertex 42.3666 11.8918 0
      vertex 49.2 17.2 0
      vertex 42.5317 11.8673 0
    endloop
  endfacet
  facet normal 0 0 -1
    outer loop
      vertex 42.2 11.9 0
      vertex 49.2 17.2 0
      vertex 42.3666 11.8918 0
    endloop
  endfacet
  facet normal 0 0 -1
    outer loop
      vertex 42.0334 11.8918 0
      vertex 49.2 17.2 0
      vertex 42.2 11.9 0
    endloop
  endfacet
  facet normal 0 0 -1
    outer loop
      vertex 41.8683 11.8673 0
      vertex 49.2 17.2 0
      vertex 42.0334 11.8918 0
    endloop
  endfacet
  facet normal 0 0 -1
    outer loop
      vertex 32 17.2 0
      vertex 41.8683 11.8673 0
      vertex 41.7065 11.8268 0
    endloop
  endfacet
  facet normal 0 0 -1
    outer loop
      vertex 32 17.2 0
      vertex 41.7065 11.8268 0
      vertex 41.5494 11.7706 0
    endloop
  endfacet
  facet normal 0 0 -1
    outer loop
      vertex 32 17.2 0
      vertex 41.5494 11.7706 0
      vertex 41.3986 11.6993 0
    endloop
  endfacet
  facet normal 0 0 -1
    outer loop
      vertex 32 17.2 0
      vertex 41.3986 11.6993 0
      vertex 41.2555 11.6135 0
    endloop
  endfacet
  facet normal 0 0 -1
    outer loop
      vertex 40.5082 10.0334 0
      vertex 32 17.2 0
      vertex 40.5 10.2 0
    endloop
  endfacet
  facet normal 0 0 -1
    outer loop
      vertex 40.5 10.2 0
      vertex 32 17.2 0
      vertex 40.5082 10.3666 0
    endloop
  endfacet
  facet normal 0 0 -1
    outer loop
      vertex 40.5082 10.3666 0
      vertex 32 17.2 0
      vertex 40.5327 10.5317 0
    endloop
  endfacet
  facet normal 0 0 -1
    outer loop
      vertex 40.5327 10.5317 0
      vertex 32 17.2 0
      vertex 40.5732 10.6935 0
    endloop
  endfacet
  facet normal 0 0 -1
    outer loop
      vertex 40.5732 10.6935 0
      vertex 32 17.2 0
      vertex 40.6294 10.8506 0
    endloop
  endfacet
  facet normal 0 0 -1
    outer loop
      vertex 40.6294 10.8506 0
      vertex 32 17.2 0
      vertex 40.7007 11.0014 0
    endloop
  endfacet
  facet normal 0 0 -1
    outer loop
      vertex 40.7007 11.0014 0
      vertex 32 17.2 0
      vertex 40.7865 11.1445 0
    endloop
  endfacet
  facet normal 0 0 -1
    outer loop
      vertex 41.8683 11.8673 0
      vertex 32 17.2 0
      vertex 49.2 17.2 0
    endloop
  endfacet
  facet normal 0 0 -1
    outer loop
      vertex 41.1215 11.5141 0
      vertex 32 17.2 0
      vertex 41.2555 11.6135 0
    endloop
  endfacet
  facet normal 0 0 -1
    outer loop
      vertex 40.9979 11.4021 0
      vertex 32 17.2 0
      vertex 41.1215 11.5141 0
    endloop
  endfacet
  facet normal 0 0 -1
    outer loop
      vertex 40.8859 11.2785 0
      vertex 32 17.2 0
      vertex 40.9979 11.4021 0
    endloop
  endfacet
  facet normal 0 0 -1
    outer loop
      vertex 40.7865 11.1445 0
      vertex 32 17.2 0
      vertex 40.8859 11.2785 0
    endloop
  endfacet
  facet normal -1 0 0
    outer loop
      vertex 32 0 0
      vertex 32 17.2 2
      vertex 32 17.2 0
    endloop
  endfacet
  facet normal -1 -0 0
    outer loop
      vertex 32 17.2 2
      vertex 32 0 0
      vertex 32 0 2
    endloop
  endfacet
  facet normal 0 1 -0
    outer loop
      vertex 49.2 17.2 0
      vertex 32 17.2 2
      vertex 49.2 17.2 2
    endloop
  endfacet
  facet normal 0 1 0
    outer loop
      vertex 32 17.2 2
      vertex 49.2 17.2 0
      vertex 32 17.2 0
    endloop
  endfacet
  facet normal 0 -1 0
    outer loop
      vertex 32 0 0
      vertex 49.2 0 2
      vertex 32 0 2
    endloop
  endfacet
  facet normal 0 -1 -0
    outer loop
      vertex 49.2 0 2
      vertex 32 0 0
      vertex 49.2 0 0
    endloop
  endfacet
  facet normal 0.33683 0.941566 -0
    outer loop
      vertex 41.7065 8.5732 0
      vertex 41.5494 8.6294 2
      vertex 41.7065 8.5732 2
    endloop
  endfacet
  facet normal 0.33683 0.941566 0
    outer loop
      vertex 41.5494 8.6294 2
      vertex 41.7065 8.5732 0
      vertex 41.5494 8.6294 0
    endloop
  endfacet
  facet normal -0.989168 -0.146788 0
    outer loop
      vertex 43.8918 10.3666 0
      vertex 43.8673 10.5317 2
      vertex 43.8673 10.5317 0
    endloop
  endfacet
  facet normal -0.989168 -0.146788 0
    outer loop
      vertex 43.8673 10.5317 2
      vertex 43.8918 10.3666 0
      vertex 43.8918 10.3666 2
    endloop
  endfacet
  facet normal -0.998791 -0.0491602 0
    outer loop
      vertex 43.9 10.2 0
      vertex 43.8918 10.3666 2
      vertex 43.8918 10.3666 0
    endloop
  endfacet
  facet normal -0.998791 -0.0491602 0
    outer loop
      vertex 43.8918 10.3666 2
      vertex 43.9 10.2 0
      vertex 43.9 10.2 2
    endloop
  endfacet
  facet normal -0.970072 -0.242818 0
    outer loop
      vertex 43.8673 10.5317 0
      vertex 43.8268 10.6935 2
      vertex 43.8268 10.6935 0
    endloop
  endfacet
  facet normal -0.970072 -0.242818 0
    outer loop
      vertex 43.8268 10.6935 2
      vertex 43.8673 10.5317 0
      vertex 43.8673 10.5317 2
    endloop
  endfacet
  facet normal 0.989168 -0.146788 0
    outer loop
      vertex 40.5082 10.3666 2
      vertex 40.5327 10.5317 0
      vertex 40.5327 10.5317 2
    endloop
  endfacet
  facet normal 0.989168 -0.146788 0
    outer loop
      vertex 40.5327 10.5317 0
      vertex 40.5082 10.3666 2
      vertex 40.5082 10.3666 0
    endloop
  endfacet
  facet normal 0.243043 0.970015 -0
    outer loop
      vertex 41.8683 8.53266 0
      vertex 41.7065 8.5732 2
      vertex 41.8683 8.53266 2
    endloop
  endfacet
  facet normal 0.243043 0.970015 0
    outer loop
      vertex 41.7065 8.5732 2
      vertex 41.8683 8.53266 0
      vertex 41.7065 8.5732 0
    endloop
  endfacet
  facet normal -0.33683 -0.941566 0
    outer loop
      vertex 42.6935 11.8268 0
      vertex 42.8506 11.7706 2
      vertex 42.6935 11.8268 2
    endloop
  endfacet
  facet normal -0.33683 -0.941566 -0
    outer loop
      vertex 42.8506 11.7706 2
      vertex 42.6935 11.8268 0
      vertex 42.8506 11.7706 0
    endloop
  endfacet
  facet normal 0.514231 -0.857652 0
    outer loop
      vertex 41.2555 11.6135 0
      vertex 41.3986 11.6993 2
      vertex 41.2555 11.6135 2
    endloop
  endfacet
  facet normal 0.514231 -0.857652 0
    outer loop
      vertex 41.3986 11.6993 2
      vertex 41.2555 11.6135 0
      vertex 41.3986 11.6993 0
    endloop
  endfacet
  facet normal 0.904054 0.427419 0
    outer loop
      vertex 40.7007 9.39863 2
      vertex 40.6294 9.54944 0
      vertex 40.6294 9.54944 2
    endloop
  endfacet
  facet normal 0.904054 0.427419 0
    outer loop
      vertex 40.6294 9.54944 0
      vertex 40.7007 9.39863 2
      vertex 40.7007 9.39863 0
    endloop
  endfacet
  facet normal 0.242818 -0.970072 0
    outer loop
      vertex 41.7065 11.8268 0
      vertex 41.8683 11.8673 2
      vertex 41.7065 11.8268 2
    endloop
  endfacet
  facet normal 0.242818 -0.970072 0
    outer loop
      vertex 41.8683 11.8673 2
      vertex 41.7065 11.8268 0
      vertex 41.8683 11.8673 0
    endloop
  endfacet
  facet normal 0.857652 0.514231 0
    outer loop
      vertex 40.7865 9.25553 2
      vertex 40.7007 9.39863 0
      vertex 40.7007 9.39863 2
    endloop
  endfacet
  facet normal 0.857652 0.514231 0
    outer loop
      vertex 40.7007 9.39863 0
      vertex 40.7865 9.25553 2
      vertex 40.7865 9.25553 0
    endloop
  endfacet
  facet normal -0.243043 0.970015 0
    outer loop
      vertex 42.6935 8.5732 0
      vertex 42.5317 8.53266 2
      vertex 42.6935 8.5732 2
    endloop
  endfacet
  facet normal -0.243043 0.970015 0
    outer loop
      vertex 42.5317 8.53266 2
      vertex 42.6935 8.5732 0
      vertex 42.5317 8.53266 0
    endloop
  endfacet
  facet normal 0.595695 0.803211 -0
    outer loop
      vertex 41.2555 8.7865 0
      vertex 41.1215 8.88588 2
      vertex 41.2555 8.7865 2
    endloop
  endfacet
  facet normal 0.595695 0.803211 0
    outer loop
      vertex 41.1215 8.88588 2
      vertex 41.2555 8.7865 0
      vertex 41.1215 8.88588 0
    endloop
  endfacet
  facet normal -0.514099 0.857731 0
    outer loop
      vertex 43.1445 8.7865 0
      vertex 43.0014 8.70073 2
      vertex 43.1445 8.7865 2
    endloop
  endfacet
  facet normal -0.514099 0.857731 0
    outer loop
      vertex 43.0014 8.70073 2
      vertex 43.1445 8.7865 0
      vertex 43.0014 8.70073 0
    endloop
  endfacet
  facet normal -0.803154 0.595772 0
    outer loop
      vertex 43.5141 9.12153 0
      vertex 43.6135 9.25553 2
      vertex 43.6135 9.25553 0
    endloop
  endfacet
  facet normal -0.803154 0.595772 0
    outer loop
      vertex 43.6135 9.25553 2
      vertex 43.5141 9.12153 0
      vertex 43.5141 9.12153 2
    endloop
  endfacet
  facet normal -0.146788 -0.989168 0
    outer loop
      vertex 42.3666 11.8918 0
      vertex 42.5317 11.8673 2
      vertex 42.3666 11.8918 2
    endloop
  endfacet
  facet normal -0.146788 -0.989168 -0
    outer loop
      vertex 42.5317 11.8673 2
      vertex 42.3666 11.8918 0
      vertex 42.5317 11.8673 0
    endloop
  endfacet
  facet normal 0.595772 -0.803154 0
    outer loop
      vertex 41.1215 11.5141 0
      vertex 41.2555 11.6135 2
      vertex 41.1215 11.5141 2
    endloop
  endfacet
  facet normal 0.595772 -0.803154 0
    outer loop
      vertex 41.2555 11.6135 2
      vertex 41.1215 11.5141 0
      vertex 41.2555 11.6135 0
    endloop
  endfacet
  facet normal -0.427589 0.903973 0
    outer loop
      vertex 43.0014 8.70073 0
      vertex 42.8506 8.6294 2
      vertex 43.0014 8.70073 2
    endloop
  endfacet
  facet normal -0.427589 0.903973 0
    outer loop
      vertex 42.8506 8.6294 2
      vertex 43.0014 8.70073 0
      vertex 42.8506 8.6294 0
    endloop
  endfacet
  facet normal 0.803154 -0.595772 0
    outer loop
      vertex 40.7865 11.1445 2
      vertex 40.8859 11.2785 0
      vertex 40.8859 11.2785 2
    endloop
  endfacet
  facet normal 0.803154 -0.595772 0
    outer loop
      vertex 40.8859 11.2785 0
      vertex 40.7865 11.1445 2
      vertex 40.7865 11.1445 0
    endloop
  endfacet
  facet normal -0.989162 0.146831 0
    outer loop
      vertex 43.8673 9.86835 0
      vertex 43.8918 10.0334 2
      vertex 43.8918 10.0334 0
    endloop
  endfacet
  facet normal -0.989162 0.146831 0
    outer loop
      vertex 43.8918 10.0334 2
      vertex 43.8673 9.86835 0
      vertex 43.8673 9.86835 2
    endloop
  endfacet
  facet normal 0.941566 -0.33683 0
    outer loop
      vertex 40.5732 10.6935 2
      vertex 40.6294 10.8506 0
      vertex 40.6294 10.8506 2
    endloop
  endfacet
  facet normal 0.941566 -0.33683 0
    outer loop
      vertex 40.6294 10.8506 0
      vertex 40.5732 10.6935 2
      vertex 40.5732 10.6935 0
    endloop
  endfacet
  facet normal -0.427442 -0.904043 0
    outer loop
      vertex 42.8506 11.7706 0
      vertex 43.0014 11.6993 2
      vertex 42.8506 11.7706 2
    endloop
  endfacet
  facet normal -0.427442 -0.904043 -0
    outer loop
      vertex 43.0014 11.6993 2
      vertex 42.8506 11.7706 0
      vertex 43.0014 11.6993 0
    endloop
  endfacet
  facet normal 0.941552 0.336868 0
    outer loop
      vertex 40.6294 9.54944 2
      vertex 40.5732 9.70652 0
      vertex 40.5732 9.70652 2
    endloop
  endfacet
  facet normal 0.941552 0.336868 0
    outer loop
      vertex 40.5732 9.70652 0
      vertex 40.6294 9.54944 2
      vertex 40.6294 9.54944 0
    endloop
  endfacet
  facet normal -0.970083 0.242775 0
    outer loop
      vertex 43.8268 9.70652 0
      vertex 43.8673 9.86835 2
      vertex 43.8673 9.86835 0
    endloop
  endfacet
  facet normal -0.970083 0.242775 0
    outer loop
      vertex 43.8673 9.86835 2
      vertex 43.8268 9.70652 0
      vertex 43.8268 9.70652 2
    endloop
  endfacet
  facet normal 0.0491602 -0.998791 0
    outer loop
      vertex 42.0334 11.8918 0
      vertex 42.2 11.9 2
      vertex 42.0334 11.8918 2
    endloop
  endfacet
  facet normal 0.0491602 -0.998791 0
    outer loop
      vertex 42.2 11.9 2
      vertex 42.0334 11.8918 0
      vertex 42.2 11.9 0
    endloop
  endfacet
  facet normal -0.671478 -0.741024 0
    outer loop
      vertex 43.2785 11.5141 0
      vertex 43.4021 11.4021 2
      vertex 43.2785 11.5141 2
    endloop
  endfacet
  facet normal -0.671478 -0.741024 -0
    outer loop
      vertex 43.4021 11.4021 2
      vertex 43.2785 11.5141 0
      vertex 43.4021 11.4021 0
    endloop
  endfacet
  facet normal 0.427442 -0.904043 0
    outer loop
      vertex 41.3986 11.6993 0
      vertex 41.5494 11.7706 2
      vertex 41.3986 11.6993 2
    endloop
  endfacet
  facet normal 0.427442 -0.904043 0
    outer loop
      vertex 41.5494 11.7706 2
      vertex 41.3986 11.6993 0
      vertex 41.5494 11.7706 0
    endloop
  endfacet
  facet normal 0.671478 -0.741024 0
    outer loop
      vertex 40.9979 11.4021 0
      vertex 41.1215 11.5141 2
      vertex 40.9979 11.4021 2
    endloop
  endfacet
  facet normal 0.671478 -0.741024 0
    outer loop
      vertex 41.1215 11.5141 2
      vertex 40.9979 11.4021 0
      vertex 41.1215 11.5141 0
    endloop
  endfacet
  facet normal -0.33683 0.941566 0
    outer loop
      vertex 42.8506 8.6294 0
      vertex 42.6935 8.5732 2
      vertex 42.8506 8.6294 2
    endloop
  endfacet
  facet normal -0.33683 0.941566 0
    outer loop
      vertex 42.6935 8.5732 2
      vertex 42.8506 8.6294 0
      vertex 42.6935 8.5732 0
    endloop
  endfacet
  facet normal 0.33683 -0.941566 0
    outer loop
      vertex 41.5494 11.7706 0
      vertex 41.7065 11.8268 2
      vertex 41.5494 11.7706 2
    endloop
  endfacet
  facet normal 0.33683 -0.941566 0
    outer loop
      vertex 41.7065 11.8268 2
      vertex 41.5494 11.7706 0
      vertex 41.7065 11.8268 0
    endloop
  endfacet
  facet normal -0.803154 -0.595772 0
    outer loop
      vertex 43.6135 11.1445 0
      vertex 43.5141 11.2785 2
      vertex 43.5141 11.2785 0
    endloop
  endfacet
  facet normal -0.803154 -0.595772 0
    outer loop
      vertex 43.5141 11.2785 2
      vertex 43.6135 11.1445 0
      vertex 43.6135 11.1445 2
    endloop
  endfacet
  facet normal 0.857652 -0.514231 0
    outer loop
      vertex 40.7007 11.0014 2
      vertex 40.7865 11.1445 0
      vertex 40.7865 11.1445 2
    endloop
  endfacet
  facet normal 0.857652 -0.514231 0
    outer loop
      vertex 40.7865 11.1445 0
      vertex 40.7007 11.0014 2
      vertex 40.7007 11.0014 0
    endloop
  endfacet
  facet normal -0.998791 0.0491602 0
    outer loop
      vertex 43.8918 10.0334 0
      vertex 43.9 10.2 2
      vertex 43.9 10.2 0
    endloop
  endfacet
  facet normal -0.998791 0.0491602 0
    outer loop
      vertex 43.9 10.2 2
      vertex 43.8918 10.0334 0
      vertex 43.8918 10.0334 2
    endloop
  endfacet
  facet normal -0.904054 0.427419 0
    outer loop
      vertex 43.6993 9.39863 0
      vertex 43.7706 9.54944 2
      vertex 43.7706 9.54944 0
    endloop
  endfacet
  facet normal -0.904054 0.427419 0
    outer loop
      vertex 43.7706 9.54944 2
      vertex 43.6993 9.39863 0
      vertex 43.6993 9.39863 2
    endloop
  endfacet
  facet normal -0.857652 -0.514231 0
    outer loop
      vertex 43.6993 11.0014 0
      vertex 43.6135 11.1445 2
      vertex 43.6135 11.1445 0
    endloop
  endfacet
  facet normal -0.857652 -0.514231 0
    outer loop
      vertex 43.6135 11.1445 2
      vertex 43.6993 11.0014 0
      vertex 43.6993 11.0014 2
    endloop
  endfacet
  facet normal 0.67161 0.740905 -0
    outer loop
      vertex 41.1215 8.88588 0
      vertex 40.9979 8.99792 2
      vertex 41.1215 8.88588 2
    endloop
  endfacet
  facet normal 0.67161 0.740905 0
    outer loop
      vertex 40.9979 8.99792 2
      vertex 41.1215 8.88588 0
      vertex 40.9979 8.99792 0
    endloop
  endfacet
  facet normal -0.595772 -0.803154 0
    outer loop
      vertex 43.1445 11.6135 0
      vertex 43.2785 11.5141 2
      vertex 43.1445 11.6135 2
    endloop
  endfacet
  facet normal -0.595772 -0.803154 -0
    outer loop
      vertex 43.2785 11.5141 2
      vertex 43.1445 11.6135 0
      vertex 43.2785 11.5141 0
    endloop
  endfacet
  facet normal 0.514099 0.857731 -0
    outer loop
      vertex 41.3986 8.70073 0
      vertex 41.2555 8.7865 2
      vertex 41.3986 8.70073 2
    endloop
  endfacet
  facet normal 0.514099 0.857731 0
    outer loop
      vertex 41.2555 8.7865 2
      vertex 41.3986 8.70073 0
      vertex 41.2555 8.7865 0
    endloop
  endfacet
  facet normal -0.514231 -0.857652 0
    outer loop
      vertex 43.0014 11.6993 0
      vertex 43.1445 11.6135 2
      vertex 43.0014 11.6993 2
    endloop
  endfacet
  facet normal -0.514231 -0.857652 -0
    outer loop
      vertex 43.1445 11.6135 2
      vertex 43.0014 11.6993 0
      vertex 43.1445 11.6135 0
    endloop
  endfacet
  facet normal -0.146612 0.989194 0
    outer loop
      vertex 42.5317 8.53266 0
      vertex 42.3666 8.50819 2
      vertex 42.5317 8.53266 2
    endloop
  endfacet
  facet normal -0.146612 0.989194 0
    outer loop
      vertex 42.3666 8.50819 2
      vertex 42.5317 8.53266 0
      vertex 42.3666 8.50819 0
    endloop
  endfacet
  facet normal -0.941566 -0.33683 0
    outer loop
      vertex 43.8268 10.6935 0
      vertex 43.7706 10.8506 2
      vertex 43.7706 10.8506 0
    endloop
  endfacet
  facet normal -0.941566 -0.33683 0
    outer loop
      vertex 43.7706 10.8506 2
      vertex 43.8268 10.6935 0
      vertex 43.8268 10.6935 2
    endloop
  endfacet
  facet normal -0.857652 0.514231 0
    outer loop
      vertex 43.6135 9.25553 0
      vertex 43.6993 9.39863 2
      vertex 43.6993 9.39863 0
    endloop
  endfacet
  facet normal -0.857652 0.514231 0
    outer loop
      vertex 43.6993 9.39863 2
      vertex 43.6135 9.25553 0
      vertex 43.6135 9.25553 2
    endloop
  endfacet
  facet normal 0.998791 0.0491602 0
    outer loop
      vertex 40.5082 10.0334 2
      vertex 40.5 10.2 0
      vertex 40.5 10.2 2
    endloop
  endfacet
  facet normal 0.998791 0.0491602 0
    outer loop
      vertex 40.5 10.2 0
      vertex 40.5082 10.0334 2
      vertex 40.5082 10.0334 0
    endloop
  endfacet
  facet normal -0.941552 0.336868 0
    outer loop
      vertex 43.7706 9.54944 0
      vertex 43.8268 9.70652 2
      vertex 43.8268 9.70652 0
    endloop
  endfacet
  facet normal -0.941552 0.336868 0
    outer loop
      vertex 43.8268 9.70652 2
      vertex 43.7706 9.54944 0
      vertex 43.7706 9.54944 2
    endloop
  endfacet
  facet normal -0.741024 -0.671478 0
    outer loop
      vertex 43.5141 11.2785 0
      vertex 43.4021 11.4021 2
      vertex 43.4021 11.4021 0
    endloop
  endfacet
  facet normal -0.741024 -0.671478 0
    outer loop
      vertex 43.4021 11.4021 2
      vertex 43.5141 11.2785 0
      vertex 43.5141 11.2785 2
    endloop
  endfacet
  facet normal -0.0491602 -0.998791 0
    outer loop
      vertex 42.2 11.9 0
      vertex 42.3666 11.8918 2
      vertex 42.2 11.9 2
    endloop
  endfacet
  facet normal -0.0491602 -0.998791 -0
    outer loop
      vertex 42.3666 11.8918 2
      vertex 42.2 11.9 0
      vertex 42.3666 11.8918 0
    endloop
  endfacet
  facet normal -0.904043 -0.427442 0
    outer loop
      vertex 43.7706 10.8506 0
      vertex 43.6993 11.0014 2
      vertex 43.6993 11.0014 0
    endloop
  endfacet
  facet normal -0.904043 -0.427442 0
    outer loop
      vertex 43.6993 11.0014 2
      vertex 43.7706 10.8506 0
      vertex 43.7706 10.8506 2
    endloop
  endfacet
  facet normal 0.146612 0.989194 -0
    outer loop
      vertex 42.0334 8.50819 0
      vertex 41.8683 8.53266 2
      vertex 42.0334 8.50819 2
    endloop
  endfacet
  facet normal 0.146612 0.989194 0
    outer loop
      vertex 41.8683 8.53266 2
      vertex 42.0334 8.50819 0
      vertex 41.8683 8.53266 0
    endloop
  endfacet
  facet normal -0.67161 0.740905 0
    outer loop
      vertex 43.4021 8.99792 0
      vertex 43.2785 8.88588 2
      vertex 43.4021 8.99792 2
    endloop
  endfacet
  facet normal -0.67161 0.740905 0
    outer loop
      vertex 43.2785 8.88588 2
      vertex 43.4021 8.99792 0
      vertex 43.2785 8.88588 0
    endloop
  endfacet
  facet normal 0.0491004 0.998794 -0
    outer loop
      vertex 42.2 8.5 0
      vertex 42.0334 8.50819 2
      vertex 42.2 8.5 2
    endloop
  endfacet
  facet normal 0.0491004 0.998794 0
    outer loop
      vertex 42.0334 8.50819 2
      vertex 42.2 8.5 0
      vertex 42.0334 8.50819 0
    endloop
  endfacet
  facet normal 0.741024 -0.671478 0
    outer loop
      vertex 40.8859 11.2785 2
      vertex 40.9979 11.4021 0
      vertex 40.9979 11.4021 2
    endloop
  endfacet
  facet normal 0.741024 -0.671478 0
    outer loop
      vertex 40.9979 11.4021 0
      vertex 40.8859 11.2785 2
      vertex 40.8859 11.2785 0
    endloop
  endfacet
  facet normal 0.146788 -0.989168 0
    outer loop
      vertex 41.8683 11.8673 0
      vertex 42.0334 11.8918 2
      vertex 41.8683 11.8673 2
    endloop
  endfacet
  facet normal 0.146788 -0.989168 0
    outer loop
      vertex 42.0334 11.8918 2
      vertex 41.8683 11.8673 0
      vertex 42.0334 11.8918 0
    endloop
  endfacet
  facet normal 0.904043 -0.427442 0
    outer loop
      vertex 40.6294 10.8506 2
      vertex 40.7007 11.0014 0
      vertex 40.7007 11.0014 2
    endloop
  endfacet
  facet normal 0.904043 -0.427442 0
    outer loop
      vertex 40.7007 11.0014 0
      vertex 40.6294 10.8506 2
      vertex 40.6294 10.8506 0
    endloop
  endfacet
  facet normal 0.970072 -0.242818 0
    outer loop
      vertex 40.5327 10.5317 2
      vertex 40.5732 10.6935 0
      vertex 40.5732 10.6935 2
    endloop
  endfacet
  facet normal 0.970072 -0.242818 0
    outer loop
      vertex 40.5732 10.6935 0
      vertex 40.5327 10.5317 2
      vertex 40.5327 10.5317 0
    endloop
  endfacet
  facet normal -0.242818 -0.970072 0
    outer loop
      vertex 42.5317 11.8673 0
      vertex 42.6935 11.8268 2
      vertex 42.5317 11.8673 2
    endloop
  endfacet
  facet normal -0.242818 -0.970072 -0
    outer loop
      vertex 42.6935 11.8268 2
      vertex 42.5317 11.8673 0
      vertex 42.6935 11.8268 0
    endloop
  endfacet
  facet normal 0.970083 0.242775 0
    outer loop
      vertex 40.5732 9.70652 2
      vertex 40.5327 9.86835 0
      vertex 40.5327 9.86835 2
    endloop
  endfacet
  facet normal 0.970083 0.242775 0
    outer loop
      vertex 40.5327 9.86835 0
      vertex 40.5732 9.70652 2
      vertex 40.5732 9.70652 0
    endloop
  endfacet
  facet normal 0.427589 0.903973 -0
    outer loop
      vertex 41.5494 8.6294 0
      vertex 41.3986 8.70073 2
      vertex 41.5494 8.6294 2
    endloop
  endfacet
  facet normal 0.427589 0.903973 0
    outer loop
      vertex 41.3986 8.70073 2
      vertex 41.5494 8.6294 0
      vertex 41.3986 8.70073 0
    endloop
  endfacet
  facet normal 0.741051 0.671448 0
    outer loop
      vertex 40.9979 8.99792 2
      vertex 40.8859 9.12153 0
      vertex 40.8859 9.12153 2
    endloop
  endfacet
  facet normal 0.741051 0.671448 0
    outer loop
      vertex 40.8859 9.12153 0
      vertex 40.9979 8.99792 2
      vertex 40.9979 8.99792 0
    endloop
  endfacet
  facet normal -0.0491004 0.998794 0
    outer loop
      vertex 42.3666 8.50819 0
      vertex 42.2 8.5 2
      vertex 42.3666 8.50819 2
    endloop
  endfacet
  facet normal -0.0491004 0.998794 0
    outer loop
      vertex 42.2 8.5 2
      vertex 42.3666 8.50819 0
      vertex 42.2 8.5 0
    endloop
  endfacet
  facet normal 0.989162 0.146831 0
    outer loop
      vertex 40.5327 9.86835 2
      vertex 40.5082 10.0334 0
      vertex 40.5082 10.0334 2
    endloop
  endfacet
  facet normal 0.989162 0.146831 0
    outer loop
      vertex 40.5082 10.0334 0
      vertex 40.5327 9.86835 2
      vertex 40.5327 9.86835 0
    endloop
  endfacet
  facet normal -0.595695 0.803211 0
    outer loop
      vertex 43.2785 8.88588 0
      vertex 43.1445 8.7865 2
      vertex 43.2785 8.88588 2
    endloop
  endfacet
  facet normal -0.595695 0.803211 0
    outer loop
      vertex 43.1445 8.7865 2
      vertex 43.2785 8.88588 0
      vertex 43.1445 8.7865 0
    endloop
  endfacet
  facet normal 0.803154 0.595772 0
    outer loop
      vertex 40.8859 9.12153 2
      vertex 40.7865 9.25553 0
      vertex 40.7865 9.25553 2
    endloop
  endfacet
  facet normal 0.803154 0.595772 0
    outer loop
      vertex 40.7865 9.25553 0
      vertex 40.8859 9.12153 2
      vertex 40.8859 9.12153 0
    endloop
  endfacet
  facet normal 0.998791 -0.0491602 0
    outer loop
      vertex 40.5 10.2 2
      vertex 40.5082 10.3666 0
      vertex 40.5082 10.3666 2
    endloop
  endfacet
  facet normal 0.998791 -0.0491602 0
    outer loop
      vertex 40.5082 10.3666 0
      vertex 40.5 10.2 2
      vertex 40.5 10.2 0
    endloop
  endfacet
  facet normal -0.741051 0.671448 0
    outer loop
      vertex 43.4021 8.99792 0
      vertex 43.5141 9.12153 2
      vertex 43.5141 9.12153 0
    endloop
  endfacet
  facet normal -0.741051 0.671448 0
    outer loop
      vertex 43.5141 9.12153 2
      vertex 43.4021 8.99792 0
      vertex 43.4021 8.99792 2
    endloop
  endfacet
  facet normal 1 -0 0
    outer loop
      vertex 81.2 0 2
      vertex 81.2 17.2 0
      vertex 81.2 17.2 2
    endloop
  endfacet
  facet normal 1 0 0
    outer loop
      vertex 81.2 17.2 0
      vertex 81.2 0 2
      vertex 81.2 0 0
    endloop
  endfacet
  facet normal 0 0 1
    outer loop
      vertex 75.8918 10.0334 2
      vertex 81.2 17.2 2
      vertex 75.9 10.2 2
    endloop
  endfacet
  facet normal 0 0 1
    outer loop
      vertex 81.2 17.2 2
      vertex 75.8918 10.3666 2
      vertex 75.9 10.2 2
    endloop
  endfacet
  facet normal 0 0 1
    outer loop
      vertex 81.2 17.2 2
      vertex 75.8673 10.5317 2
      vertex 75.8918 10.3666 2
    endloop
  endfacet
  facet normal 0 0 1
    outer loop
      vertex 81.2 17.2 2
      vertex 75.8268 10.6935 2
      vertex 75.8673 10.5317 2
    endloop
  endfacet
  facet normal 0 0 1
    outer loop
      vertex 81.2 17.2 2
      vertex 75.7706 10.8506 2
      vertex 75.8268 10.6935 2
    endloop
  endfacet
  facet normal 0 0 1
    outer loop
      vertex 81.2 17.2 2
      vertex 75.6993 11.0014 2
      vertex 75.7706 10.8506 2
    endloop
  endfacet
  facet normal 0 0 1
    outer loop
      vertex 81.2 17.2 2
      vertex 75.6135 11.1445 2
      vertex 75.6993 11.0014 2
    endloop
  endfacet
  facet normal 0 0 1
    outer loop
      vertex 81.2 17.2 2
      vertex 75.5141 11.2785 2
      vertex 75.6135 11.1445 2
    endloop
  endfacet
  facet normal 0 0 1
    outer loop
      vertex 81.2 17.2 2
      vertex 75.4021 11.4021 2
      vertex 75.5141 11.2785 2
    endloop
  endfacet
  facet normal 0 0 1
    outer loop
      vertex 81.2 17.2 2
      vertex 75.2785 11.5141 2
      vertex 75.4021 11.4021 2
    endloop
  endfacet
  facet normal 0 0 1
    outer loop
      vertex 81.2 17.2 2
      vertex 75.1445 11.6135 2
      vertex 75.2785 11.5141 2
    endloop
  endfacet
  facet normal 0 0 1
    outer loop
      vertex 81.2 17.2 2
      vertex 75.0014 11.6993 2
      vertex 75.1445 11.6135 2
    endloop
  endfacet
  facet normal 0 0 1
    outer loop
      vertex 81.2 17.2 2
      vertex 74.8506 11.7706 2
      vertex 75.0014 11.6993 2
    endloop
  endfacet
  facet normal 0 0 1
    outer loop
      vertex 81.2 17.2 2
      vertex 74.6935 11.8268 2
      vertex 74.8506 11.7706 2
    endloop
  endfacet
  facet normal 0 0 1
    outer loop
      vertex 81.2 17.2 2
      vertex 74.5317 11.8673 2
      vertex 74.6935 11.8268 2
    endloop
  endfacet
  facet normal 0 0 1
    outer loop
      vertex 81.2 17.2 2
      vertex 74.3666 11.8918 2
      vertex 74.5317 11.8673 2
    endloop
  endfacet
  facet normal 0 0 1
    outer loop
      vertex 81.2 17.2 2
      vertex 74.2 11.9 2
      vertex 74.3666 11.8918 2
    endloop
  endfacet
  facet normal 0 0 1
    outer loop
      vertex 81.2 17.2 2
      vertex 74.0334 11.8918 2
      vertex 74.2 11.9 2
    endloop
  endfacet
  facet normal 0 0 1
    outer loop
      vertex 81.2 17.2 2
      vertex 73.8683 11.8673 2
      vertex 74.0334 11.8918 2
    endloop
  endfacet
  facet normal -0 0 1
    outer loop
      vertex 64 17.2 2
      vertex 73.8683 11.8673 2
      vertex 81.2 17.2 2
    endloop
  endfacet
  facet normal 0 0 1
    outer loop
      vertex 73.8683 11.8673 2
      vertex 64 17.2 2
      vertex 73.7065 11.8268 2
    endloop
  endfacet
  facet normal 0 0 1
    outer loop
      vertex 73.7065 11.8268 2
      vertex 64 17.2 2
      vertex 73.5494 11.7706 2
    endloop
  endfacet
  facet normal 0 0 1
    outer loop
      vertex 73.5494 11.7706 2
      vertex 64 17.2 2
      vertex 73.3986 11.6993 2
    endloop
  endfacet
  facet normal 0 0 1
    outer loop
      vertex 72.5082 10.3666 2
      vertex 64 17.2 2
      vertex 72.5 10.2 2
    endloop
  endfacet
  facet normal 0 0 1
    outer loop
      vertex 72.5327 10.5317 2
      vertex 64 17.2 2
      vertex 72.5082 10.3666 2
    endloop
  endfacet
  facet normal 0 0 1
    outer loop
      vertex 72.5732 10.6935 2
      vertex 64 17.2 2
      vertex 72.5327 10.5317 2
    endloop
  endfacet
  facet normal 0 0 1
    outer loop
      vertex 72.6294 10.8506 2
      vertex 64 17.2 2
      vertex 72.5732 10.6935 2
    endloop
  endfacet
  facet normal 0 0 1
    outer loop
      vertex 72.7007 11.0014 2
      vertex 64 17.2 2
      vertex 72.6294 10.8506 2
    endloop
  endfacet
  facet normal 0 0 1
    outer loop
      vertex 72.7865 11.1445 2
      vertex 64 17.2 2
      vertex 72.7007 11.0014 2
    endloop
  endfacet
  facet normal 0 0 1
    outer loop
      vertex 72.8859 11.2785 2
      vertex 64 17.2 2
      vertex 72.7865 11.1445 2
    endloop
  endfacet
  facet normal 0 0 1
    outer loop
      vertex 72.9979 11.4021 2
      vertex 64 17.2 2
      vertex 72.8859 11.2785 2
    endloop
  endfacet
  facet normal 0 0 1
    outer loop
      vertex 73.1215 11.5141 2
      vertex 64 17.2 2
      vertex 72.9979 11.4021 2
    endloop
  endfacet
  facet normal 0 0 1
    outer loop
      vertex 73.2555 11.6135 2
      vertex 64 17.2 2
      vertex 73.1215 11.5141 2
    endloop
  endfacet
  facet normal 0 0 1
    outer loop
      vertex 73.3986 11.6993 2
      vertex 64 17.2 2
      vertex 73.2555 11.6135 2
    endloop
  endfacet
  facet normal 0 0 1
    outer loop
      vertex 81.2 17.2 2
      vertex 75.8918 10.0334 2
      vertex 81.2 0 2
    endloop
  endfacet
  facet normal -0 0 1
    outer loop
      vertex 75.8673 9.86835 2
      vertex 81.2 0 2
      vertex 75.8918 10.0334 2
    endloop
  endfacet
  facet normal -0 0 1
    outer loop
      vertex 75.8268 9.70652 2
      vertex 81.2 0 2
      vertex 75.8673 9.86835 2
    endloop
  endfacet
  facet normal -0 0 1
    outer loop
      vertex 75.7706 9.54944 2
      vertex 81.2 0 2
      vertex 75.8268 9.70652 2
    endloop
  endfacet
  facet normal -0 0 1
    outer loop
      vertex 75.6993 9.39863 2
      vertex 81.2 0 2
      vertex 75.7706 9.54944 2
    endloop
  endfacet
  facet normal -0 0 1
    outer loop
      vertex 75.6135 9.25553 2
      vertex 81.2 0 2
      vertex 75.6993 9.39863 2
    endloop
  endfacet
  facet normal -0 0 1
    outer loop
      vertex 75.5141 9.12153 2
      vertex 81.2 0 2
      vertex 75.6135 9.25553 2
    endloop
  endfacet
  facet normal -0 0 1
    outer loop
      vertex 75.4021 8.99792 2
      vertex 81.2 0 2
      vertex 75.5141 9.12153 2
    endloop
  endfacet
  facet normal -0 0 1
    outer loop
      vertex 75.2785 8.88588 2
      vertex 81.2 0 2
      vertex 75.4021 8.99792 2
    endloop
  endfacet
  facet normal -0 0 1
    outer loop
      vertex 75.1445 8.7865 2
      vertex 81.2 0 2
      vertex 75.2785 8.88588 2
    endloop
  endfacet
  facet normal -0 0 1
    outer loop
      vertex 75.0014 8.70073 2
      vertex 81.2 0 2
      vertex 75.1445 8.7865 2
    endloop
  endfacet
  facet normal -0 0 1
    outer loop
      vertex 74.8506 8.6294 2
      vertex 81.2 0 2
      vertex 75.0014 8.70073 2
    endloop
  endfacet
  facet normal -0 0 1
    outer loop
      vertex 74.6935 8.5732 2
      vertex 81.2 0 2
      vertex 74.8506 8.6294 2
    endloop
  endfacet
  facet normal -0 0 1
    outer loop
      vertex 74.5317 8.53266 2
      vertex 81.2 0 2
      vertex 74.6935 8.5732 2
    endloop
  endfacet
  facet normal -0 0 1
    outer loop
      vertex 74.3666 8.50819 2
      vertex 81.2 0 2
      vertex 74.5317 8.53266 2
    endloop
  endfacet
  facet normal -0 0 1
    outer loop
      vertex 74.2 8.5 2
      vertex 81.2 0 2
      vertex 74.3666 8.50819 2
    endloop
  endfacet
  facet normal 0 0 1
    outer loop
      vertex 74.0334 8.50819 2
      vertex 81.2 0 2
      vertex 74.2 8.5 2
    endloop
  endfacet
  facet normal 0 0 1
    outer loop
      vertex 73.8683 8.53266 2
      vertex 81.2 0 2
      vertex 74.0334 8.50819 2
    endloop
  endfacet
  facet normal 0 0 1
    outer loop
      vertex 64 0 2
      vertex 73.8683 8.53266 2
      vertex 73.7065 8.5732 2
    endloop
  endfacet
  facet normal 0 0 1
    outer loop
      vertex 64 0 2
      vertex 73.7065 8.5732 2
      vertex 73.5494 8.6294 2
    endloop
  endfacet
  facet normal 0 0 1
    outer loop
      vertex 64 0 2
      vertex 73.5494 8.6294 2
      vertex 73.3986 8.70073 2
    endloop
  endfacet
  facet normal 0 0 1
    outer loop
      vertex 64 0 2
      vertex 73.3986 8.70073 2
      vertex 73.2555 8.7865 2
    endloop
  endfacet
  facet normal 0 0 1
    outer loop
      vertex 64 0 2
      vertex 73.2555 8.7865 2
      vertex 73.1215 8.88588 2
    endloop
  endfacet
  facet normal 0 0 1
    outer loop
      vertex 64 0 2
      vertex 73.1215 8.88588 2
      vertex 72.9979 8.99792 2
    endloop
  endfacet
  facet normal 0 0 1
    outer loop
      vertex 64 17.2 2
      vertex 72.5082 10.0334 2
      vertex 72.5 10.2 2
    endloop
  endfacet
  facet normal 0 0 1
    outer loop
      vertex 64 17.2 2
      vertex 72.5327 9.86835 2
      vertex 72.5082 10.0334 2
    endloop
  endfacet
  facet normal 0 0 1
    outer loop
      vertex 64 0 2
      vertex 72.5327 9.86835 2
      vertex 64 17.2 2
    endloop
  endfacet
  facet normal 0 0 1
    outer loop
      vertex 72.5327 9.86835 2
      vertex 64 0 2
      vertex 72.5732 9.70652 2
    endloop
  endfacet
  facet normal 0 0 1
    outer loop
      vertex 72.5732 9.70652 2
      vertex 64 0 2
      vertex 72.6294 9.54944 2
    endloop
  endfacet
  facet normal 0 0 1
    outer loop
      vertex 72.6294 9.54944 2
      vertex 64 0 2
      vertex 72.7007 9.39863 2
    endloop
  endfacet
  facet normal 0 0 1
    outer loop
      vertex 72.7007 9.39863 2
      vertex 64 0 2
      vertex 72.7865 9.25553 2
    endloop
  endfacet
  facet normal 0 0 1
    outer loop
      vertex 72.7865 9.25553 2
      vertex 64 0 2
      vertex 72.8859 9.12153 2
    endloop
  endfacet
  facet normal 0 0 1
    outer loop
      vertex 72.8859 9.12153 2
      vertex 64 0 2
      vertex 72.9979 8.99792 2
    endloop
  endfacet
  facet normal 0 0 1
    outer loop
      vertex 73.8683 8.53266 2
      vertex 64 0 2
      vertex 81.2 0 2
    endloop
  endfacet
  facet normal 0 0 -1
    outer loop
      vertex 75.8918 10.0334 0
      vertex 81.2 17.2 0
      vertex 81.2 0 0
    endloop
  endfacet
  facet normal 0 0 -1
    outer loop
      vertex 81.2 17.2 0
      vertex 75.8918 10.0334 0
      vertex 75.9 10.2 0
    endloop
  endfacet
  facet normal 0 0 -1
    outer loop
      vertex 81.2 0 0
      vertex 75.8673 9.86835 0
      vertex 75.8918 10.0334 0
    endloop
  endfacet
  facet normal 0 0 -1
    outer loop
      vertex 81.2 0 0
      vertex 75.8268 9.70652 0
      vertex 75.8673 9.86835 0
    endloop
  endfacet
  facet normal 0 0 -1
    outer loop
      vertex 81.2 0 0
      vertex 75.7706 9.54944 0
      vertex 75.8268 9.70652 0
    endloop
  endfacet
  facet normal 0 0 -1
    outer loop
      vertex 81.2 0 0
      vertex 75.6993 9.39863 0
      vertex 75.7706 9.54944 0
    endloop
  endfacet
  facet normal 0 0 -1
    outer loop
      vertex 81.2 0 0
      vertex 75.6135 9.25553 0
      vertex 75.6993 9.39863 0
    endloop
  endfacet
  facet normal 0 0 -1
    outer loop
      vertex 81.2 0 0
      vertex 75.5141 9.12153 0
      vertex 75.6135 9.25553 0
    endloop
  endfacet
  facet normal 0 0 -1
    outer loop
      vertex 81.2 0 0
      vertex 75.4021 8.99792 0
      vertex 75.5141 9.12153 0
    endloop
  endfacet
  facet normal 0 0 -1
    outer loop
      vertex 81.2 0 0
      vertex 75.2785 8.88588 0
      vertex 75.4021 8.99792 0
    endloop
  endfacet
  facet normal 0 0 -1
    outer loop
      vertex 81.2 0 0
      vertex 75.1445 8.7865 0
      vertex 75.2785 8.88588 0
    endloop
  endfacet
  facet normal 0 0 -1
    outer loop
      vertex 81.2 0 0
      vertex 75.0014 8.70073 0
      vertex 75.1445 8.7865 0
    endloop
  endfacet
  facet normal 0 0 -1
    outer loop
      vertex 81.2 0 0
      vertex 74.8506 8.6294 0
      vertex 75.0014 8.70073 0
    endloop
  endfacet
  facet normal 0 0 -1
    outer loop
      vertex 81.2 0 0
      vertex 74.6935 8.5732 0
      vertex 74.8506 8.6294 0
    endloop
  endfacet
  facet normal 0 0 -1
    outer loop
      vertex 81.2 0 0
      vertex 74.5317 8.53266 0
      vertex 74.6935 8.5732 0
    endloop
  endfacet
  facet normal 0 0 -1
    outer loop
      vertex 81.2 0 0
      vertex 74.3666 8.50819 0
      vertex 74.5317 8.53266 0
    endloop
  endfacet
  facet normal 0 0 -1
    outer loop
      vertex 81.2 0 0
      vertex 74.2 8.5 0
      vertex 74.3666 8.50819 0
    endloop
  endfacet
  facet normal 0 0 -1
    outer loop
      vertex 81.2 0 0
      vertex 74.0334 8.50819 0
      vertex 74.2 8.5 0
    endloop
  endfacet
  facet normal 0 0 -1
    outer loop
      vertex 81.2 0 0
      vertex 73.8683 8.53266 0
      vertex 74.0334 8.50819 0
    endloop
  endfacet
  facet normal 0 0 -1
    outer loop
      vertex 64 0 0
      vertex 73.8683 8.53266 0
      vertex 81.2 0 0
    endloop
  endfacet
  facet normal -0 0 -1
    outer loop
      vertex 73.8683 8.53266 0
      vertex 64 0 0
      vertex 73.7065 8.5732 0
    endloop
  endfacet
  facet normal -0 0 -1
    outer loop
      vertex 73.7065 8.5732 0
      vertex 64 0 0
      vertex 73.5494 8.6294 0
    endloop
  endfacet
  facet normal -0 0 -1
    outer loop
      vertex 73.5494 8.6294 0
      vertex 64 0 0
      vertex 73.3986 8.70073 0
    endloop
  endfacet
  facet normal -0 0 -1
    outer loop
      vertex 73.3986 8.70073 0
      vertex 64 0 0
      vertex 73.2555 8.7865 0
    endloop
  endfacet
  facet normal -0 0 -1
    outer loop
      vertex 73.2555 8.7865 0
      vertex 64 0 0
      vertex 73.1215 8.88588 0
    endloop
  endfacet
  facet normal 0 0 -1
    outer loop
      vertex 72.5327 9.86835 0
      vertex 64 17.2 0
      vertex 72.5082 10.0334 0
    endloop
  endfacet
  facet normal 0 0 -1
    outer loop
      vertex 64 17.2 0
      vertex 72.5327 9.86835 0
      vertex 64 0 0
    endloop
  endfacet
  facet normal -0 0 -1
    outer loop
      vertex 72.5732 9.70652 0
      vertex 64 0 0
      vertex 72.5327 9.86835 0
    endloop
  endfacet
  facet normal -0 0 -1
    outer loop
      vertex 72.6294 9.54944 0
      vertex 64 0 0
      vertex 72.5732 9.70652 0
    endloop
  endfacet
  facet normal -0 0 -1
    outer loop
      vertex 72.7007 9.39863 0
      vertex 64 0 0
      vertex 72.6294 9.54944 0
    endloop
  endfacet
  facet normal -0 0 -1
    outer loop
      vertex 72.7865 9.25553 0
      vertex 64 0 0
      vertex 72.7007 9.39863 0
    endloop
  endfacet
  facet normal -0 0 -1
    outer loop
      vertex 72.8859 9.12153 0
      vertex 64 0 0
      vertex 72.7865 9.25553 0
    endloop
  endfacet
  facet normal -0 0 -1
    outer loop
      vertex 72.9979 8.99792 0
      vertex 64 0 0
      vertex 72.8859 9.12153 0
    endloop
  endfacet
  facet normal -0 0 -1
    outer loop
      vertex 73.1215 8.88588 0
      vertex 64 0 0
      vertex 72.9979 8.99792 0
    endloop
  endfacet
  facet normal 0 0 -1
    outer loop
      vertex 75.8918 10.3666 0
      vertex 81.2 17.2 0
      vertex 75.9 10.2 0
    endloop
  endfacet
  facet normal 0 0 -1
    outer loop
      vertex 75.8673 10.5317 0
      vertex 81.2 17.2 0
      vertex 75.8918 10.3666 0
    endloop
  endfacet
  facet normal 0 0 -1
    outer loop
      vertex 75.8268 10.6935 0
      vertex 81.2 17.2 0
      vertex 75.8673 10.5317 0
    endloop
  endfacet
  facet normal 0 0 -1
    outer loop
      vertex 75.7706 10.8506 0
      vertex 81.2 17.2 0
      vertex 75.8268 10.6935 0
    endloop
  endfacet
  facet normal 0 0 -1
    outer loop
      vertex 75.6993 11.0014 0
      vertex 81.2 17.2 0
      vertex 75.7706 10.8506 0
    endloop
  endfacet
  facet normal 0 0 -1
    outer loop
      vertex 75.6135 11.1445 0
      vertex 81.2 17.2 0
      vertex 75.6993 11.0014 0
    endloop
  endfacet
  facet normal 0 0 -1
    outer loop
      vertex 75.5141 11.2785 0
      vertex 81.2 17.2 0
      vertex 75.6135 11.1445 0
    endloop
  endfacet
  facet normal 0 0 -1
    outer loop
      vertex 75.4021 11.4021 0
      vertex 81.2 17.2 0
      vertex 75.5141 11.2785 0
    endloop
  endfacet
  facet normal 0 0 -1
    outer loop
      vertex 75.2785 11.5141 0
      vertex 81.2 17.2 0
      vertex 75.4021 11.4021 0
    endloop
  endfacet
  facet normal 0 0 -1
    outer loop
      vertex 75.1445 11.6135 0
      vertex 81.2 17.2 0
      vertex 75.2785 11.5141 0
    endloop
  endfacet
  facet normal 0 0 -1
    outer loop
      vertex 75.0014 11.6993 0
      vertex 81.2 17.2 0
      vertex 75.1445 11.6135 0
    endloop
  endfacet
  facet normal 0 0 -1
    outer loop
      vertex 74.8506 11.7706 0
      vertex 81.2 17.2 0
      vertex 75.0014 11.6993 0
    endloop
  endfacet
  facet normal 0 0 -1
    outer loop
      vertex 74.6935 11.8268 0
      vertex 81.2 17.2 0
      vertex 74.8506 11.7706 0
    endloop
  endfacet
  facet normal 0 0 -1
    outer loop
      vertex 74.5317 11.8673 0
      vertex 81.2 17.2 0
      vertex 74.6935 11.8268 0
    endloop
  endfacet
  facet normal 0 0 -1
    outer loop
      vertex 74.3666 11.8918 0
      vertex 81.2 17.2 0
      vertex 74.5317 11.8673 0
    endloop
  endfacet
  facet normal 0 0 -1
    outer loop
      vertex 74.2 11.9 0
      vertex 81.2 17.2 0
      vertex 74.3666 11.8918 0
    endloop
  endfacet
  facet normal 0 0 -1
    outer loop
      vertex 74.0334 11.8918 0
      vertex 81.2 17.2 0
      vertex 74.2 11.9 0
    endloop
  endfacet
  facet normal 0 0 -1
    outer loop
      vertex 73.8683 11.8673 0
      vertex 81.2 17.2 0
      vertex 74.0334 11.8918 0
    endloop
  endfacet
  facet normal 0 0 -1
    outer loop
      vertex 64 17.2 0
      vertex 73.8683 11.8673 0
      vertex 73.7065 11.8268 0
    endloop
  endfacet
  facet normal 0 0 -1
    outer loop
      vertex 64 17.2 0
      vertex 73.7065 11.8268 0
      vertex 73.5494 11.7706 0
    endloop
  endfacet
  facet normal 0 0 -1
    outer loop
      vertex 64 17.2 0
      vertex 73.5494 11.7706 0
      vertex 73.3986 11.6993 0
    endloop
  endfacet
  facet normal 0 0 -1
    outer loop
      vertex 64 17.2 0
      vertex 73.3986 11.6993 0
      vertex 73.2555 11.6135 0
    endloop
  endfacet
  facet normal 0 0 -1
    outer loop
      vertex 72.5082 10.0334 0
      vertex 64 17.2 0
      vertex 72.5 10.2 0
    endloop
  endfacet
  facet normal 0 0 -1
    outer loop
      vertex 72.5 10.2 0
      vertex 64 17.2 0
      vertex 72.5082 10.3666 0
    endloop
  endfacet
  facet normal 0 0 -1
    outer loop
      vertex 72.5082 10.3666 0
      vertex 64 17.2 0
      vertex 72.5327 10.5317 0
    endloop
  endfacet
  facet normal 0 0 -1
    outer loop
      vertex 72.5327 10.5317 0
      vertex 64 17.2 0
      vertex 72.5732 10.6935 0
    endloop
  endfacet
  facet normal 0 0 -1
    outer loop
      vertex 72.5732 10.6935 0
      vertex 64 17.2 0
      vertex 72.6294 10.8506 0
    endloop
  endfacet
  facet normal 0 0 -1
    outer loop
      vertex 72.6294 10.8506 0
      vertex 64 17.2 0
      vertex 72.7007 11.0014 0
    endloop
  endfacet
  facet normal 0 0 -1
    outer loop
      vertex 72.7007 11.0014 0
      vertex 64 17.2 0
      vertex 72.7865 11.1445 0
    endloop
  endfacet
  facet normal 0 0 -1
    outer loop
      vertex 73.8683 11.8673 0
      vertex 64 17.2 0
      vertex 81.2 17.2 0
    endloop
  endfacet
  facet normal 0 0 -1
    outer loop
      vertex 73.1215 11.5141 0
      vertex 64 17.2 0
      vertex 73.2555 11.6135 0
    endloop
  endfacet
  facet normal 0 0 -1
    outer loop
      vertex 72.9979 11.4021 0
      vertex 64 17.2 0
      vertex 73.1215 11.5141 0
    endloop
  endfacet
  facet normal 0 0 -1
    outer loop
      vertex 72.8859 11.2785 0
      vertex 64 17.2 0
      vertex 72.9979 11.4021 0
    endloop
  endfacet
  facet normal 0 0 -1
    outer loop
      vertex 72.7865 11.1445 0
      vertex 64 17.2 0
      vertex 72.8859 11.2785 0
    endloop
  endfacet
  facet normal -1 0 0
    outer loop
      vertex 64 0 0
      vertex 64 17.2 2
      vertex 64 17.2 0
    endloop
  endfacet
  facet normal -1 -0 0
    outer loop
      vertex 64 17.2 2
      vertex 64 0 0
      vertex 64 0 2
    endloop
  endfacet
  facet normal 0 1 -0
    outer loop
      vertex 81.2 17.2 0
      vertex 64 17.2 2
      vertex 81.2 17.2 2
    endloop
  endfacet
  facet normal 0 1 0
    outer loop
      vertex 64 17.2 2
      vertex 81.2 17.2 0
      vertex 64 17.2 0
    endloop
  endfacet
  facet normal 0 -1 0
    outer loop
      vertex 64 0 0
      vertex 81.2 0 2
      vertex 64 0 2
    endloop
  endfacet
  facet normal 0 -1 -0
    outer loop
      vertex 81.2 0 2
      vertex 64 0 0
      vertex 81.2 0 0
    endloop
  endfacet
  facet normal 0.33683 0.941566 -0
    outer loop
      vertex 73.7065 8.5732 0
      vertex 73.5494 8.6294 2
      vertex 73.7065 8.5732 2
    endloop
  endfacet
  facet normal 0.33683 0.941566 0
    outer loop
      vertex 73.5494 8.6294 2
      vertex 73.7065 8.5732 0
      vertex 73.5494 8.6294 0
    endloop
  endfacet
  facet normal -0.989168 -0.146788 0
    outer loop
      vertex 75.8918 10.3666 0
      vertex 75.8673 10.5317 2
      vertex 75.8673 10.5317 0
    endloop
  endfacet
  facet normal -0.989168 -0.146788 0
    outer loop
      vertex 75.8673 10.5317 2
      vertex 75.8918 10.3666 0
      vertex 75.8918 10.3666 2
    endloop
  endfacet
  facet normal -0.998791 -0.0491602 0
    outer loop
      vertex 75.9 10.2 0
      vertex 75.8918 10.3666 2
      vertex 75.8918 10.3666 0
    endloop
  endfacet
  facet normal -0.998791 -0.0491602 0
    outer loop
      vertex 75.8918 10.3666 2
      vertex 75.9 10.2 0
      vertex 75.9 10.2 2
    endloop
  endfacet
  facet normal -0.970072 -0.242818 0
    outer loop
      vertex 75.8673 10.5317 0
      vertex 75.8268 10.6935 2
      vertex 75.8268 10.6935 0
    endloop
  endfacet
  facet normal -0.970072 -0.242818 0
    outer loop
      vertex 75.8268 10.6935 2
      vertex 75.8673 10.5317 0
      vertex 75.8673 10.5317 2
    endloop
  endfacet
  facet normal 0.989168 -0.146788 0
    outer loop
      vertex 72.5082 10.3666 2
      vertex 72.5327 10.5317 0
      vertex 72.5327 10.5317 2
    endloop
  endfacet
  facet normal 0.989168 -0.146788 0
    outer loop
      vertex 72.5327 10.5317 0
      vertex 72.5082 10.3666 2
      vertex 72.5082 10.3666 0
    endloop
  endfacet
  facet normal 0.243043 0.970015 -0
    outer loop
      vertex 73.8683 8.53266 0
      vertex 73.7065 8.5732 2
      vertex 73.8683 8.53266 2
    endloop
  endfacet
  facet normal 0.243043 0.970015 0
    outer loop
      vertex 73.7065 8.5732 2
      vertex 73.8683 8.53266 0
      vertex 73.7065 8.5732 0
    endloop
  endfacet
  facet normal -0.33683 -0.941566 0
    outer loop
      vertex 74.6935 11.8268 0
      vertex 74.8506 11.7706 2
      vertex 74.6935 11.8268 2
    endloop
  endfacet
  facet normal -0.33683 -0.941566 -0
    outer loop
      vertex 74.8506 11.7706 2
      vertex 74.6935 11.8268 0
      vertex 74.8506 11.7706 0
    endloop
  endfacet
  facet normal 0.514231 -0.857652 0
    outer loop
      vertex 73.2555 11.6135 0
      vertex 73.3986 11.6993 2
      vertex 73.2555 11.6135 2
    endloop
  endfacet
  facet normal 0.514231 -0.857652 0
    outer loop
      vertex 73.3986 11.6993 2
      vertex 73.2555 11.6135 0
      vertex 73.3986 11.6993 0
    endloop
  endfacet
  facet normal 0.904054 0.427419 0
    outer loop
      vertex 72.7007 9.39863 2
      vertex 72.6294 9.54944 0
      vertex 72.6294 9.54944 2
    endloop
  endfacet
  facet normal 0.904054 0.427419 0
    outer loop
      vertex 72.6294 9.54944 0
      vertex 72.7007 9.39863 2
      vertex 72.7007 9.39863 0
    endloop
  endfacet
  facet normal 0.242818 -0.970072 0
    outer loop
      vertex 73.7065 11.8268 0
      vertex 73.8683 11.8673 2
      vertex 73.7065 11.8268 2
    endloop
  endfacet
  facet normal 0.242818 -0.970072 0
    outer loop
      vertex 73.8683 11.8673 2
      vertex 73.7065 11.8268 0
      vertex 73.8683 11.8673 0
    endloop
  endfacet
  facet normal 0.857652 0.514231 0
    outer loop
      vertex 72.7865 9.25553 2
      vertex 72.7007 9.39863 0
      vertex 72.7007 9.39863 2
    endloop
  endfacet
  facet normal 0.857652 0.514231 0
    outer loop
      vertex 72.7007 9.39863 0
      vertex 72.7865 9.25553 2
      vertex 72.7865 9.25553 0
    endloop
  endfacet
  facet normal -0.243043 0.970015 0
    outer loop
      vertex 74.6935 8.5732 0
      vertex 74.5317 8.53266 2
      vertex 74.6935 8.5732 2
    endloop
  endfacet
  facet normal -0.243043 0.970015 0
    outer loop
      vertex 74.5317 8.53266 2
      vertex 74.6935 8.5732 0
      vertex 74.5317 8.53266 0
    endloop
  endfacet
  facet normal 0.595695 0.803211 -0
    outer loop
      vertex 73.2555 8.7865 0
      vertex 73.1215 8.88588 2
      vertex 73.2555 8.7865 2
    endloop
  endfacet
  facet normal 0.595695 0.803211 0
    outer loop
      vertex 73.1215 8.88588 2
      vertex 73.2555 8.7865 0
      vertex 73.1215 8.88588 0
    endloop
  endfacet
  facet normal -0.514099 0.857731 0
    outer loop
      vertex 75.1445 8.7865 0
      vertex 75.0014 8.70073 2
      vertex 75.1445 8.7865 2
    endloop
  endfacet
  facet normal -0.514099 0.857731 0
    outer loop
      vertex 75.0014 8.70073 2
      vertex 75.1445 8.7865 0
      vertex 75.0014 8.70073 0
    endloop
  endfacet
  facet normal -0.803154 0.595772 0
    outer loop
      vertex 75.5141 9.12153 0
      vertex 75.6135 9.25553 2
      vertex 75.6135 9.25553 0
    endloop
  endfacet
  facet normal -0.803154 0.595772 0
    outer loop
      vertex 75.6135 9.25553 2
      vertex 75.5141 9.12153 0
      vertex 75.5141 9.12153 2
    endloop
  endfacet
  facet normal -0.146788 -0.989168 0
    outer loop
      vertex 74.3666 11.8918 0
      vertex 74.5317 11.8673 2
      vertex 74.3666 11.8918 2
    endloop
  endfacet
  facet normal -0.146788 -0.989168 -0
    outer loop
      vertex 74.5317 11.8673 2
      vertex 74.3666 11.8918 0
      vertex 74.5317 11.8673 0
    endloop
  endfacet
  facet normal 0.595772 -0.803154 0
    outer loop
      vertex 73.1215 11.5141 0
      vertex 73.2555 11.6135 2
      vertex 73.1215 11.5141 2
    endloop
  endfacet
  facet normal 0.595772 -0.803154 0
    outer loop
      vertex 73.2555 11.6135 2
      vertex 73.1215 11.5141 0
      vertex 73.2555 11.6135 0
    endloop
  endfacet
  facet normal -0.427589 0.903973 0
    outer loop
      vertex 75.0014 8.70073 0
      vertex 74.8506 8.6294 2
      vertex 75.0014 8.70073 2
    endloop
  endfacet
  facet normal -0.427589 0.903973 0
    outer loop
      vertex 74.8506 8.6294 2
      vertex 75.0014 8.70073 0
      vertex 74.8506 8.6294 0
    endloop
  endfacet
  facet normal 0.803154 -0.595772 0
    outer loop
      vertex 72.7865 11.1445 2
      vertex 72.8859 11.2785 0
      vertex 72.8859 11.2785 2
    endloop
  endfacet
  facet normal 0.803154 -0.595772 0
    outer loop
      vertex 72.8859 11.2785 0
      vertex 72.7865 11.1445 2
      vertex 72.7865 11.1445 0
    endloop
  endfacet
  facet normal -0.989162 0.146831 0
    outer loop
      vertex 75.8673 9.86835 0
      vertex 75.8918 10.0334 2
      vertex 75.8918 10.0334 0
    endloop
  endfacet
  facet normal -0.989162 0.146831 0
    outer loop
      vertex 75.8918 10.0334 2
      vertex 75.8673 9.86835 0
      vertex 75.8673 9.86835 2
    endloop
  endfacet
  facet normal 0.941566 -0.33683 0
    outer loop
      vertex 72.5732 10.6935 2
      vertex 72.6294 10.8506 0
      vertex 72.6294 10.8506 2
    endloop
  endfacet
  facet normal 0.941566 -0.33683 0
    outer loop
      vertex 72.6294 10.8506 0
      vertex 72.5732 10.6935 2
      vertex 72.5732 10.6935 0
    endloop
  endfacet
  facet normal -0.427442 -0.904043 0
    outer loop
      vertex 74.8506 11.7706 0
      vertex 75.0014 11.6993 2
      vertex 74.8506 11.7706 2
    endloop
  endfacet
  facet normal -0.427442 -0.904043 -0
    outer loop
      vertex 75.0014 11.6993 2
      vertex 74.8506 11.7706 0
      vertex 75.0014 11.6993 0
    endloop
  endfacet
  facet normal 0.941552 0.336868 0
    outer loop
      vertex 72.6294 9.54944 2
      vertex 72.5732 9.70652 0
      vertex 72.5732 9.70652 2
    endloop
  endfacet
  facet normal 0.941552 0.336868 0
    outer loop
      vertex 72.5732 9.70652 0
      vertex 72.6294 9.54944 2
      vertex 72.6294 9.54944 0
    endloop
  endfacet
  facet normal -0.970083 0.242775 0
    outer loop
      vertex 75.8268 9.70652 0
      vertex 75.8673 9.86835 2
      vertex 75.8673 9.86835 0
    endloop
  endfacet
  facet normal -0.970083 0.242775 0
    outer loop
      vertex 75.8673 9.86835 2
      vertex 75.8268 9.70652 0
      vertex 75.8268 9.70652 2
    endloop
  endfacet
  facet normal 0.0491602 -0.998791 0
    outer loop
      vertex 74.0334 11.8918 0
      vertex 74.2 11.9 2
      vertex 74.0334 11.8918 2
    endloop
  endfacet
  facet normal 0.0491602 -0.998791 0
    outer loop
      vertex 74.2 11.9 2
      vertex 74.0334 11.8918 0
      vertex 74.2 11.9 0
    endloop
  endfacet
  facet normal -0.671478 -0.741024 0
    outer loop
      vertex 75.2785 11.5141 0
      vertex 75.4021 11.4021 2
      vertex 75.2785 11.5141 2
    endloop
  endfacet
  facet normal -0.671478 -0.741024 -0
    outer loop
      vertex 75.4021 11.4021 2
      vertex 75.2785 11.5141 0
      vertex 75.4021 11.4021 0
    endloop
  endfacet
  facet normal 0.427442 -0.904043 0
    outer loop
      vertex 73.3986 11.6993 0
      vertex 73.5494 11.7706 2
      vertex 73.3986 11.6993 2
    endloop
  endfacet
  facet normal 0.427442 -0.904043 0
    outer loop
      vertex 73.5494 11.7706 2
      vertex 73.3986 11.6993 0
      vertex 73.5494 11.7706 0
    endloop
  endfacet
  facet normal 0.671478 -0.741024 0
    outer loop
      vertex 72.9979 11.4021 0
      vertex 73.1215 11.5141 2
      vertex 72.9979 11.4021 2
    endloop
  endfacet
  facet normal 0.671478 -0.741024 0
    outer loop
      vertex 73.1215 11.5141 2
      vertex 72.9979 11.4021 0
      vertex 73.1215 11.5141 0
    endloop
  endfacet
  facet normal -0.33683 0.941566 0
    outer loop
      vertex 74.8506 8.6294 0
      vertex 74.6935 8.5732 2
      vertex 74.8506 8.6294 2
    endloop
  endfacet
  facet normal -0.33683 0.941566 0
    outer loop
      vertex 74.6935 8.5732 2
      vertex 74.8506 8.6294 0
      vertex 74.6935 8.5732 0
    endloop
  endfacet
  facet normal 0.33683 -0.941566 0
    outer loop
      vertex 73.5494 11.7706 0
      vertex 73.7065 11.8268 2
      vertex 73.5494 11.7706 2
    endloop
  endfacet
  facet normal 0.33683 -0.941566 0
    outer loop
      vertex 73.7065 11.8268 2
      vertex 73.5494 11.7706 0
      vertex 73.7065 11.8268 0
    endloop
  endfacet
  facet normal -0.803154 -0.595772 0
    outer loop
      vertex 75.6135 11.1445 0
      vertex 75.5141 11.2785 2
      vertex 75.5141 11.2785 0
    endloop
  endfacet
  facet normal -0.803154 -0.595772 0
    outer loop
      vertex 75.5141 11.2785 2
      vertex 75.6135 11.1445 0
      vertex 75.6135 11.1445 2
    endloop
  endfacet
  facet normal 0.857652 -0.514231 0
    outer loop
      vertex 72.7007 11.0014 2
      vertex 72.7865 11.1445 0
      vertex 72.7865 11.1445 2
    endloop
  endfacet
  facet normal 0.857652 -0.514231 0
    outer loop
      vertex 72.7865 11.1445 0
      vertex 72.7007 11.0014 2
      vertex 72.7007 11.0014 0
    endloop
  endfacet
  facet normal -0.998791 0.0491602 0
    outer loop
      vertex 75.8918 10.0334 0
      vertex 75.9 10.2 2
      vertex 75.9 10.2 0
    endloop
  endfacet
  facet normal -0.998791 0.0491602 0
    outer loop
      vertex 75.9 10.2 2
      vertex 75.8918 10.0334 0
      vertex 75.8918 10.0334 2
    endloop
  endfacet
  facet normal -0.904054 0.427419 0
    outer loop
      vertex 75.6993 9.39863 0
      vertex 75.7706 9.54944 2
      vertex 75.7706 9.54944 0
    endloop
  endfacet
  facet normal -0.904054 0.427419 0
    outer loop
      vertex 75.7706 9.54944 2
      vertex 75.6993 9.39863 0
      vertex 75.6993 9.39863 2
    endloop
  endfacet
  facet normal -0.857652 -0.514231 0
    outer loop
      vertex 75.6993 11.0014 0
      vertex 75.6135 11.1445 2
      vertex 75.6135 11.1445 0
    endloop
  endfacet
  facet normal -0.857652 -0.514231 0
    outer loop
      vertex 75.6135 11.1445 2
      vertex 75.6993 11.0014 0
      vertex 75.6993 11.0014 2
    endloop
  endfacet
  facet normal 0.67161 0.740905 -0
    outer loop
      vertex 73.1215 8.88588 0
      vertex 72.9979 8.99792 2
      vertex 73.1215 8.88588 2
    endloop
  endfacet
  facet normal 0.67161 0.740905 0
    outer loop
      vertex 72.9979 8.99792 2
      vertex 73.1215 8.88588 0
      vertex 72.9979 8.99792 0
    endloop
  endfacet
  facet normal -0.595772 -0.803154 0
    outer loop
      vertex 75.1445 11.6135 0
      vertex 75.2785 11.5141 2
      vertex 75.1445 11.6135 2
    endloop
  endfacet
  facet normal -0.595772 -0.803154 -0
    outer loop
      vertex 75.2785 11.5141 2
      vertex 75.1445 11.6135 0
      vertex 75.2785 11.5141 0
    endloop
  endfacet
  facet normal 0.514099 0.857731 -0
    outer loop
      vertex 73.3986 8.70073 0
      vertex 73.2555 8.7865 2
      vertex 73.3986 8.70073 2
    endloop
  endfacet
  facet normal 0.514099 0.857731 0
    outer loop
      vertex 73.2555 8.7865 2
      vertex 73.3986 8.70073 0
      vertex 73.2555 8.7865 0
    endloop
  endfacet
  facet normal -0.514231 -0.857652 0
    outer loop
      vertex 75.0014 11.6993 0
      vertex 75.1445 11.6135 2
      vertex 75.0014 11.6993 2
    endloop
  endfacet
  facet normal -0.514231 -0.857652 -0
    outer loop
      vertex 75.1445 11.6135 2
      vertex 75.0014 11.6993 0
      vertex 75.1445 11.6135 0
    endloop
  endfacet
  facet normal -0.146612 0.989194 0
    outer loop
      vertex 74.5317 8.53266 0
      vertex 74.3666 8.50819 2
      vertex 74.5317 8.53266 2
    endloop
  endfacet
  facet normal -0.146612 0.989194 0
    outer loop
      vertex 74.3666 8.50819 2
      vertex 74.5317 8.53266 0
      vertex 74.3666 8.50819 0
    endloop
  endfacet
  facet normal -0.941566 -0.33683 0
    outer loop
      vertex 75.8268 10.6935 0
      vertex 75.7706 10.8506 2
      vertex 75.7706 10.8506 0
    endloop
  endfacet
  facet normal -0.941566 -0.33683 0
    outer loop
      vertex 75.7706 10.8506 2
      vertex 75.8268 10.6935 0
      vertex 75.8268 10.6935 2
    endloop
  endfacet
  facet normal -0.857652 0.514231 0
    outer loop
      vertex 75.6135 9.25553 0
      vertex 75.6993 9.39863 2
      vertex 75.6993 9.39863 0
    endloop
  endfacet
  facet normal -0.857652 0.514231 0
    outer loop
      vertex 75.6993 9.39863 2
      vertex 75.6135 9.25553 0
      vertex 75.6135 9.25553 2
    endloop
  endfacet
  facet normal 0.998791 0.0491602 0
    outer loop
      vertex 72.5082 10.0334 2
      vertex 72.5 10.2 0
      vertex 72.5 10.2 2
    endloop
  endfacet
  facet normal 0.998791 0.0491602 0
    outer loop
      vertex 72.5 10.2 0
      vertex 72.5082 10.0334 2
      vertex 72.5082 10.0334 0
    endloop
  endfacet
  facet normal -0.941552 0.336868 0
    outer loop
      vertex 75.7706 9.54944 0
      vertex 75.8268 9.70652 2
      vertex 75.8268 9.70652 0
    endloop
  endfacet
  facet normal -0.941552 0.336868 0
    outer loop
      vertex 75.8268 9.70652 2
      vertex 75.7706 9.54944 0
      vertex 75.7706 9.54944 2
    endloop
  endfacet
  facet normal -0.741024 -0.671478 0
    outer loop
      vertex 75.5141 11.2785 0
      vertex 75.4021 11.4021 2
      vertex 75.4021 11.4021 0
    endloop
  endfacet
  facet normal -0.741024 -0.671478 0
    outer loop
      vertex 75.4021 11.4021 2
      vertex 75.5141 11.2785 0
      vertex 75.5141 11.2785 2
    endloop
  endfacet
  facet normal -0.0491602 -0.998791 0
    outer loop
      vertex 74.2 11.9 0
      vertex 74.3666 11.8918 2
      vertex 74.2 11.9 2
    endloop
  endfacet
  facet normal -0.0491602 -0.998791 -0
    outer loop
      vertex 74.3666 11.8918 2
      vertex 74.2 11.9 0
      vertex 74.3666 11.8918 0
    endloop
  endfacet
  facet normal -0.904043 -0.427442 0
    outer loop
      vertex 75.7706 10.8506 0
      vertex 75.6993 11.0014 2
      vertex 75.6993 11.0014 0
    endloop
  endfacet
  facet normal -0.904043 -0.427442 0
    outer loop
      vertex 75.6993 11.0014 2
      vertex 75.7706 10.8506 0
      vertex 75.7706 10.8506 2
    endloop
  endfacet
  facet normal 0.146612 0.989194 -0
    outer loop
      vertex 74.0334 8.50819 0
      vertex 73.8683 8.53266 2
      vertex 74.0334 8.50819 2
    endloop
  endfacet
  facet normal 0.146612 0.989194 0
    outer loop
      vertex 73.8683 8.53266 2
      vertex 74.0334 8.50819 0
      vertex 73.8683 8.53266 0
    endloop
  endfacet
  facet normal -0.67161 0.740905 0
    outer loop
      vertex 75.4021 8.99792 0
      vertex 75.2785 8.88588 2
      vertex 75.4021 8.99792 2
    endloop
  endfacet
  facet normal -0.67161 0.740905 0
    outer loop
      vertex 75.2785 8.88588 2
      vertex 75.4021 8.99792 0
      vertex 75.2785 8.88588 0
    endloop
  endfacet
  facet normal 0.0491004 0.998794 -0
    outer loop
      vertex 74.2 8.5 0
      vertex 74.0334 8.50819 2
      vertex 74.2 8.5 2
    endloop
  endfacet
  facet normal 0.0491004 0.998794 0
    outer loop
      vertex 74.0334 8.50819 2
      vertex 74.2 8.5 0
      vertex 74.0334 8.50819 0
    endloop
  endfacet
  facet normal 0.741024 -0.671478 0
    outer loop
      vertex 72.8859 11.2785 2
      vertex 72.9979 11.4021 0
      vertex 72.9979 11.4021 2
    endloop
  endfacet
  facet normal 0.741024 -0.671478 0
    outer loop
      vertex 72.9979 11.4021 0
      vertex 72.8859 11.2785 2
      vertex 72.8859 11.2785 0
    endloop
  endfacet
  facet normal 0.146788 -0.989168 0
    outer loop
      vertex 73.8683 11.8673 0
      vertex 74.0334 11.8918 2
      vertex 73.8683 11.8673 2
    endloop
  endfacet
  facet normal 0.146788 -0.989168 0
    outer loop
      vertex 74.0334 11.8918 2
      vertex 73.8683 11.8673 0
      vertex 74.0334 11.8918 0
    endloop
  endfacet
  facet normal 0.904043 -0.427442 0
    outer loop
      vertex 72.6294 10.8506 2
      vertex 72.7007 11.0014 0
      vertex 72.7007 11.0014 2
    endloop
  endfacet
  facet normal 0.904043 -0.427442 0
    outer loop
      vertex 72.7007 11.0014 0
      vertex 72.6294 10.8506 2
      vertex 72.6294 10.8506 0
    endloop
  endfacet
  facet normal 0.970072 -0.242818 0
    outer loop
      vertex 72.5327 10.5317 2
      vertex 72.5732 10.6935 0
      vertex 72.5732 10.6935 2
    endloop
  endfacet
  facet normal 0.970072 -0.242818 0
    outer loop
      vertex 72.5732 10.6935 0
      vertex 72.5327 10.5317 2
      vertex 72.5327 10.5317 0
    endloop
  endfacet
  facet normal -0.242818 -0.970072 0
    outer loop
      vertex 74.5317 11.8673 0
      vertex 74.6935 11.8268 2
      vertex 74.5317 11.8673 2
    endloop
  endfacet
  facet normal -0.242818 -0.970072 -0
    outer loop
      vertex 74.6935 11.8268 2
      vertex 74.5317 11.8673 0
      vertex 74.6935 11.8268 0
    endloop
  endfacet
  facet normal 0.970083 0.242775 0
    outer loop
      vertex 72.5732 9.70652 2
      vertex 72.5327 9.86835 0
      vertex 72.5327 9.86835 2
    endloop
  endfacet
  facet normal 0.970083 0.242775 0
    outer loop
      vertex 72.5327 9.86835 0
      vertex 72.5732 9.70652 2
      vertex 72.5732 9.70652 0
    endloop
  endfacet
  facet normal 0.427589 0.903973 -0
    outer loop
      vertex 73.5494 8.6294 0
      vertex 73.3986 8.70073 2
      vertex 73.5494 8.6294 2
    endloop
  endfacet
  facet normal 0.427589 0.903973 0
    outer loop
      vertex 73.3986 8.70073 2
      vertex 73.5494 8.6294 0
      vertex 73.3986 8.70073 0
    endloop
  endfacet
  facet normal 0.741051 0.671448 0
    outer loop
      vertex 72.9979 8.99792 2
      vertex 72.8859 9.12153 0
      vertex 72.8859 9.12153 2
    endloop
  endfacet
  facet normal 0.741051 0.671448 0
    outer loop
      vertex 72.8859 9.12153 0
      vertex 72.9979 8.99792 2
      vertex 72.9979 8.99792 0
    endloop
  endfacet
  facet normal -0.0491004 0.998794 0
    outer loop
      vertex 74.3666 8.50819 0
      vertex 74.2 8.5 2
      vertex 74.3666 8.50819 2
    endloop
  endfacet
  facet normal -0.0491004 0.998794 0
    outer loop
      vertex 74.2 8.5 2
      vertex 74.3666 8.50819 0
      vertex 74.2 8.5 0
    endloop
  endfacet
  facet normal 0.989162 0.146831 0
    outer loop
      vertex 72.5327 9.86835 2
      vertex 72.5082 10.0334 0
      vertex 72.5082 10.0334 2
    endloop
  endfacet
  facet normal 0.989162 0.146831 0
    outer loop
      vertex 72.5082 10.0334 0
      vertex 72.5327 9.86835 2
      vertex 72.5327 9.86835 0
    endloop
  endfacet
  facet normal -0.595695 0.803211 0
    outer loop
      vertex 75.2785 8.88588 0
      vertex 75.1445 8.7865 2
      vertex 75.2785 8.88588 2
    endloop
  endfacet
  facet normal -0.595695 0.803211 0
    outer loop
      vertex 75.1445 8.7865 2
      vertex 75.2785 8.88588 0
      vertex 75.1445 8.7865 0
    endloop
  endfacet
  facet normal 0.803154 0.595772 0
    outer loop
      vertex 72.8859 9.12153 2
      vertex 72.7865 9.25553 0
      vertex 72.7865 9.25553 2
    endloop
  endfacet
  facet normal 0.803154 0.595772 0
    outer loop
      vertex 72.7865 9.25553 0
      vertex 72.8859 9.12153 2
      vertex 72.8859 9.12153 0
    endloop
  endfacet
  facet normal 0.998791 -0.0491602 0
    outer loop
      vertex 72.5 10.2 2
      vertex 72.5082 10.3666 0
      vertex 72.5082 10.3666 2
    endloop
  endfacet
  facet normal 0.998791 -0.0491602 0
    outer loop
      vertex 72.5082 10.3666 0
      vertex 72.5 10.2 2
      vertex 72.5 10.2 0
    endloop
  endfacet
  facet normal -0.741051 0.671448 0
    outer loop
      vertex 75.4021 8.99792 0
      vertex 75.5141 9.12153 2
      vertex 75.5141 9.12153 0
    endloop
  endfacet
  facet normal -0.741051 0.671448 0
    outer loop
      vertex 75.5141 9.12153 2
      vertex 75.4021 8.99792 0
      vertex 75.4021 8.99792 2
    endloop
  endfacet
  facet normal 1 -0 0
    outer loop
      vertex 113.2 0 2
      vertex 113.2 17.2 0
      vertex 113.2 17.2 2
    endloop
  endfacet
  facet normal 1 0 0
    outer loop
      vertex 113.2 17.2 0
      vertex 113.2 0 2
      vertex 113.2 0 0
    endloop
  endfacet
  facet normal 0 0 1
    outer loop
      vertex 107.892 10.0334 2
      vertex 113.2 17.2 2
      vertex 107.9 10.2 2
    endloop
  endfacet
  facet normal 0 0 1
    outer loop
      vertex 113.2 17.2 2
      vertex 107.892 10.3666 2
      vertex 107.9 10.2 2
    endloop
  endfacet
  facet normal 0 0 1
    outer loop
      vertex 113.2 17.2 2
      vertex 107.867 10.5317 2
      vertex 107.892 10.3666 2
    endloop
  endfacet
  facet normal 0 0 1
    outer loop
      vertex 113.2 17.2 2
      vertex 107.827 10.6935 2
      vertex 107.867 10.5317 2
    endloop
  endfacet
  facet normal 0 0 1
    outer loop
      vertex 113.2 17.2 2
      vertex 107.771 10.8506 2
      vertex 107.827 10.6935 2
    endloop
  endfacet
  facet normal 0 0 1
    outer loop
      vertex 113.2 17.2 2
      vertex 107.699 11.0014 2
      vertex 107.771 10.8506 2
    endloop
  endfacet
  facet normal 0 0 1
    outer loop
      vertex 113.2 17.2 2
      vertex 107.613 11.1445 2
      vertex 107.699 11.0014 2
    endloop
  endfacet
  facet normal 0 0 1
    outer loop
      vertex 113.2 17.2 2
      vertex 107.514 11.2785 2
      vertex 107.613 11.1445 2
    endloop
  endfacet
  facet normal 0 0 1
    outer loop
      vertex 113.2 17.2 2
      vertex 107.402 11.4021 2
      vertex 107.514 11.2785 2
    endloop
  endfacet
  facet normal 0 0 1
    outer loop
      vertex 113.2 17.2 2
      vertex 107.278 11.5141 2
      vertex 107.402 11.4021 2
    endloop
  endfacet
  facet normal 0 0 1
    outer loop
      vertex 113.2 17.2 2
      vertex 107.144 11.6135 2
      vertex 107.278 11.5141 2
    endloop
  endfacet
  facet normal 0 0 1
    outer loop
      vertex 113.2 17.2 2
      vertex 107.001 11.6993 2
      vertex 107.144 11.6135 2
    endloop
  endfacet
  facet normal 0 0 1
    outer loop
      vertex 113.2 17.2 2
      vertex 106.851 11.7706 2
      vertex 107.001 11.6993 2
    endloop
  endfacet
  facet normal 0 0 1
    outer loop
      vertex 113.2 17.2 2
      vertex 106.693 11.8268 2
      vertex 106.851 11.7706 2
    endloop
  endfacet
  facet normal 0 0 1
    outer loop
      vertex 113.2 17.2 2
      vertex 106.532 11.8673 2
      vertex 106.693 11.8268 2
    endloop
  endfacet
  facet normal 0 0 1
    outer loop
      vertex 113.2 17.2 2
      vertex 106.367 11.8918 2
      vertex 106.532 11.8673 2
    endloop
  endfacet
  facet normal 0 0 1
    outer loop
      vertex 113.2 17.2 2
      vertex 106.2 11.9 2
      vertex 106.367 11.8918 2
    endloop
  endfacet
  facet normal 0 0 1
    outer loop
      vertex 113.2 17.2 2
      vertex 106.033 11.8918 2
      vertex 106.2 11.9 2
    endloop
  endfacet
  facet normal 0 0 1
    outer loop
      vertex 113.2 17.2 2
      vertex 105.868 11.8673 2
      vertex 106.033 11.8918 2
    endloop
  endfacet
  facet normal -0 0 1
    outer loop
      vertex 96 17.2 2
      vertex 105.868 11.8673 2
      vertex 113.2 17.2 2
    endloop
  endfacet
  facet normal 0 0 1
    outer loop
      vertex 105.868 11.8673 2
      vertex 96 17.2 2
      vertex 105.707 11.8268 2
    endloop
  endfacet
  facet normal 0 0 1
    outer loop
      vertex 105.707 11.8268 2
      vertex 96 17.2 2
      vertex 105.549 11.7706 2
    endloop
  endfacet
  facet normal 0 0 1
    outer loop
      vertex 105.549 11.7706 2
      vertex 96 17.2 2
      vertex 105.399 11.6993 2
    endloop
  endfacet
  facet normal 0 0 1
    outer loop
      vertex 104.508 10.3666 2
      vertex 96 17.2 2
      vertex 104.5 10.2 2
    endloop
  endfacet
  facet normal 0 0 1
    outer loop
      vertex 104.533 10.5317 2
      vertex 96 17.2 2
      vertex 104.508 10.3666 2
    endloop
  endfacet
  facet normal 0 0 1
    outer loop
      vertex 104.573 10.6935 2
      vertex 96 17.2 2
      vertex 104.533 10.5317 2
    endloop
  endfacet
  facet normal 0 0 1
    outer loop
      vertex 104.629 10.8506 2
      vertex 96 17.2 2
      vertex 104.573 10.6935 2
    endloop
  endfacet
  facet normal 0 0 1
    outer loop
      vertex 104.701 11.0014 2
      vertex 96 17.2 2
      vertex 104.629 10.8506 2
    endloop
  endfacet
  facet normal 0 0 1
    outer loop
      vertex 104.786 11.1445 2
      vertex 96 17.2 2
      vertex 104.701 11.0014 2
    endloop
  endfacet
  facet normal 0 0 1
    outer loop
      vertex 104.886 11.2785 2
      vertex 96 17.2 2
      vertex 104.786 11.1445 2
    endloop
  endfacet
  facet normal 0 0 1
    outer loop
      vertex 104.998 11.4021 2
      vertex 96 17.2 2
      vertex 104.886 11.2785 2
    endloop
  endfacet
  facet normal 0 0 1
    outer loop
      vertex 105.122 11.5141 2
      vertex 96 17.2 2
      vertex 104.998 11.4021 2
    endloop
  endfacet
  facet normal 0 0 1
    outer loop
      vertex 105.256 11.6135 2
      vertex 96 17.2 2
      vertex 105.122 11.5141 2
    endloop
  endfacet
  facet normal 0 0 1
    outer loop
      vertex 105.399 11.6993 2
      vertex 96 17.2 2
      vertex 105.256 11.6135 2
    endloop
  endfacet
  facet normal 0 0 1
    outer loop
      vertex 113.2 17.2 2
      vertex 107.892 10.0334 2
      vertex 113.2 0 2
    endloop
  endfacet
  facet normal -0 0 1
    outer loop
      vertex 107.867 9.86835 2
      vertex 113.2 0 2
      vertex 107.892 10.0334 2
    endloop
  endfacet
  facet normal -0 0 1
    outer loop
      vertex 107.827 9.70652 2
      vertex 113.2 0 2
      vertex 107.867 9.86835 2
    endloop
  endfacet
  facet normal -0 0 1
    outer loop
      vertex 107.771 9.54944 2
      vertex 113.2 0 2
      vertex 107.827 9.70652 2
    endloop
  endfacet
  facet normal -0 0 1
    outer loop
      vertex 107.699 9.39863 2
      vertex 113.2 0 2
      vertex 107.771 9.54944 2
    endloop
  endfacet
  facet normal -0 0 1
    outer loop
      vertex 107.613 9.25553 2
      vertex 113.2 0 2
      vertex 107.699 9.39863 2
    endloop
  endfacet
  facet normal -0 0 1
    outer loop
      vertex 107.514 9.12153 2
      vertex 113.2 0 2
      vertex 107.613 9.25553 2
    endloop
  endfacet
  facet normal -0 0 1
    outer loop
      vertex 107.402 8.99792 2
      vertex 113.2 0 2
      vertex 107.514 9.12153 2
    endloop
  endfacet
  facet normal -0 0 1
    outer loop
      vertex 107.278 8.88588 2
      vertex 113.2 0 2
      vertex 107.402 8.99792 2
    endloop
  endfacet
  facet normal -0 0 1
    outer loop
      vertex 107.144 8.7865 2
      vertex 113.2 0 2
      vertex 107.278 8.88588 2
    endloop
  endfacet
  facet normal -0 0 1
    outer loop
      vertex 107.001 8.70073 2
      vertex 113.2 0 2
      vertex 107.144 8.7865 2
    endloop
  endfacet
  facet normal -0 0 1
    outer loop
      vertex 106.851 8.6294 2
      vertex 113.2 0 2
      vertex 107.001 8.70073 2
    endloop
  endfacet
  facet normal -0 0 1
    outer loop
      vertex 106.693 8.5732 2
      vertex 113.2 0 2
      vertex 106.851 8.6294 2
    endloop
  endfacet
  facet normal -0 0 1
    outer loop
      vertex 106.532 8.53266 2
      vertex 113.2 0 2
      vertex 106.693 8.5732 2
    endloop
  endfacet
  facet normal -0 0 1
    outer loop
      vertex 106.367 8.50819 2
      vertex 113.2 0 2
      vertex 106.532 8.53266 2
    endloop
  endfacet
  facet normal -0 0 1
    outer loop
      vertex 106.2 8.5 2
      vertex 113.2 0 2
      vertex 106.367 8.50819 2
    endloop
  endfacet
  facet normal 0 0 1
    outer loop
      vertex 106.033 8.50819 2
      vertex 113.2 0 2
      vertex 106.2 8.5 2
    endloop
  endfacet
  facet normal 0 0 1
    outer loop
      vertex 105.868 8.53266 2
      vertex 113.2 0 2
      vertex 106.033 8.50819 2
    endloop
  endfacet
  facet normal 0 0 1
    outer loop
      vertex 96 0 2
      vertex 105.868 8.53266 2
      vertex 105.707 8.5732 2
    endloop
  endfacet
  facet normal 0 0 1
    outer loop
      vertex 96 0 2
      vertex 105.707 8.5732 2
      vertex 105.549 8.6294 2
    endloop
  endfacet
  facet normal 0 0 1
    outer loop
      vertex 96 0 2
      vertex 105.549 8.6294 2
      vertex 105.399 8.70073 2
    endloop
  endfacet
  facet normal 0 0 1
    outer loop
      vertex 96 0 2
      vertex 105.399 8.70073 2
      vertex 105.256 8.7865 2
    endloop
  endfacet
  facet normal 0 0 1
    outer loop
      vertex 96 0 2
      vertex 105.256 8.7865 2
      vertex 105.122 8.88588 2
    endloop
  endfacet
  facet normal 0 0 1
    outer loop
      vertex 96 0 2
      vertex 105.122 8.88588 2
      vertex 104.998 8.99792 2
    endloop
  endfacet
  facet normal 0 0 1
    outer loop
      vertex 96 17.2 2
      vertex 104.508 10.0334 2
      vertex 104.5 10.2 2
    endloop
  endfacet
  facet normal 0 0 1
    outer loop
      vertex 96 17.2 2
      vertex 104.533 9.86835 2
      vertex 104.508 10.0334 2
    endloop
  endfacet
  facet normal 0 0 1
    outer loop
      vertex 96 0 2
      vertex 104.533 9.86835 2
      vertex 96 17.2 2
    endloop
  endfacet
  facet normal 0 0 1
    outer loop
      vertex 104.533 9.86835 2
      vertex 96 0 2
      vertex 104.573 9.70652 2
    endloop
  endfacet
  facet normal 0 0 1
    outer loop
      vertex 104.573 9.70652 2
      vertex 96 0 2
      vertex 104.629 9.54944 2
    endloop
  endfacet
  facet normal 0 0 1
    outer loop
      vertex 104.629 9.54944 2
      vertex 96 0 2
      vertex 104.701 9.39863 2
    endloop
  endfacet
  facet normal 0 0 1
    outer loop
      vertex 104.701 9.39863 2
      vertex 96 0 2
      vertex 104.786 9.25553 2
    endloop
  endfacet
  facet normal 0 0 1
    outer loop
      vertex 104.786 9.25553 2
      vertex 96 0 2
      vertex 104.886 9.12153 2
    endloop
  endfacet
  facet normal 0 0 1
    outer loop
      vertex 104.886 9.12153 2
      vertex 96 0 2
      vertex 104.998 8.99792 2
    endloop
  endfacet
  facet normal 0 0 1
    outer loop
      vertex 105.868 8.53266 2
      vertex 96 0 2
      vertex 113.2 0 2
    endloop
  endfacet
  facet normal 0 0 -1
    outer loop
      vertex 107.892 10.0334 0
      vertex 113.2 17.2 0
      vertex 113.2 0 0
    endloop
  endfacet
  facet normal 0 0 -1
    outer loop
      vertex 113.2 17.2 0
      vertex 107.892 10.0334 0
      vertex 107.9 10.2 0
    endloop
  endfacet
  facet normal 0 0 -1
    outer loop
      vertex 113.2 0 0
      vertex 107.867 9.86835 0
      vertex 107.892 10.0334 0
    endloop
  endfacet
  facet normal 0 0 -1
    outer loop
      vertex 113.2 0 0
      vertex 107.827 9.70652 0
      vertex 107.867 9.86835 0
    endloop
  endfacet
  facet normal 0 0 -1
    outer loop
      vertex 113.2 0 0
      vertex 107.771 9.54944 0
      vertex 107.827 9.70652 0
    endloop
  endfacet
  facet normal 0 0 -1
    outer loop
      vertex 113.2 0 0
      vertex 107.699 9.39863 0
      vertex 107.771 9.54944 0
    endloop
  endfacet
  facet normal 0 0 -1
    outer loop
      vertex 113.2 0 0
      vertex 107.613 9.25553 0
      vertex 107.699 9.39863 0
    endloop
  endfacet
  facet normal 0 0 -1
    outer loop
      vertex 113.2 0 0
      vertex 107.514 9.12153 0
      vertex 107.613 9.25553 0
    endloop
  endfacet
  facet normal 0 0 -1
    outer loop
      vertex 113.2 0 0
      vertex 107.402 8.99792 0
      vertex 107.514 9.12153 0
    endloop
  endfacet
  facet normal 0 0 -1
    outer loop
      vertex 113.2 0 0
      vertex 107.278 8.88588 0
      vertex 107.402 8.99792 0
    endloop
  endfacet
  facet normal 0 0 -1
    outer loop
      vertex 113.2 0 0
      vertex 107.144 8.7865 0
      vertex 107.278 8.88588 0
    endloop
  endfacet
  facet normal 0 0 -1
    outer loop
      vertex 113.2 0 0
      vertex 107.001 8.70073 0
      vertex 107.144 8.7865 0
    endloop
  endfacet
  facet normal 0 0 -1
    outer loop
      vertex 113.2 0 0
      vertex 106.851 8.6294 0
      vertex 107.001 8.70073 0
    endloop
  endfacet
  facet normal 0 0 -1
    outer loop
      vertex 113.2 0 0
      vertex 106.693 8.5732 0
      vertex 106.851 8.6294 0
    endloop
  endfacet
  facet normal 0 0 -1
    outer loop
      vertex 113.2 0 0
      vertex 106.532 8.53266 0
      vertex 106.693 8.5732 0
    endloop
  endfacet
  facet normal 0 0 -1
    outer loop
      vertex 113.2 0 0
      vertex 106.367 8.50819 0
      vertex 106.532 8.53266 0
    endloop
  endfacet
  facet normal 0 0 -1
    outer loop
      vertex 113.2 0 0
      vertex 106.2 8.5 0
      vertex 106.367 8.50819 0
    endloop
  endfacet
  facet normal 0 0 -1
    outer loop
      vertex 113.2 0 0
      vertex 106.033 8.50819 0
      vertex 106.2 8.5 0
    endloop
  endfacet
  facet normal 0 0 -1
    outer loop
      vertex 113.2 0 0
      vertex 105.868 8.53266 0
      vertex 106.033 8.50819 0
    endloop
  endfacet
  facet normal 0 0 -1
    outer loop
      vertex 96 0 0
      vertex 105.868 8.53266 0
      vertex 113.2 0 0
    endloop
  endfacet
  facet normal -0 0 -1
    outer loop
      vertex 105.868 8.53266 0
      vertex 96 0 0
      vertex 105.707 8.5732 0
    endloop
  endfacet
  facet normal -0 0 -1
    outer loop
      vertex 105.707 8.5732 0
      vertex 96 0 0
      vertex 105.549 8.6294 0
    endloop
  endfacet
  facet normal -0 0 -1
    outer loop
      vertex 105.549 8.6294 0
      vertex 96 0 0
      vertex 105.399 8.70073 0
    endloop
  endfacet
  facet normal -0 0 -1
    outer loop
      vertex 105.399 8.70073 0
      vertex 96 0 0
      vertex 105.256 8.7865 0
    endloop
  endfacet
  facet normal -0 0 -1
    outer loop
      vertex 105.256 8.7865 0
      vertex 96 0 0
      vertex 105.122 8.88588 0
    endloop
  endfacet
  facet normal 0 0 -1
    outer loop
      vertex 104.533 9.86835 0
      vertex 96 17.2 0
      vertex 104.508 10.0334 0
    endloop
  endfacet
  facet normal 0 0 -1
    outer loop
      vertex 96 17.2 0
      vertex 104.533 9.86835 0
      vertex 96 0 0
    endloop
  endfacet
  facet normal -0 0 -1
    outer loop
      vertex 104.573 9.70652 0
      vertex 96 0 0
      vertex 104.533 9.86835 0
    endloop
  endfacet
  facet normal -0 0 -1
    outer loop
      vertex 104.629 9.54944 0
      vertex 96 0 0
      vertex 104.573 9.70652 0
    endloop
  endfacet
  facet normal -0 0 -1
    outer loop
      vertex 104.701 9.39863 0
      vertex 96 0 0
      vertex 104.629 9.54944 0
    endloop
  endfacet
  facet normal -0 0 -1
    outer loop
      vertex 104.786 9.25553 0
      vertex 96 0 0
      vertex 104.701 9.39863 0
    endloop
  endfacet
  facet normal -0 0 -1
    outer loop
      vertex 104.886 9.12153 0
      vertex 96 0 0
      vertex 104.786 9.25553 0
    endloop
  endfacet
  facet normal -0 0 -1
    outer loop
      vertex 104.998 8.99792 0
      vertex 96 0 0
      vertex 104.886 9.12153 0
    endloop
  endfacet
  facet normal -0 0 -1
    outer loop
      vertex 105.122 8.88588 0
      vertex 96 0 0
      vertex 104.998 8.99792 0
    endloop
  endfacet
  facet normal 0 0 -1
    outer loop
      vertex 107.892 10.3666 0
      vertex 113.2 17.2 0
      vertex 107.9 10.2 0
    endloop
  endfacet
  facet normal 0 0 -1
    outer loop
      vertex 107.867 10.5317 0
      vertex 113.2 17.2 0
      vertex 107.892 10.3666 0
    endloop
  endfacet
  facet normal 0 0 -1
    outer loop
      vertex 107.827 10.6935 0
      vertex 113.2 17.2 0
      vertex 107.867 10.5317 0
    endloop
  endfacet
  facet normal 0 0 -1
    outer loop
      vertex 107.771 10.8506 0
      vertex 113.2 17.2 0
      vertex 107.827 10.6935 0
    endloop
  endfacet
  facet normal 0 0 -1
    outer loop
      vertex 107.699 11.0014 0
      vertex 113.2 17.2 0
      vertex 107.771 10.8506 0
    endloop
  endfacet
  facet normal 0 0 -1
    outer loop
      vertex 107.613 11.1445 0
      vertex 113.2 17.2 0
      vertex 107.699 11.0014 0
    endloop
  endfacet
  facet normal 0 0 -1
    outer loop
      vertex 107.514 11.2785 0
      vertex 113.2 17.2 0
      vertex 107.613 11.1445 0
    endloop
  endfacet
  facet normal 0 0 -1
    outer loop
      vertex 107.402 11.4021 0
      vertex 113.2 17.2 0
      vertex 107.514 11.2785 0
    endloop
  endfacet
  facet normal 0 0 -1
    outer loop
      vertex 107.278 11.5141 0
      vertex 113.2 17.2 0
      vertex 107.402 11.4021 0
    endloop
  endfacet
  facet normal 0 0 -1
    outer loop
      vertex 107.144 11.6135 0
      vertex 113.2 17.2 0
      vertex 107.278 11.5141 0
    endloop
  endfacet
  facet normal 0 0 -1
    outer loop
      vertex 107.001 11.6993 0
      vertex 113.2 17.2 0
      vertex 107.144 11.6135 0
    endloop
  endfacet
  facet normal 0 0 -1
    outer loop
      vertex 106.851 11.7706 0
      vertex 113.2 17.2 0
      vertex 107.001 11.6993 0
    endloop
  endfacet
  facet normal 0 0 -1
    outer loop
      vertex 106.693 11.8268 0
      vertex 113.2 17.2 0
      vertex 106.851 11.7706 0
    endloop
  endfacet
  facet normal 0 0 -1
    outer loop
      vertex 106.532 11.8673 0
      vertex 113.2 17.2 0
      vertex 106.693 11.8268 0
    endloop
  endfacet
  facet normal 0 0 -1
    outer loop
      vertex 106.367 11.8918 0
      vertex 113.2 17.2 0
      vertex 106.532 11.8673 0
    endloop
  endfacet
  facet normal 0 0 -1
    outer loop
      vertex 106.2 11.9 0
      vertex 113.2 17.2 0
      vertex 106.367 11.8918 0
    endloop
  endfacet
  facet normal 0 0 -1
    outer loop
      vertex 106.033 11.8918 0
      vertex 113.2 17.2 0
      vertex 106.2 11.9 0
    endloop
  endfacet
  facet normal 0 0 -1
    outer loop
      vertex 105.868 11.8673 0
      vertex 113.2 17.2 0
      vertex 106.033 11.8918 0
    endloop
  endfacet
  facet normal 0 0 -1
    outer loop
      vertex 96 17.2 0
      vertex 105.868 11.8673 0
      vertex 105.707 11.8268 0
    endloop
  endfacet
  facet normal 0 0 -1
    outer loop
      vertex 96 17.2 0
      vertex 105.707 11.8268 0
      vertex 105.549 11.7706 0
    endloop
  endfacet
  facet normal 0 0 -1
    outer loop
      vertex 96 17.2 0
      vertex 105.549 11.7706 0
      vertex 105.399 11.6993 0
    endloop
  endfacet
  facet normal 0 0 -1
    outer loop
      vertex 96 17.2 0
      vertex 105.399 11.6993 0
      vertex 105.256 11.6135 0
    endloop
  endfacet
  facet normal 0 0 -1
    outer loop
      vertex 104.508 10.0334 0
      vertex 96 17.2 0
      vertex 104.5 10.2 0
    endloop
  endfacet
  facet normal 0 0 -1
    outer loop
      vertex 104.5 10.2 0
      vertex 96 17.2 0
      vertex 104.508 10.3666 0
    endloop
  endfacet
  facet normal 0 0 -1
    outer loop
      vertex 104.508 10.3666 0
      vertex 96 17.2 0
      vertex 104.533 10.5317 0
    endloop
  endfacet
  facet normal 0 0 -1
    outer loop
      vertex 104.533 10.5317 0
      vertex 96 17.2 0
      vertex 104.573 10.6935 0
    endloop
  endfacet
  facet normal 0 0 -1
    outer loop
      vertex 104.573 10.6935 0
      vertex 96 17.2 0
      vertex 104.629 10.8506 0
    endloop
  endfacet
  facet normal 0 0 -1
    outer loop
      vertex 104.629 10.8506 0
      vertex 96 17.2 0
      vertex 104.701 11.0014 0
    endloop
  endfacet
  facet normal 0 0 -1
    outer loop
      vertex 104.701 11.0014 0
      vertex 96 17.2 0
      vertex 104.786 11.1445 0
    endloop
  endfacet
  facet normal 0 0 -1
    outer loop
      vertex 105.868 11.8673 0
      vertex 96 17.2 0
      vertex 113.2 17.2 0
    endloop
  endfacet
  facet normal 0 0 -1
    outer loop
      vertex 105.122 11.5141 0
      vertex 96 17.2 0
      vertex 105.256 11.6135 0
    endloop
  endfacet
  facet normal 0 0 -1
    outer loop
      vertex 104.998 11.4021 0
      vertex 96 17.2 0
      vertex 105.122 11.5141 0
    endloop
  endfacet
  facet normal 0 0 -1
    outer loop
      vertex 104.886 11.2785 0
      vertex 96 17.2 0
      vertex 104.998 11.4021 0
    endloop
  endfacet
  facet normal 0 0 -1
    outer loop
      vertex 104.786 11.1445 0
      vertex 96 17.2 0
      vertex 104.886 11.2785 0
    endloop
  endfacet
  facet normal -1 0 0
    outer loop
      vertex 96 0 0
      vertex 96 17.2 2
      vertex 96 17.2 0
    endloop
  endfacet
  facet normal -1 -0 0
    outer loop
      vertex 96 17.2 2
      vertex 96 0 0
      vertex 96 0 2
    endloop
  endfacet
  facet normal 0 1 -0
    outer loop
      vertex 113.2 17.2 0
      vertex 96 17.2 2
      vertex 113.2 17.2 2
    endloop
  endfacet
  facet normal 0 1 0
    outer loop
      vertex 96 17.2 2
      vertex 113.2 17.2 0
      vertex 96 17.2 0
    endloop
  endfacet
  facet normal 0 -1 0
    outer loop
      vertex 96 0 0
      vertex 113.2 0 2
      vertex 96 0 2
    endloop
  endfacet
  facet normal 0 -1 -0
    outer loop
      vertex 113.2 0 2
      vertex 96 0 0
      vertex 113.2 0 0
    endloop
  endfacet
  facet normal 0.335127 0.942173 -0
    outer loop
      vertex 105.707 8.5732 0
      vertex 105.549 8.6294 2
      vertex 105.707 8.5732 2
    endloop
  endfacet
  facet normal 0.335127 0.942173 0
    outer loop
      vertex 105.549 8.6294 2
      vertex 105.707 8.5732 0
      vertex 105.549 8.6294 0
    endloop
  endfacet
  facet normal -0.988729 -0.149717 0
    outer loop
      vertex 107.892 10.3666 0
      vertex 107.867 10.5317 2
      vertex 107.867 10.5317 0
    endloop
  endfacet
  facet normal -0.988729 -0.149717 0
    outer loop
      vertex 107.867 10.5317 2
      vertex 107.892 10.3666 0
      vertex 107.892 10.3666 2
    endloop
  endfacet
  facet normal -0.998849 -0.0479639 0
    outer loop
      vertex 107.9 10.2 0
      vertex 107.892 10.3666 2
      vertex 107.892 10.3666 0
    endloop
  endfacet
  facet normal -0.998849 -0.0479639 0
    outer loop
      vertex 107.892 10.3666 2
      vertex 107.9 10.2 0
      vertex 107.9 10.2 2
    endloop
  endfacet
  facet normal -0.970774 -0.239994 0
    outer loop
      vertex 107.867 10.5317 0
      vertex 107.827 10.6935 2
      vertex 107.827 10.6935 0
    endloop
  endfacet
  facet normal -0.970774 -0.239994 0
    outer loop
      vertex 107.827 10.6935 2
      vertex 107.867 10.5317 0
      vertex 107.867 10.5317 2
    endloop
  endfacet
  facet normal 0.988729 -0.149717 0
    outer loop
      vertex 104.508 10.3666 2
      vertex 104.533 10.5317 0
      vertex 104.533 10.5317 2
    endloop
  endfacet
  facet normal 0.988729 -0.149717 0
    outer loop
      vertex 104.533 10.5317 0
      vertex 104.508 10.3666 2
      vertex 104.508 10.3666 0
    endloop
  endfacet
  facet normal 0.244179 0.96973 -0
    outer loop
      vertex 105.868 8.53266 0
      vertex 105.707 8.5732 2
      vertex 105.868 8.53266 2
    endloop
  endfacet
  facet normal 0.244179 0.96973 0
    outer loop
      vertex 105.707 8.5732 2
      vertex 105.868 8.53266 0
      vertex 105.707 8.5732 0
    endloop
  endfacet
  facet normal -0.335127 -0.942173 0
    outer loop
      vertex 106.693 11.8268 0
      vertex 106.851 11.7706 2
      vertex 106.693 11.8268 2
    endloop
  endfacet
  facet normal -0.335127 -0.942173 -0
    outer loop
      vertex 106.851 11.7706 2
      vertex 106.693 11.8268 0
      vertex 106.851 11.7706 0
    endloop
  endfacet
  facet normal 0.514496 -0.857493 0
    outer loop
      vertex 105.256 11.6135 0
      vertex 105.399 11.6993 2
      vertex 105.256 11.6135 2
    endloop
  endfacet
  facet normal 0.514496 -0.857493 0
    outer loop
      vertex 105.399 11.6993 2
      vertex 105.256 11.6135 0
      vertex 105.399 11.6993 0
    endloop
  endfacet
  facet normal 0.902429 0.430839 0
    outer loop
      vertex 104.701 9.39863 2
      vertex 104.629 9.54944 0
      vertex 104.629 9.54944 2
    endloop
  endfacet
  facet normal 0.902429 0.430839 0
    outer loop
      vertex 104.629 9.54944 0
      vertex 104.701 9.39863 2
      vertex 104.701 9.39863 0
    endloop
  endfacet
  facet normal 0.243953 -0.969787 0
    outer loop
      vertex 105.707 11.8268 0
      vertex 105.868 11.8673 2
      vertex 105.707 11.8268 2
    endloop
  endfacet
  facet normal 0.243953 -0.969787 0
    outer loop
      vertex 105.868 11.8673 2
      vertex 105.707 11.8268 0
      vertex 105.868 11.8673 0
    endloop
  endfacet
  facet normal 0.859764 0.510691 0
    outer loop
      vertex 104.786 9.25553 2
      vertex 104.701 9.39863 0
      vertex 104.701 9.39863 2
    endloop
  endfacet
  facet normal 0.859764 0.510691 0
    outer loop
      vertex 104.701 9.39863 0
      vertex 104.786 9.25553 2
      vertex 104.786 9.25553 0
    endloop
  endfacet
  facet normal -0.244179 0.96973 0
    outer loop
      vertex 106.693 8.5732 0
      vertex 106.532 8.53266 2
      vertex 106.693 8.5732 2
    endloop
  endfacet
  facet normal -0.244179 0.96973 0
    outer loop
      vertex 106.532 8.53266 2
      vertex 106.693 8.5732 0
      vertex 106.532 8.53266 0
    endloop
  endfacet
  facet normal 0.595695 0.803211 -0
    outer loop
      vertex 105.256 8.7865 0
      vertex 105.122 8.88588 2
      vertex 105.256 8.7865 2
    endloop
  endfacet
  facet normal 0.595695 0.803211 0
    outer loop
      vertex 105.122 8.88588 2
      vertex 105.256 8.7865 0
      vertex 105.122 8.88588 0
    endloop
  endfacet
  facet normal -0.514363 0.857572 0
    outer loop
      vertex 107.144 8.7865 0
      vertex 107.001 8.70073 2
      vertex 107.144 8.7865 2
    endloop
  endfacet
  facet normal -0.514363 0.857572 0
    outer loop
      vertex 107.001 8.70073 2
      vertex 107.144 8.7865 0
      vertex 107.001 8.70073 0
    endloop
  endfacet
  facet normal -0.804301 0.594222 0
    outer loop
      vertex 107.514 9.12153 0
      vertex 107.613 9.25553 2
      vertex 107.613 9.25553 0
    endloop
  endfacet
  facet normal -0.804301 0.594222 0
    outer loop
      vertex 107.613 9.25553 2
      vertex 107.514 9.12153 0
      vertex 107.514 9.12153 2
    endloop
  endfacet
  facet normal -0.146875 -0.989155 0
    outer loop
      vertex 106.367 11.8918 0
      vertex 106.532 11.8673 2
      vertex 106.367 11.8918 2
    endloop
  endfacet
  facet normal -0.146875 -0.989155 -0
    outer loop
      vertex 106.532 11.8673 2
      vertex 106.367 11.8918 0
      vertex 106.532 11.8673 0
    endloop
  endfacet
  facet normal 0.595772 -0.803154 0
    outer loop
      vertex 105.122 11.5141 0
      vertex 105.256 11.6135 2
      vertex 105.122 11.5141 2
    endloop
  endfacet
  facet normal 0.595772 -0.803154 0
    outer loop
      vertex 105.256 11.6135 2
      vertex 105.122 11.5141 0
      vertex 105.256 11.6135 0
    endloop
  endfacet
  facet normal -0.42945 0.903091 0
    outer loop
      vertex 107.001 8.70073 0
      vertex 106.851 8.6294 2
      vertex 107.001 8.70073 2
    endloop
  endfacet
  facet normal -0.42945 0.903091 0
    outer loop
      vertex 106.851 8.6294 2
      vertex 107.001 8.70073 0
      vertex 106.851 8.6294 0
    endloop
  endfacet
  facet normal 0.801433 -0.598084 0
    outer loop
      vertex 104.786 11.1445 2
      vertex 104.886 11.2785 0
      vertex 104.886 11.2785 2
    endloop
  endfacet
  facet normal 0.801433 -0.598084 0
    outer loop
      vertex 104.886 11.2785 0
      vertex 104.786 11.1445 2
      vertex 104.786 11.1445 0
    endloop
  endfacet
  facet normal -0.988722 0.149761 0
    outer loop
      vertex 107.867 9.86835 0
      vertex 107.892 10.0334 2
      vertex 107.892 10.0334 0
    endloop
  endfacet
  facet normal -0.988722 0.149761 0
    outer loop
      vertex 107.892 10.0334 2
      vertex 107.867 9.86835 0
      vertex 107.867 9.86835 2
    endloop
  endfacet
  facet normal 0.941945 -0.335767 0
    outer loop
      vertex 104.573 10.6935 2
      vertex 104.629 10.8506 0
      vertex 104.629 10.8506 2
    endloop
  endfacet
  facet normal 0.941945 -0.335767 0
    outer loop
      vertex 104.629 10.8506 0
      vertex 104.573 10.6935 2
      vertex 104.573 10.6935 0
    endloop
  endfacet
  facet normal -0.429302 -0.903161 0
    outer loop
      vertex 106.851 11.7706 0
      vertex 107.001 11.6993 2
      vertex 106.851 11.7706 2
    endloop
  endfacet
  facet normal -0.429302 -0.903161 -0
    outer loop
      vertex 107.001 11.6993 2
      vertex 106.851 11.7706 0
      vertex 107.001 11.6993 0
    endloop
  endfacet
  facet normal 0.941932 0.335805 0
    outer loop
      vertex 104.629 9.54944 2
      vertex 104.573 9.70652 0
      vertex 104.573 9.70652 2
    endloop
  endfacet
  facet normal 0.941932 0.335805 0
    outer loop
      vertex 104.573 9.70652 0
      vertex 104.629 9.54944 2
      vertex 104.629 9.54944 0
    endloop
  endfacet
  facet normal -0.970785 0.239952 0
    outer loop
      vertex 107.827 9.70652 0
      vertex 107.867 9.86835 2
      vertex 107.867 9.86835 0
    endloop
  endfacet
  facet normal -0.970785 0.239952 0
    outer loop
      vertex 107.867 9.86835 2
      vertex 107.827 9.70652 0
      vertex 107.827 9.70652 2
    endloop
  endfacet
  facet normal 0.0490427 -0.998797 0
    outer loop
      vertex 106.033 11.8918 0
      vertex 106.2 11.9 2
      vertex 106.033 11.8918 2
    endloop
  endfacet
  facet normal 0.0490427 -0.998797 0
    outer loop
      vertex 106.2 11.9 2
      vertex 106.033 11.8918 0
      vertex 106.2 11.9 0
    endloop
  endfacet
  facet normal -0.670286 -0.742103 0
    outer loop
      vertex 107.278 11.5141 0
      vertex 107.402 11.4021 2
      vertex 107.278 11.5141 2
    endloop
  endfacet
  facet normal -0.670286 -0.742103 -0
    outer loop
      vertex 107.402 11.4021 2
      vertex 107.278 11.5141 0
      vertex 107.402 11.4021 0
    endloop
  endfacet
  facet normal 0.429302 -0.903161 0
    outer loop
      vertex 105.399 11.6993 0
      vertex 105.549 11.7706 2
      vertex 105.399 11.6993 2
    endloop
  endfacet
  facet normal 0.429302 -0.903161 0
    outer loop
      vertex 105.549 11.7706 2
      vertex 105.399 11.6993 0
      vertex 105.549 11.7706 0
    endloop
  endfacet
  facet normal 0.670286 -0.742103 0
    outer loop
      vertex 104.998 11.4021 0
      vertex 105.122 11.5141 2
      vertex 104.998 11.4021 2
    endloop
  endfacet
  facet normal 0.670286 -0.742103 0
    outer loop
      vertex 105.122 11.5141 2
      vertex 104.998 11.4021 0
      vertex 105.122 11.5141 0
    endloop
  endfacet
  facet normal -0.335127 0.942173 0
    outer loop
      vertex 106.851 8.6294 0
      vertex 106.693 8.5732 2
      vertex 106.851 8.6294 2
    endloop
  endfacet
  facet normal -0.335127 0.942173 0
    outer loop
      vertex 106.693 8.5732 2
      vertex 106.851 8.6294 0
      vertex 106.693 8.5732 0
    endloop
  endfacet
  facet normal 0.335127 -0.942173 0
    outer loop
      vertex 105.549 11.7706 0
      vertex 105.707 11.8268 2
      vertex 105.549 11.7706 2
    endloop
  endfacet
  facet normal 0.335127 -0.942173 0
    outer loop
      vertex 105.707 11.8268 2
      vertex 105.549 11.7706 0
      vertex 105.707 11.8268 0
    endloop
  endfacet
  facet normal -0.804301 -0.594222 0
    outer loop
      vertex 107.613 11.1445 0
      vertex 107.514 11.2785 2
      vertex 107.514 11.2785 0
    endloop
  endfacet
  facet normal -0.804301 -0.594222 0
    outer loop
      vertex 107.514 11.2785 2
      vertex 107.613 11.1445 0
      vertex 107.613 11.1445 2
    endloop
  endfacet
  facet normal 0.859764 -0.510691 0
    outer loop
      vertex 104.701 11.0014 2
      vertex 104.786 11.1445 0
      vertex 104.786 11.1445 2
    endloop
  endfacet
  facet normal 0.859764 -0.510691 0
    outer loop
      vertex 104.786 11.1445 0
      vertex 104.701 11.0014 2
      vertex 104.701 11.0014 0
    endloop
  endfacet
  facet normal -0.998849 0.0479639 0
    outer loop
      vertex 107.892 10.0334 0
      vertex 107.9 10.2 2
      vertex 107.9 10.2 0
    endloop
  endfacet
  facet normal -0.998849 0.0479639 0
    outer loop
      vertex 107.9 10.2 2
      vertex 107.892 10.0334 0
      vertex 107.892 10.0334 2
    endloop
  endfacet
  facet normal -0.902429 0.430839 0
    outer loop
      vertex 107.699 9.39863 0
      vertex 107.771 9.54944 2
      vertex 107.771 9.54944 0
    endloop
  endfacet
  facet normal -0.902429 0.430839 0
    outer loop
      vertex 107.771 9.54944 2
      vertex 107.699 9.39863 0
      vertex 107.699 9.39863 2
    endloop
  endfacet
  facet normal -0.857123 -0.515112 0
    outer loop
      vertex 107.699 11.0014 0
      vertex 107.613 11.1445 2
      vertex 107.613 11.1445 0
    endloop
  endfacet
  facet normal -0.857123 -0.515112 0
    outer loop
      vertex 107.613 11.1445 2
      vertex 107.699 11.0014 0
      vertex 107.699 11.0014 2
    endloop
  endfacet
  facet normal 0.670418 0.741984 -0
    outer loop
      vertex 105.122 8.88588 0
      vertex 104.998 8.99792 2
      vertex 105.122 8.88588 2
    endloop
  endfacet
  facet normal 0.670418 0.741984 0
    outer loop
      vertex 104.998 8.99792 2
      vertex 105.122 8.88588 0
      vertex 104.998 8.99792 0
    endloop
  endfacet
  facet normal -0.595772 -0.803154 0
    outer loop
      vertex 107.144 11.6135 0
      vertex 107.278 11.5141 2
      vertex 107.144 11.6135 2
    endloop
  endfacet
  facet normal -0.595772 -0.803154 -0
    outer loop
      vertex 107.278 11.5141 2
      vertex 107.144 11.6135 0
      vertex 107.278 11.5141 0
    endloop
  endfacet
  facet normal 0.514363 0.857572 -0
    outer loop
      vertex 105.399 8.70073 0
      vertex 105.256 8.7865 2
      vertex 105.399 8.70073 2
    endloop
  endfacet
  facet normal 0.514363 0.857572 0
    outer loop
      vertex 105.256 8.7865 2
      vertex 105.399 8.70073 0
      vertex 105.256 8.7865 0
    endloop
  endfacet
  facet normal -0.514496 -0.857493 0
    outer loop
      vertex 107.001 11.6993 0
      vertex 107.144 11.6135 2
      vertex 107.001 11.6993 2
    endloop
  endfacet
  facet normal -0.514496 -0.857493 -0
    outer loop
      vertex 107.144 11.6135 2
      vertex 107.001 11.6993 0
      vertex 107.144 11.6135 0
    endloop
  endfacet
  facet normal -0.146699 0.989181 0
    outer loop
      vertex 106.532 8.53266 0
      vertex 106.367 8.50819 2
      vertex 106.532 8.53266 2
    endloop
  endfacet
  facet normal -0.146699 0.989181 0
    outer loop
      vertex 106.367 8.50819 2
      vertex 106.532 8.53266 0
      vertex 106.367 8.50819 0
    endloop
  endfacet
  facet normal -0.941945 -0.335767 0
    outer loop
      vertex 107.827 10.6935 0
      vertex 107.771 10.8506 2
      vertex 107.771 10.8506 0
    endloop
  endfacet
  facet normal -0.941945 -0.335767 0
    outer loop
      vertex 107.771 10.8506 2
      vertex 107.827 10.6935 0
      vertex 107.827 10.6935 2
    endloop
  endfacet
  facet normal -0.857123 0.515112 0
    outer loop
      vertex 107.613 9.25553 0
      vertex 107.699 9.39863 2
      vertex 107.699 9.39863 0
    endloop
  endfacet
  facet normal -0.857123 0.515112 0
    outer loop
      vertex 107.699 9.39863 2
      vertex 107.613 9.25553 0
      vertex 107.613 9.25553 2
    endloop
  endfacet
  facet normal 0.998849 0.0479639 0
    outer loop
      vertex 104.508 10.0334 2
      vertex 104.5 10.2 0
      vertex 104.5 10.2 2
    endloop
  endfacet
  facet normal 0.998849 0.0479639 0
    outer loop
      vertex 104.5 10.2 0
      vertex 104.508 10.0334 2
      vertex 104.508 10.0334 0
    endloop
  endfacet
  facet normal -0.941932 0.335805 0
    outer loop
      vertex 107.771 9.54944 0
      vertex 107.827 9.70652 2
      vertex 107.827 9.70652 0
    endloop
  endfacet
  facet normal -0.941932 0.335805 0
    outer loop
      vertex 107.827 9.70652 2
      vertex 107.771 9.54944 0
      vertex 107.771 9.54944 2
    endloop
  endfacet
  facet normal -0.741024 -0.671478 0
    outer loop
      vertex 107.514 11.2785 0
      vertex 107.402 11.4021 2
      vertex 107.402 11.4021 0
    endloop
  endfacet
  facet normal -0.741024 -0.671478 0
    outer loop
      vertex 107.402 11.4021 2
      vertex 107.514 11.2785 0
      vertex 107.514 11.2785 2
    endloop
  endfacet
  facet normal -0.0490427 -0.998797 0
    outer loop
      vertex 106.2 11.9 0
      vertex 106.367 11.8918 2
      vertex 106.2 11.9 2
    endloop
  endfacet
  facet normal -0.0490427 -0.998797 -0
    outer loop
      vertex 106.367 11.8918 2
      vertex 106.2 11.9 0
      vertex 106.367 11.8918 0
    endloop
  endfacet
  facet normal -0.902418 -0.430863 0
    outer loop
      vertex 107.771 10.8506 0
      vertex 107.699 11.0014 2
      vertex 107.699 11.0014 0
    endloop
  endfacet
  facet normal -0.902418 -0.430863 0
    outer loop
      vertex 107.699 11.0014 2
      vertex 107.771 10.8506 0
      vertex 107.771 10.8506 2
    endloop
  endfacet
  facet normal 0.146699 0.989181 -0
    outer loop
      vertex 106.033 8.50819 0
      vertex 105.868 8.53266 2
      vertex 106.033 8.50819 2
    endloop
  endfacet
  facet normal 0.146699 0.989181 0
    outer loop
      vertex 105.868 8.53266 2
      vertex 106.033 8.50819 0
      vertex 105.868 8.53266 0
    endloop
  endfacet
  facet normal -0.670418 0.741984 0
    outer loop
      vertex 107.402 8.99792 0
      vertex 107.278 8.88588 2
      vertex 107.402 8.99792 2
    endloop
  endfacet
  facet normal -0.670418 0.741984 0
    outer loop
      vertex 107.278 8.88588 2
      vertex 107.402 8.99792 0
      vertex 107.278 8.88588 0
    endloop
  endfacet
  facet normal 0.048983 0.9988 -0
    outer loop
      vertex 106.2 8.5 0
      vertex 106.033 8.50819 2
      vertex 106.2 8.5 2
    endloop
  endfacet
  facet normal 0.048983 0.9988 0
    outer loop
      vertex 106.033 8.50819 2
      vertex 106.2 8.5 0
      vertex 106.033 8.50819 0
    endloop
  endfacet
  facet normal 0.741024 -0.671478 0
    outer loop
      vertex 104.886 11.2785 2
      vertex 104.998 11.4021 0
      vertex 104.998 11.4021 2
    endloop
  endfacet
  facet normal 0.741024 -0.671478 0
    outer loop
      vertex 104.998 11.4021 0
      vertex 104.886 11.2785 2
      vertex 104.886 11.2785 0
    endloop
  endfacet
  facet normal 0.146875 -0.989155 0
    outer loop
      vertex 105.868 11.8673 0
      vertex 106.033 11.8918 2
      vertex 105.868 11.8673 2
    endloop
  endfacet
  facet normal 0.146875 -0.989155 0
    outer loop
      vertex 106.033 11.8918 2
      vertex 105.868 11.8673 0
      vertex 106.033 11.8918 0
    endloop
  endfacet
  facet normal 0.902418 -0.430863 0
    outer loop
      vertex 104.629 10.8506 2
      vertex 104.701 11.0014 0
      vertex 104.701 11.0014 2
    endloop
  endfacet
  facet normal 0.902418 -0.430863 0
    outer loop
      vertex 104.701 11.0014 0
      vertex 104.629 10.8506 2
      vertex 104.629 10.8506 0
    endloop
  endfacet
  facet normal 0.970774 -0.239994 0
    outer loop
      vertex 104.533 10.5317 2
      vertex 104.573 10.6935 0
      vertex 104.573 10.6935 2
    endloop
  endfacet
  facet normal 0.970774 -0.239994 0
    outer loop
      vertex 104.573 10.6935 0
      vertex 104.533 10.5317 2
      vertex 104.533 10.5317 0
    endloop
  endfacet
  facet normal -0.243953 -0.969787 0
    outer loop
      vertex 106.532 11.8673 0
      vertex 106.693 11.8268 2
      vertex 106.532 11.8673 2
    endloop
  endfacet
  facet normal -0.243953 -0.969787 -0
    outer loop
      vertex 106.693 11.8268 2
      vertex 106.532 11.8673 0
      vertex 106.693 11.8268 0
    endloop
  endfacet
  facet normal 0.970785 0.239952 0
    outer loop
      vertex 104.573 9.70652 2
      vertex 104.533 9.86835 0
      vertex 104.533 9.86835 2
    endloop
  endfacet
  facet normal 0.970785 0.239952 0
    outer loop
      vertex 104.533 9.86835 0
      vertex 104.573 9.70652 2
      vertex 104.573 9.70652 0
    endloop
  endfacet
  facet normal 0.42945 0.903091 -0
    outer loop
      vertex 105.549 8.6294 0
      vertex 105.399 8.70073 2
      vertex 105.549 8.6294 2
    endloop
  endfacet
  facet normal 0.42945 0.903091 0
    outer loop
      vertex 105.399 8.70073 2
      vertex 105.549 8.6294 0
      vertex 105.399 8.70073 0
    endloop
  endfacet
  facet normal 0.741051 0.671448 0
    outer loop
      vertex 104.998 8.99792 2
      vertex 104.886 9.12153 0
      vertex 104.886 9.12153 2
    endloop
  endfacet
  facet normal 0.741051 0.671448 0
    outer loop
      vertex 104.886 9.12153 0
      vertex 104.998 8.99792 2
      vertex 104.998 8.99792 0
    endloop
  endfacet
  facet normal -0.048983 0.9988 0
    outer loop
      vertex 106.367 8.50819 0
      vertex 106.2 8.5 2
      vertex 106.367 8.50819 2
    endloop
  endfacet
  facet normal -0.048983 0.9988 0
    outer loop
      vertex 106.2 8.5 2
      vertex 106.367 8.50819 0
      vertex 106.2 8.5 0
    endloop
  endfacet
  facet normal 0.988722 0.149761 0
    outer loop
      vertex 104.533 9.86835 2
      vertex 104.508 10.0334 0
      vertex 104.508 10.0334 2
    endloop
  endfacet
  facet normal 0.988722 0.149761 0
    outer loop
      vertex 104.508 10.0334 0
      vertex 104.533 9.86835 2
      vertex 104.533 9.86835 0
    endloop
  endfacet
  facet normal -0.595695 0.803211 0
    outer loop
      vertex 107.278 8.88588 0
      vertex 107.144 8.7865 2
      vertex 107.278 8.88588 2
    endloop
  endfacet
  facet normal -0.595695 0.803211 0
    outer loop
      vertex 107.144 8.7865 2
      vertex 107.278 8.88588 0
      vertex 107.144 8.7865 0
    endloop
  endfacet
  facet normal 0.801433 0.598084 0
    outer loop
      vertex 104.886 9.12153 2
      vertex 104.786 9.25553 0
      vertex 104.786 9.25553 2
    endloop
  endfacet
  facet normal 0.801433 0.598084 0
    outer loop
      vertex 104.786 9.25553 0
      vertex 104.886 9.12153 2
      vertex 104.886 9.12153 0
    endloop
  endfacet
  facet normal 0.998849 -0.0479639 0
    outer loop
      vertex 104.5 10.2 2
      vertex 104.508 10.3666 0
      vertex 104.508 10.3666 2
    endloop
  endfacet
  facet normal 0.998849 -0.0479639 0
    outer loop
      vertex 104.508 10.3666 0
      vertex 104.5 10.2 2
      vertex 104.5 10.2 0
    endloop
  endfacet
  facet normal -0.741051 0.671448 0
    outer loop
      vertex 107.402 8.99792 0
      vertex 107.514 9.12153 2
      vertex 107.514 9.12153 0
    endloop
  endfacet
  facet normal -0.741051 0.671448 0
    outer loop
      vertex 107.514 9.12153 2
      vertex 107.402 8.99792 0
      vertex 107.402 8.99792 2
    endloop
  endfacet
endsolid OpenSCAD_Model
