solid OpenSCAD_Model
  facet normal 0 -0.913812 0.406138
    outer loop
      vertex 30.7 -11 4
      vertex 38.7 -3 22
      vertex 30.7 -3 22
    endloop
  endfacet
  facet normal 0 -0.913812 0.406138
    outer loop
      vertex 38.7 -3 22
      vertex 30.7 -11 4
      vertex 38.7 -11 4
    endloop
  endfacet
  facet normal -1 0 0
    outer loop
      vertex 30.7 -3 67.5284
      vertex 30.7 3 68.7
      vertex 30.7 3 67.5284
    endloop
  endfacet
  facet normal -1 -0 0
    outer loop
      vertex 30.7 3 68.7
      vertex 30.7 -3 67.5284
      vertex 30.7 -3 68.7
    endloop
  endfacet
  facet normal -1 0 0
    outer loop
      vertex 30.7 11 4
      vertex 30.7 -3 13.8716
      vertex 30.7 3 13.8716
    endloop
  endfacet
  facet normal -1 0 0
    outer loop
      vertex 30.7 -11 4
      vertex 30.7 -3 19.5284
      vertex 30.7 -3 13.8716
    endloop
  endfacet
  facet normal -1 -0 0
    outer loop
      vertex 30.7 -3 19.5284
      vertex 30.7 -11 4
      vertex 30.7 -3 22
    endloop
  endfacet
  facet normal -1 0 0
    outer loop
      vertex 30.7 -11 4
      vertex 30.7 -3 13.8716
      vertex 30.7 11 4
    endloop
  endfacet
  facet normal -1 0 0
    outer loop
      vertex 30.7 3 19.5284
      vertex 30.7 11 4
      vertex 30.7 3 13.8716
    endloop
  endfacet
  facet normal -1 0 0
    outer loop
      vertex 30.7 3 19.5284
      vertex 30.7 3 22
      vertex 30.7 11 4
    endloop
  endfacet
  facet normal -1 0 0
    outer loop
      vertex 30.7 -3 22
      vertex 30.7 3 22
      vertex 30.7 3 19.5284
    endloop
  endfacet
  facet normal -1 0 0
    outer loop
      vertex 30.7 -3 22
      vertex 30.7 3 19.5284
      vertex 30.7 -3 19.5284
    endloop
  endfacet
  facet normal -1 0 0
    outer loop
      vertex 30.7 3 22
      vertex 30.7 -3 22
      vertex 30.7 3 41.8716
    endloop
  endfacet
  facet normal -1 -0 0
    outer loop
      vertex 30.7 3 41.8716
      vertex 30.7 -3 22
      vertex 30.7 -3 41.8716
    endloop
  endfacet
  facet normal -1 0 0
    outer loop
      vertex 30.7 -3 47.5284
      vertex 30.7 3 61.8716
      vertex 30.7 3 47.5284
    endloop
  endfacet
  facet normal -1 -0 0
    outer loop
      vertex 30.7 3 61.8716
      vertex 30.7 -3 47.5284
      vertex 30.7 -3 61.8716
    endloop
  endfacet
  facet normal 1 0 0
    outer loop
      vertex 38.7 3 68.7
      vertex 38.7 -3 68.7
      vertex 38.7 3 22
    endloop
  endfacet
  facet normal 1 0 0
    outer loop
      vertex 38.7 -3 22
      vertex 38.7 3 22
      vertex 38.7 -3 68.7
    endloop
  endfacet
  facet normal 1 -0 0
    outer loop
      vertex 38.7 -3 22
      vertex 38.7 11 4
      vertex 38.7 3 22
    endloop
  endfacet
  facet normal 1 0 0
    outer loop
      vertex 38.7 11 4
      vertex 38.7 -3 22
      vertex 38.7 -11 4
    endloop
  endfacet
  facet normal 0 0.913812 0.406138
    outer loop
      vertex 38.7 11 4
      vertex 30.7 3 22
      vertex 38.7 3 22
    endloop
  endfacet
  facet normal 0 0.913812 0.406138
    outer loop
      vertex 30.7 3 22
      vertex 38.7 11 4
      vertex 30.7 11 4
    endloop
  endfacet
  facet normal -0.707107 1.50538e-05 -0.707107
    outer loop
      vertex 2.67925 1.10978 41.8923
      vertex 1.98579 3 42.5858
      vertex 30.7 3 13.8716
    endloop
  endfacet
  facet normal -0.706998 -0 -0.707216
    outer loop
      vertex 1.98579 3 42.5858
      vertex 2.05061 2.05061 42.521
      vertex 1.98579 2.10936 42.5858
    endloop
  endfacet
  facet normal -0.707276 -3.79553e-05 -0.706938
    outer loop
      vertex 1.98579 3 42.5858
      vertex 2.24173 1.83974 42.3298
      vertex 2.05061 2.05061 42.521
    endloop
  endfacet
  facet normal -0.706983 9.13507e-05 -0.707231
    outer loop
      vertex 1.98579 3 42.5858
      vertex 2.41126 1.61115 42.1603
      vertex 2.24173 1.83974 42.3298
    endloop
  endfacet
  facet normal -0.707031 6.15316e-05 -0.707182
    outer loop
      vertex 1.98579 3 42.5858
      vertex 2.55757 1.36705 42.014
      vertex 2.41126 1.61115 42.1603
    endloop
  endfacet
  facet normal -0.707295 -0.000123338 -0.706918
    outer loop
      vertex 1.98579 3 42.5858
      vertex 2.67925 1.10978 41.8923
      vertex 2.55757 1.36705 42.014
    endloop
  endfacet
  facet normal -0.707108 5.19749e-05 -0.707106
    outer loop
      vertex 30.7 3 13.8716
      vertex 2.77513 0.841825 41.7964
      vertex 2.67925 1.10978 41.8923
    endloop
  endfacet
  facet normal -0.707101 -0.000125203 -0.707113
    outer loop
      vertex 30.7 3 13.8716
      vertex 2.84428 0.565762 41.7273
      vertex 2.77513 0.841825 41.7964
    endloop
  endfacet
  facet normal -0.707112 0.000124057 -0.707102
    outer loop
      vertex 30.7 3 13.8716
      vertex 2.88603 0.284249 41.6855
      vertex 2.84428 0.565762 41.7273
    endloop
  endfacet
  facet normal -0.707097 -0.000173218 -0.707116
    outer loop
      vertex 30.7 3 13.8716
      vertex 2.9 0 41.6716
      vertex 2.88603 0.284249 41.6855
    endloop
  endfacet
  facet normal -0.707107 0 -0.707107
    outer loop
      vertex 30.7 -3 13.8716
      vertex 2.9 0 41.6716
      vertex 30.7 3 13.8716
    endloop
  endfacet
  facet normal -0.707097 0.000173218 -0.707116
    outer loop
      vertex 2.9 0 41.6716
      vertex 30.7 -3 13.8716
      vertex 2.88603 -0.284249 41.6855
    endloop
  endfacet
  facet normal -0.707112 -0.000124057 -0.707102
    outer loop
      vertex 2.88603 -0.284249 41.6855
      vertex 30.7 -3 13.8716
      vertex 2.84428 -0.565762 41.7273
    endloop
  endfacet
  facet normal -0.707101 0.000125203 -0.707113
    outer loop
      vertex 2.84428 -0.565762 41.7273
      vertex 30.7 -3 13.8716
      vertex 2.77513 -0.841825 41.7964
    endloop
  endfacet
  facet normal -0.707108 -5.19749e-05 -0.707106
    outer loop
      vertex 2.77513 -0.841825 41.7964
      vertex 30.7 -3 13.8716
      vertex 2.67925 -1.10978 41.8923
    endloop
  endfacet
  facet normal -0.707107 -1.50538e-05 -0.707107
    outer loop
      vertex 1.98579 -3 42.5858
      vertex 2.67925 -1.10978 41.8923
      vertex 30.7 -3 13.8716
    endloop
  endfacet
  facet normal -0.707295 0.000123338 -0.706918
    outer loop
      vertex 2.67925 -1.10978 41.8923
      vertex 1.98579 -3 42.5858
      vertex 2.55757 -1.36705 42.014
    endloop
  endfacet
  facet normal -0.707031 -6.15316e-05 -0.707182
    outer loop
      vertex 2.55757 -1.36705 42.014
      vertex 1.98579 -3 42.5858
      vertex 2.41126 -1.61115 42.1603
    endloop
  endfacet
  facet normal -0.706983 -9.13507e-05 -0.707231
    outer loop
      vertex 2.41126 -1.61115 42.1603
      vertex 1.98579 -3 42.5858
      vertex 2.24173 -1.83974 42.3298
    endloop
  endfacet
  facet normal -0.707276 3.79553e-05 -0.706938
    outer loop
      vertex 2.24173 -1.83974 42.3298
      vertex 1.98579 -3 42.5858
      vertex 2.05061 -2.05061 42.521
    endloop
  endfacet
  facet normal -0.706998 0 -0.707216
    outer loop
      vertex 2.05061 -2.05061 42.521
      vertex 1.98579 -3 42.5858
      vertex 1.98579 -2.10936 42.5858
    endloop
  endfacet
  facet normal -0.803301 0 0.595573
    outer loop
      vertex 1.85398 -3 45.2688
      vertex 1.73706 -2.31788 45.1111
      vertex 1.73706 -3 45.1111
    endloop
  endfacet
  facet normal -0.803313 -5.91456e-06 0.595557
    outer loop
      vertex 1.73706 -2.31788 45.1111
      vertex 1.85398 -3 45.2688
      vertex 1.83974 -2.24173 45.2496
    endloop
  endfacet
  facet normal -0.803201 0 0.595708
    outer loop
      vertex 1.83974 -2.24173 45.2496
      vertex 1.85398 -3 45.2688
      vertex 1.85398 -2.22882 45.2688
    endloop
  endfacet
  facet normal -0.803301 0 0.595573
    outer loop
      vertex 1.73706 2.31788 45.1111
      vertex 1.85398 3 45.2688
      vertex 1.73706 3 45.1111
    endloop
  endfacet
  facet normal -0.803313 5.91456e-06 0.595557
    outer loop
      vertex 1.83974 2.24173 45.2496
      vertex 1.85398 3 45.2688
      vertex 1.73706 2.31788 45.1111
    endloop
  endfacet
  facet normal -0.803201 0 0.595708
    outer loop
      vertex 1.85398 3 45.2688
      vertex 1.83974 2.24173 45.2496
      vertex 1.85398 2.22882 45.2688
    endloop
  endfacet
  facet normal 0.336788 0 0.94158
    outer loop
      vertex 3.98057 3 45.9139
      vertex 4.16537 -3 45.8478
      vertex 4.16537 3 45.8478
    endloop
  endfacet
  facet normal 0.336788 0 0.94158
    outer loop
      vertex 4.16537 -3 45.8478
      vertex 3.98057 3 45.9139
      vertex 3.98057 -3 45.9139
    endloop
  endfacet
  facet normal 0.707107 -0 0.707107
    outer loop
      vertex 4.81421 -3 45.4142
      vertex 30.7 3 19.5284
      vertex 4.81421 3 45.4142
    endloop
  endfacet
  facet normal 0.707107 0 0.707107
    outer loop
      vertex 30.7 3 19.5284
      vertex 4.81421 -3 45.4142
      vertex 30.7 -3 19.5284
    endloop
  endfacet
  facet normal -0.24291 0 0.970049
    outer loop
      vertex 3.00982 3 45.9616
      vertex 2.9 0 45.9341
      vertex 3.00982 -3 45.9616
    endloop
  endfacet
  facet normal -0.242976 2.58671e-06 0.970032
    outer loop
      vertex 3.00982 3 45.9616
      vertex 2.88603 0.284249 45.9306
      vertex 2.9 0 45.9341
    endloop
  endfacet
  facet normal -0.243672 3.62803e-05 0.969858
    outer loop
      vertex 3.00982 3 45.9616
      vertex 2.84428 0.565762 45.9201
      vertex 2.88603 0.284249 45.9306
    endloop
  endfacet
  facet normal -0.243027 0 0.970019
    outer loop
      vertex 2.81943 0.664953 45.9139
      vertex 3.00982 3 45.9616
      vertex 2.81943 3 45.9139
    endloop
  endfacet
  facet normal -0.24231 -6.21521e-05 0.970199
    outer loop
      vertex 3.00982 3 45.9616
      vertex 2.81943 0.664953 45.9139
      vertex 2.84428 0.565762 45.9201
    endloop
  endfacet
  facet normal -0.242976 -2.58671e-06 0.970032
    outer loop
      vertex 2.88603 -0.284249 45.9306
      vertex 3.00982 -3 45.9616
      vertex 2.9 0 45.9341
    endloop
  endfacet
  facet normal -0.243672 -3.62803e-05 0.969858
    outer loop
      vertex 2.84428 -0.565762 45.9201
      vertex 3.00982 -3 45.9616
      vertex 2.88603 -0.284249 45.9306
    endloop
  endfacet
  facet normal -0.24231 6.21521e-05 0.970199
    outer loop
      vertex 2.81943 -0.664953 45.9139
      vertex 3.00982 -3 45.9616
      vertex 2.84428 -0.565762 45.9201
    endloop
  endfacet
  facet normal -0.243027 0 0.970019
    outer loop
      vertex 3.00982 -3 45.9616
      vertex 2.81943 -0.664953 45.9139
      vertex 2.81943 -3 45.9139
    endloop
  endfacet
  facet normal 0.671556 0 0.740954
    outer loop
      vertex 4.66879 3 45.546
      vertex 4.81421 -3 45.4142
      vertex 4.81421 3 45.4142
    endloop
  endfacet
  facet normal 0.671556 0 0.740954
    outer loop
      vertex 4.81421 -3 45.4142
      vertex 4.66879 3 45.546
      vertex 4.66879 -3 45.546
    endloop
  endfacet
  facet normal -0.903958 0 -0.427622
    outer loop
      vertex 1.63616 3 43.0572
      vertex 1.55224 2.44657 43.2346
      vertex 1.55224 3 43.2346
    endloop
  endfacet
  facet normal -0.90392 -3.11945e-05 -0.427701
    outer loop
      vertex 1.63616 3 43.0572
      vertex 1.61115 2.41126 43.1101
      vertex 1.55224 2.44657 43.2346
    endloop
  endfacet
  facet normal -0.904054 0 -0.427418
    outer loop
      vertex 1.61115 2.41126 43.1101
      vertex 1.63616 3 43.0572
      vertex 1.63616 2.39272 43.0572
    endloop
  endfacet
  facet normal -0.904054 0 -0.427418
    outer loop
      vertex 1.63616 -3 43.0572
      vertex 1.61115 -2.41126 43.1101
      vertex 1.63616 -2.39272 43.0572
    endloop
  endfacet
  facet normal -0.90392 3.11945e-05 -0.427701
    outer loop
      vertex 1.63616 -3 43.0572
      vertex 1.55224 -2.44657 43.2346
      vertex 1.61115 -2.41126 43.1101
    endloop
  endfacet
  facet normal -0.903958 -0 -0.427622
    outer loop
      vertex 1.55224 -2.44657 43.2346
      vertex 1.63616 -3 43.0572
      vertex 1.55224 -3 43.2346
    endloop
  endfacet
  facet normal 0 1 0
    outer loop
      vertex 3.59603 3 45.9904
      vertex 3.20397 3 45.9904
      vertex 3.4 3 46
    endloop
  endfacet
  facet normal 0 1 0
    outer loop
      vertex 3.79018 3 45.9616
      vertex 3.20397 3 45.9904
      vertex 3.59603 3 45.9904
    endloop
  endfacet
  facet normal 0 1 0
    outer loop
      vertex 3.79018 3 45.9616
      vertex 3.00982 3 45.9616
      vertex 3.20397 3 45.9904
    endloop
  endfacet
  facet normal 0 1 0
    outer loop
      vertex 3.98057 3 45.9139
      vertex 3.00982 3 45.9616
      vertex 3.79018 3 45.9616
    endloop
  endfacet
  facet normal 0 1 0
    outer loop
      vertex 3.98057 3 45.9139
      vertex 2.81943 3 45.9139
      vertex 3.00982 3 45.9616
    endloop
  endfacet
  facet normal 0 1 0
    outer loop
      vertex 4.16537 3 45.8478
      vertex 2.81943 3 45.9139
      vertex 3.98057 3 45.9139
    endloop
  endfacet
  facet normal 0 1 0
    outer loop
      vertex 4.16537 3 45.8478
      vertex 2.63463 3 45.8478
      vertex 2.81943 3 45.9139
    endloop
  endfacet
  facet normal 0 1 0
    outer loop
      vertex 4.34279 3 45.7638
      vertex 2.63463 3 45.8478
      vertex 4.16537 3 45.8478
    endloop
  endfacet
  facet normal 0 1 0
    outer loop
      vertex 4.34279 3 45.7638
      vertex 2.45721 3 45.7638
      vertex 2.63463 3 45.8478
    endloop
  endfacet
  facet normal 0 1 0
    outer loop
      vertex 4.51114 3 45.6629
      vertex 2.45721 3 45.7638
      vertex 4.34279 3 45.7638
    endloop
  endfacet
  facet normal 0 1 0
    outer loop
      vertex 4.51114 3 45.6629
      vertex 2.28886 3 45.6629
      vertex 2.45721 3 45.7638
    endloop
  endfacet
  facet normal 0 1 0
    outer loop
      vertex 4.66879 3 45.546
      vertex 2.28886 3 45.6629
      vertex 4.51114 3 45.6629
    endloop
  endfacet
  facet normal 0 1 0
    outer loop
      vertex 4.66879 3 45.546
      vertex 2.13121 3 45.546
      vertex 2.28886 3 45.6629
    endloop
  endfacet
  facet normal 0 1 0
    outer loop
      vertex 4.81421 3 45.4142
      vertex 2.13121 3 45.546
      vertex 4.66879 3 45.546
    endloop
  endfacet
  facet normal 0 1 0
    outer loop
      vertex 4.81421 3 45.4142
      vertex 1.98579 3 45.4142
      vertex 2.13121 3 45.546
    endloop
  endfacet
  facet normal 0 1 0
    outer loop
      vertex 4.81421 3 45.4142
      vertex 1.85398 3 45.2688
      vertex 1.98579 3 45.4142
    endloop
  endfacet
  facet normal 0 1 0
    outer loop
      vertex 4.81421 3 45.4142
      vertex 1.73706 3 45.1111
      vertex 1.85398 3 45.2688
    endloop
  endfacet
  facet normal 0 1 0
    outer loop
      vertex 4.81421 3 45.4142
      vertex 1.63616 3 44.9428
      vertex 1.73706 3 45.1111
    endloop
  endfacet
  facet normal 0 1 0
    outer loop
      vertex 4.81421 3 45.4142
      vertex 1.55224 3 44.7654
      vertex 1.63616 3 44.9428
    endloop
  endfacet
  facet normal 0 1 0
    outer loop
      vertex 4.81421 3 45.4142
      vertex 1.48612 3 44.5806
      vertex 1.55224 3 44.7654
    endloop
  endfacet
  facet normal 0 1 0
    outer loop
      vertex 4.81421 3 45.4142
      vertex 1.43843 3 44.3902
      vertex 1.48612 3 44.5806
    endloop
  endfacet
  facet normal 0 1 0
    outer loop
      vertex 4.81421 3 45.4142
      vertex 1.40963 3 44.196
      vertex 1.43843 3 44.3902
    endloop
  endfacet
  facet normal 0 1 0
    outer loop
      vertex 4.81421 3 45.4142
      vertex 1.4 3 44
      vertex 1.40963 3 44.196
    endloop
  endfacet
  facet normal 0 1 0
    outer loop
      vertex 4.81421 3 45.4142
      vertex 1.40963 3 43.804
      vertex 1.4 3 44
    endloop
  endfacet
  facet normal 0 1 0
    outer loop
      vertex 4.81421 3 45.4142
      vertex 1.43843 3 43.6098
      vertex 1.40963 3 43.804
    endloop
  endfacet
  facet normal 0 1 0
    outer loop
      vertex 4.81421 3 45.4142
      vertex 1.48612 3 43.4194
      vertex 1.43843 3 43.6098
    endloop
  endfacet
  facet normal 0 1 0
    outer loop
      vertex 4.81421 3 45.4142
      vertex 1.55224 3 43.2346
      vertex 1.48612 3 43.4194
    endloop
  endfacet
  facet normal 0 1 0
    outer loop
      vertex 4.81421 3 45.4142
      vertex 1.63616 3 43.0572
      vertex 1.55224 3 43.2346
    endloop
  endfacet
  facet normal 0 1 0
    outer loop
      vertex 4.81421 3 45.4142
      vertex 1.73706 3 42.8889
      vertex 1.63616 3 43.0572
    endloop
  endfacet
  facet normal 0 1 0
    outer loop
      vertex 4.81421 3 45.4142
      vertex 1.85398 3 42.7312
      vertex 1.73706 3 42.8889
    endloop
  endfacet
  facet normal 0 1 0
    outer loop
      vertex 4.81421 3 45.4142
      vertex 1.98579 3 42.5858
      vertex 1.85398 3 42.7312
    endloop
  endfacet
  facet normal 0 1 0
    outer loop
      vertex 30.7 3 19.5284
      vertex 1.98579 3 42.5858
      vertex 4.81421 3 45.4142
    endloop
  endfacet
  facet normal 0 1 0
    outer loop
      vertex 1.98579 3 42.5858
      vertex 30.7 3 19.5284
      vertex 30.7 3 13.8716
    endloop
  endfacet
  facet normal 0.59563 0 0.803259
    outer loop
      vertex 4.51114 3 45.6629
      vertex 4.66879 -3 45.546
      vertex 4.66879 3 45.546
    endloop
  endfacet
  facet normal 0.59563 0 0.803259
    outer loop
      vertex 4.66879 -3 45.546
      vertex 4.51114 3 45.6629
      vertex 4.51114 -3 45.6629
    endloop
  endfacet
  facet normal 0.0489135 0 0.998803
    outer loop
      vertex 3.4 3 46
      vertex 3.59603 -3 45.9904
      vertex 3.59603 3 45.9904
    endloop
  endfacet
  facet normal 0.0489135 0 0.998803
    outer loop
      vertex 3.59603 -3 45.9904
      vertex 3.4 3 46
      vertex 3.4 -3 46
    endloop
  endfacet
  facet normal -0.671298 0 0.741187
    outer loop
      vertex 2.05061 -2.05061 45.473
      vertex 2.13121 -3 45.546
      vertex 2.13121 -1.96168 45.546
    endloop
  endfacet
  facet normal -0.671835 -8.29276e-05 0.740701
    outer loop
      vertex 1.98579 -2.10936 45.4142
      vertex 2.13121 -3 45.546
      vertex 2.05061 -2.05061 45.473
    endloop
  endfacet
  facet normal -0.671556 0 0.740954
    outer loop
      vertex 2.13121 -3 45.546
      vertex 1.98579 -2.10936 45.4142
      vertex 1.98579 -3 45.4142
    endloop
  endfacet
  facet normal -0.671298 0 0.741187
    outer loop
      vertex 2.13121 3 45.546
      vertex 2.05061 2.05061 45.473
      vertex 2.13121 1.96168 45.546
    endloop
  endfacet
  facet normal -0.671556 0 0.740954
    outer loop
      vertex 1.98579 2.10936 45.4142
      vertex 2.13121 3 45.546
      vertex 1.98579 3 45.4142
    endloop
  endfacet
  facet normal -0.671835 8.29276e-05 0.740701
    outer loop
      vertex 2.13121 3 45.546
      vertex 1.98579 2.10936 45.4142
      vertex 2.05061 2.05061 45.473
    endloop
  endfacet
  facet normal -0.989182 0 0.146696
    outer loop
      vertex 1.43843 -3 44.3902
      vertex 1.40963 -2.53205 44.196
      vertex 1.40963 -3 44.196
    endloop
  endfacet
  facet normal -0.989182 0 0.146696
    outer loop
      vertex 1.40963 -2.53205 44.196
      vertex 1.43843 -3 44.3902
      vertex 1.43843 -2.51479 44.3902
    endloop
  endfacet
  facet normal -0.989182 0 0.146696
    outer loop
      vertex 1.40963 2.53205 44.196
      vertex 1.43843 3 44.3902
      vertex 1.40963 3 44.196
    endloop
  endfacet
  facet normal -0.989182 0 0.146696
    outer loop
      vertex 1.43843 3 44.3902
      vertex 1.40963 2.53205 44.196
      vertex 1.43843 2.51479 44.3902
    endloop
  endfacet
  facet normal -0.970035 0 0.242967
    outer loop
      vertex 1.43843 2.51479 44.3902
      vertex 1.48612 3 44.5806
      vertex 1.43843 3 44.3902
    endloop
  endfacet
  facet normal -0.970035 0 0.242967
    outer loop
      vertex 1.48612 3 44.5806
      vertex 1.43843 2.51479 44.3902
      vertex 1.48612 2.4862 44.5806
    endloop
  endfacet
  facet normal -0.970035 0 0.242967
    outer loop
      vertex 1.48612 -3 44.5806
      vertex 1.43843 -2.51479 44.3902
      vertex 1.43843 -3 44.3902
    endloop
  endfacet
  facet normal -0.970035 0 0.242967
    outer loop
      vertex 1.43843 -2.51479 44.3902
      vertex 1.48612 -3 44.5806
      vertex 1.48612 -2.4862 44.5806
    endloop
  endfacet
  facet normal -0.857673 0 0.514196
    outer loop
      vertex 1.63616 2.39272 44.9428
      vertex 1.73706 3 45.1111
      vertex 1.63616 3 44.9428
    endloop
  endfacet
  facet normal -0.857673 0 0.514196
    outer loop
      vertex 1.73706 3 45.1111
      vertex 1.63616 2.39272 44.9428
      vertex 1.73706 2.31788 45.1111
    endloop
  endfacet
  facet normal -0.857673 0 0.514196
    outer loop
      vertex 1.73706 -3 45.1111
      vertex 1.63616 -2.39272 44.9428
      vertex 1.63616 -3 44.9428
    endloop
  endfacet
  facet normal -0.857673 0 0.514196
    outer loop
      vertex 1.63616 -2.39272 44.9428
      vertex 1.73706 -3 45.1111
      vertex 1.73706 -2.31788 45.1111
    endloop
  endfacet
  facet normal -0.998795 0 -0.0490735
    outer loop
      vertex 1.40963 3 43.804
      vertex 1.4 2.53782 44
      vertex 1.4 3 44
    endloop
  endfacet
  facet normal -0.998795 0 -0.0490735
    outer loop
      vertex 1.4 2.53782 44
      vertex 1.40963 3 43.804
      vertex 1.40963 2.53205 43.804
    endloop
  endfacet
  facet normal -0.998795 0 -0.0490735
    outer loop
      vertex 1.40963 -3 43.804
      vertex 1.4 -2.53782 44
      vertex 1.40963 -2.53205 43.804
    endloop
  endfacet
  facet normal -0.998795 -0 -0.0490735
    outer loop
      vertex 1.4 -2.53782 44
      vertex 1.40963 -3 43.804
      vertex 1.4 -3 44
    endloop
  endfacet
  facet normal 0.427916 0 0.903819
    outer loop
      vertex 4.16537 3 45.8478
      vertex 4.34279 -3 45.7638
      vertex 4.34279 3 45.7638
    endloop
  endfacet
  facet normal 0.427916 0 0.903819
    outer loop
      vertex 4.34279 -3 45.7638
      vertex 4.16537 3 45.8478
      vertex 4.16537 -3 45.8478
    endloop
  endfacet
  facet normal -0.740882 0 -0.671635
    outer loop
      vertex 1.98579 -3 42.5858
      vertex 1.85398 -2.22882 42.7312
      vertex 1.98579 -2.10936 42.5858
    endloop
  endfacet
  facet normal -0.740882 -0 -0.671635
    outer loop
      vertex 1.85398 -2.22882 42.7312
      vertex 1.98579 -3 42.5858
      vertex 1.85398 -3 42.7312
    endloop
  endfacet
  facet normal -0.740882 0 -0.671635
    outer loop
      vertex 1.98579 3 42.5858
      vertex 1.85398 2.22882 42.7312
      vertex 1.85398 3 42.7312
    endloop
  endfacet
  facet normal -0.740882 0 -0.671635
    outer loop
      vertex 1.85398 2.22882 42.7312
      vertex 1.98579 3 42.5858
      vertex 1.98579 2.10936 42.5858
    endloop
  endfacet
  facet normal -0.337816 0 0.941212
    outer loop
      vertex 2.77513 -0.841825 45.898
      vertex 2.81943 -3 45.9139
      vertex 2.81943 -0.664953 45.9139
    endloop
  endfacet
  facet normal -0.336887 2.15251e-05 0.941545
    outer loop
      vertex 2.67925 -1.10978 45.8637
      vertex 2.81943 -3 45.9139
      vertex 2.77513 -0.841825 45.898
    endloop
  endfacet
  facet normal -0.335868 0.000106793 0.941909
    outer loop
      vertex 2.63463 -1.20412 45.8478
      vertex 2.81943 -3 45.9139
      vertex 2.67925 -1.10978 45.8637
    endloop
  endfacet
  facet normal -0.336788 0 0.94158
    outer loop
      vertex 2.81943 -3 45.9139
      vertex 2.63463 -1.20412 45.8478
      vertex 2.63463 -3 45.8478
    endloop
  endfacet
  facet normal -0.337816 0 0.941212
    outer loop
      vertex 2.81943 3 45.9139
      vertex 2.77513 0.841825 45.898
      vertex 2.81943 0.664953 45.9139
    endloop
  endfacet
  facet normal -0.336887 -2.15251e-05 0.941545
    outer loop
      vertex 2.81943 3 45.9139
      vertex 2.67925 1.10978 45.8637
      vertex 2.77513 0.841825 45.898
    endloop
  endfacet
  facet normal -0.336788 0 0.94158
    outer loop
      vertex 2.63463 1.20412 45.8478
      vertex 2.81943 3 45.9139
      vertex 2.63463 3 45.8478
    endloop
  endfacet
  facet normal -0.335868 -0.000106793 0.941909
    outer loop
      vertex 2.81943 3 45.9139
      vertex 2.63463 1.20412 45.8478
      vertex 2.67925 1.10978 45.8637
    endloop
  endfacet
  facet normal -0.903958 0 0.427622
    outer loop
      vertex 1.63616 -3 44.9428
      vertex 1.55224 -2.44657 44.7654
      vertex 1.55224 -3 44.7654
    endloop
  endfacet
  facet normal -0.90392 3.11945e-05 0.427701
    outer loop
      vertex 1.55224 -2.44657 44.7654
      vertex 1.63616 -3 44.9428
      vertex 1.61115 -2.41126 44.8899
    endloop
  endfacet
  facet normal -0.904054 0 0.427418
    outer loop
      vertex 1.61115 -2.41126 44.8899
      vertex 1.63616 -3 44.9428
      vertex 1.63616 -2.39272 44.9428
    endloop
  endfacet
  facet normal -0.903958 0 0.427622
    outer loop
      vertex 1.55224 2.44657 44.7654
      vertex 1.63616 3 44.9428
      vertex 1.55224 3 44.7654
    endloop
  endfacet
  facet normal -0.90392 -3.11945e-05 0.427701
    outer loop
      vertex 1.61115 2.41126 44.8899
      vertex 1.63616 3 44.9428
      vertex 1.55224 2.44657 44.7654
    endloop
  endfacet
  facet normal -0.904054 0 0.427418
    outer loop
      vertex 1.63616 3 44.9428
      vertex 1.61115 2.41126 44.8899
      vertex 1.63616 2.39272 44.9428
    endloop
  endfacet
  facet normal -0.989182 0 -0.146696
    outer loop
      vertex 1.43843 3 43.6098
      vertex 1.40963 2.53205 43.804
      vertex 1.40963 3 43.804
    endloop
  endfacet
  facet normal -0.989182 0 -0.146696
    outer loop
      vertex 1.40963 2.53205 43.804
      vertex 1.43843 3 43.6098
      vertex 1.43843 2.51479 43.6098
    endloop
  endfacet
  facet normal -0.989182 0 -0.146696
    outer loop
      vertex 1.43843 -3 43.6098
      vertex 1.40963 -2.53205 43.804
      vertex 1.43843 -2.51479 43.6098
    endloop
  endfacet
  facet normal -0.989182 -0 -0.146696
    outer loop
      vertex 1.40963 -2.53205 43.804
      vertex 1.43843 -3 43.6098
      vertex 1.40963 -3 43.804
    endloop
  endfacet
  facet normal -0.513534 0 0.858069
    outer loop
      vertex 2.45721 3 45.7638
      vertex 2.41126 1.61115 45.7363
      vertex 2.45721 1.5345 45.7638
    endloop
  endfacet
  facet normal -0.514084 0 0.85774
    outer loop
      vertex 2.28886 1.77619 45.6629
      vertex 2.45721 3 45.7638
      vertex 2.28886 3 45.6629
    endloop
  endfacet
  facet normal -0.514257 3.25033e-05 0.857636
    outer loop
      vertex 2.45721 3 45.7638
      vertex 2.28886 1.77619 45.6629
      vertex 2.41126 1.61115 45.7363
    endloop
  endfacet
  facet normal -0.513534 0 0.858069
    outer loop
      vertex 2.41126 -1.61115 45.7363
      vertex 2.45721 -3 45.7638
      vertex 2.45721 -1.5345 45.7638
    endloop
  endfacet
  facet normal -0.514257 -3.25033e-05 0.857636
    outer loop
      vertex 2.28886 -1.77619 45.6629
      vertex 2.45721 -3 45.7638
      vertex 2.41126 -1.61115 45.7363
    endloop
  endfacet
  facet normal -0.514084 0 0.85774
    outer loop
      vertex 2.45721 -3 45.7638
      vertex 2.28886 -1.77619 45.6629
      vertex 2.28886 -3 45.6629
    endloop
  endfacet
  facet normal 0.514084 0 0.85774
    outer loop
      vertex 4.34279 3 45.7638
      vertex 4.51114 -3 45.6629
      vertex 4.51114 3 45.6629
    endloop
  endfacet
  facet normal 0.514084 0 0.85774
    outer loop
      vertex 4.51114 -3 45.6629
      vertex 4.34279 3 45.7638
      vertex 4.34279 -3 45.7638
    endloop
  endfacet
  facet normal -0.595105 0 0.803648
    outer loop
      vertex 2.24173 -1.83974 45.628
      vertex 2.28886 -3 45.6629
      vertex 2.28886 -1.77619 45.6629
    endloop
  endfacet
  facet normal -0.595821 -4.50296e-05 0.803117
    outer loop
      vertex 2.13121 -1.96168 45.546
      vertex 2.28886 -3 45.6629
      vertex 2.24173 -1.83974 45.628
    endloop
  endfacet
  facet normal -0.59563 0 0.803259
    outer loop
      vertex 2.28886 -3 45.6629
      vertex 2.13121 -1.96168 45.546
      vertex 2.13121 -3 45.546
    endloop
  endfacet
  facet normal -0.595105 0 0.803648
    outer loop
      vertex 2.28886 3 45.6629
      vertex 2.24173 1.83974 45.628
      vertex 2.28886 1.77619 45.6629
    endloop
  endfacet
  facet normal -0.59563 0 0.803259
    outer loop
      vertex 2.13121 1.96168 45.546
      vertex 2.28886 3 45.6629
      vertex 2.13121 3 45.546
    endloop
  endfacet
  facet normal -0.595821 4.50296e-05 0.803117
    outer loop
      vertex 2.28886 3 45.6629
      vertex 2.13121 1.96168 45.546
      vertex 2.24173 1.83974 45.628
    endloop
  endfacet
  facet normal -0.941548 0 0.336879
    outer loop
      vertex 1.55224 -3 44.7654
      vertex 1.48612 -2.4862 44.5806
      vertex 1.48612 -3 44.5806
    endloop
  endfacet
  facet normal -0.941548 0 0.336879
    outer loop
      vertex 1.48612 -2.4862 44.5806
      vertex 1.55224 -3 44.7654
      vertex 1.55224 -2.44657 44.7654
    endloop
  endfacet
  facet normal -0.941548 0 0.336879
    outer loop
      vertex 1.48612 2.4862 44.5806
      vertex 1.55224 3 44.7654
      vertex 1.48612 3 44.5806
    endloop
  endfacet
  facet normal -0.941548 0 0.336879
    outer loop
      vertex 1.55224 3 44.7654
      vertex 1.48612 2.4862 44.5806
      vertex 1.55224 2.44657 44.7654
    endloop
  endfacet
  facet normal -0.740882 0 0.671635
    outer loop
      vertex 1.98579 -3 45.4142
      vertex 1.85398 -2.22882 45.2688
      vertex 1.85398 -3 45.2688
    endloop
  endfacet
  facet normal -0.740882 0 0.671635
    outer loop
      vertex 1.85398 -2.22882 45.2688
      vertex 1.98579 -3 45.4142
      vertex 1.98579 -2.10936 45.4142
    endloop
  endfacet
  facet normal -0.740882 0 0.671635
    outer loop
      vertex 1.85398 2.22882 45.2688
      vertex 1.98579 3 45.4142
      vertex 1.85398 3 45.2688
    endloop
  endfacet
  facet normal -0.740882 0 0.671635
    outer loop
      vertex 1.98579 3 45.4142
      vertex 1.85398 2.22882 45.2688
      vertex 1.98579 2.10936 45.4142
    endloop
  endfacet
  facet normal -0.428066 0 0.903747
    outer loop
      vertex 2.63463 3 45.8478
      vertex 2.55757 1.36705 45.8113
      vertex 2.63463 1.20412 45.8478
    endloop
  endfacet
  facet normal -0.427916 0 0.903819
    outer loop
      vertex 2.45721 1.5345 45.7638
      vertex 2.63463 3 45.8478
      vertex 2.45721 3 45.7638
    endloop
  endfacet
  facet normal -0.427819 -1.42646e-05 0.903864
    outer loop
      vertex 2.63463 3 45.8478
      vertex 2.45721 1.5345 45.7638
      vertex 2.55757 1.36705 45.8113
    endloop
  endfacet
  facet normal -0.428066 0 0.903747
    outer loop
      vertex 2.55757 -1.36705 45.8113
      vertex 2.63463 -3 45.8478
      vertex 2.63463 -1.20412 45.8478
    endloop
  endfacet
  facet normal -0.427819 1.42646e-05 0.903864
    outer loop
      vertex 2.45721 -1.5345 45.7638
      vertex 2.63463 -3 45.8478
      vertex 2.55757 -1.36705 45.8113
    endloop
  endfacet
  facet normal -0.427916 0 0.903819
    outer loop
      vertex 2.63463 -3 45.8478
      vertex 2.45721 -1.5345 45.7638
      vertex 2.45721 -3 45.7638
    endloop
  endfacet
  facet normal -0.998795 0 0.0490735
    outer loop
      vertex 1.40963 -3 44.196
      vertex 1.4 -2.53782 44
      vertex 1.4 -3 44
    endloop
  endfacet
  facet normal -0.998795 0 0.0490735
    outer loop
      vertex 1.4 -2.53782 44
      vertex 1.40963 -3 44.196
      vertex 1.40963 -2.53205 44.196
    endloop
  endfacet
  facet normal -0.998795 0 0.0490735
    outer loop
      vertex 1.4 2.53782 44
      vertex 1.40963 3 44.196
      vertex 1.4 3 44
    endloop
  endfacet
  facet normal -0.998795 0 0.0490735
    outer loop
      vertex 1.40963 3 44.196
      vertex 1.4 2.53782 44
      vertex 1.40963 2.53205 44.196
    endloop
  endfacet
  facet normal -0.146733 0 0.989176
    outer loop
      vertex 3.00982 3 45.9616
      vertex 3.20397 -3 45.9904
      vertex 3.20397 3 45.9904
    endloop
  endfacet
  facet normal -0.146733 0 0.989176
    outer loop
      vertex 3.20397 -3 45.9904
      vertex 3.00982 3 45.9616
      vertex 3.00982 -3 45.9616
    endloop
  endfacet
  facet normal -0.941548 0 -0.336879
    outer loop
      vertex 1.55224 3 43.2346
      vertex 1.48612 2.4862 43.4194
      vertex 1.48612 3 43.4194
    endloop
  endfacet
  facet normal -0.941548 0 -0.336879
    outer loop
      vertex 1.48612 2.4862 43.4194
      vertex 1.55224 3 43.2346
      vertex 1.55224 2.44657 43.2346
    endloop
  endfacet
  facet normal -0.941548 0 -0.336879
    outer loop
      vertex 1.55224 -3 43.2346
      vertex 1.48612 -2.4862 43.4194
      vertex 1.55224 -2.44657 43.2346
    endloop
  endfacet
  facet normal -0.941548 -0 -0.336879
    outer loop
      vertex 1.48612 -2.4862 43.4194
      vertex 1.55224 -3 43.2346
      vertex 1.48612 -3 43.4194
    endloop
  endfacet
  facet normal -0.857673 0 -0.514196
    outer loop
      vertex 1.73706 3 42.8889
      vertex 1.63616 2.39272 43.0572
      vertex 1.63616 3 43.0572
    endloop
  endfacet
  facet normal -0.857673 0 -0.514196
    outer loop
      vertex 1.63616 2.39272 43.0572
      vertex 1.73706 3 42.8889
      vertex 1.73706 2.31788 42.8889
    endloop
  endfacet
  facet normal -0.857673 0 -0.514196
    outer loop
      vertex 1.73706 -3 42.8889
      vertex 1.63616 -2.39272 43.0572
      vertex 1.73706 -2.31788 42.8889
    endloop
  endfacet
  facet normal -0.857673 -0 -0.514196
    outer loop
      vertex 1.63616 -2.39272 43.0572
      vertex 1.73706 -3 42.8889
      vertex 1.63616 -3 43.0572
    endloop
  endfacet
  facet normal -0.803201 0 -0.595708
    outer loop
      vertex 1.85398 -3 42.7312
      vertex 1.83974 -2.24173 42.7504
      vertex 1.85398 -2.22882 42.7312
    endloop
  endfacet
  facet normal -0.803313 -5.91456e-06 -0.595557
    outer loop
      vertex 1.85398 -3 42.7312
      vertex 1.73706 -2.31788 42.8889
      vertex 1.83974 -2.24173 42.7504
    endloop
  endfacet
  facet normal -0.803301 -0 -0.595573
    outer loop
      vertex 1.73706 -2.31788 42.8889
      vertex 1.85398 -3 42.7312
      vertex 1.73706 -3 42.8889
    endloop
  endfacet
  facet normal -0.803301 0 -0.595573
    outer loop
      vertex 1.85398 3 42.7312
      vertex 1.73706 2.31788 42.8889
      vertex 1.73706 3 42.8889
    endloop
  endfacet
  facet normal -0.803313 5.91456e-06 -0.595557
    outer loop
      vertex 1.85398 3 42.7312
      vertex 1.83974 2.24173 42.7504
      vertex 1.73706 2.31788 42.8889
    endloop
  endfacet
  facet normal -0.803201 0 -0.595708
    outer loop
      vertex 1.83974 2.24173 42.7504
      vertex 1.85398 3 42.7312
      vertex 1.85398 2.22882 42.7312
    endloop
  endfacet
  facet normal 0.243027 0 0.970019
    outer loop
      vertex 3.79018 3 45.9616
      vertex 3.98057 -3 45.9139
      vertex 3.98057 3 45.9139
    endloop
  endfacet
  facet normal 0.243027 0 0.970019
    outer loop
      vertex 3.98057 -3 45.9139
      vertex 3.79018 3 45.9616
      vertex 3.79018 -3 45.9616
    endloop
  endfacet
  facet normal 0.146733 0 0.989176
    outer loop
      vertex 3.59603 3 45.9904
      vertex 3.79018 -3 45.9616
      vertex 3.79018 3 45.9616
    endloop
  endfacet
  facet normal 0.146733 0 0.989176
    outer loop
      vertex 3.79018 -3 45.9616
      vertex 3.59603 3 45.9904
      vertex 3.59603 -3 45.9904
    endloop
  endfacet
  facet normal -0.0489135 0 0.998803
    outer loop
      vertex 3.20397 3 45.9904
      vertex 3.4 -3 46
      vertex 3.4 3 46
    endloop
  endfacet
  facet normal -0.0489135 0 0.998803
    outer loop
      vertex 3.4 -3 46
      vertex 3.20397 3 45.9904
      vertex 3.20397 -3 45.9904
    endloop
  endfacet
  facet normal -0.970035 0 -0.242967
    outer loop
      vertex 1.48612 3 43.4194
      vertex 1.43843 2.51479 43.6098
      vertex 1.43843 3 43.6098
    endloop
  endfacet
  facet normal -0.970035 0 -0.242967
    outer loop
      vertex 1.43843 2.51479 43.6098
      vertex 1.48612 3 43.4194
      vertex 1.48612 2.4862 43.4194
    endloop
  endfacet
  facet normal -0.970035 0 -0.242967
    outer loop
      vertex 1.48612 -3 43.4194
      vertex 1.43843 -2.51479 43.6098
      vertex 1.48612 -2.4862 43.4194
    endloop
  endfacet
  facet normal -0.970035 -0 -0.242967
    outer loop
      vertex 1.43843 -2.51479 43.6098
      vertex 1.48612 -3 43.4194
      vertex 1.43843 -3 43.6098
    endloop
  endfacet
  facet normal 0 -1 0
    outer loop
      vertex 3.20397 -3 45.9904
      vertex 3.59603 -3 45.9904
      vertex 3.4 -3 46
    endloop
  endfacet
  facet normal 0 -1 0
    outer loop
      vertex 3.00982 -3 45.9616
      vertex 3.59603 -3 45.9904
      vertex 3.20397 -3 45.9904
    endloop
  endfacet
  facet normal 0 -1 0
    outer loop
      vertex 3.00982 -3 45.9616
      vertex 3.79018 -3 45.9616
      vertex 3.59603 -3 45.9904
    endloop
  endfacet
  facet normal 0 -1 0
    outer loop
      vertex 2.81943 -3 45.9139
      vertex 3.79018 -3 45.9616
      vertex 3.00982 -3 45.9616
    endloop
  endfacet
  facet normal 0 -1 0
    outer loop
      vertex 2.81943 -3 45.9139
      vertex 3.98057 -3 45.9139
      vertex 3.79018 -3 45.9616
    endloop
  endfacet
  facet normal 0 -1 0
    outer loop
      vertex 2.63463 -3 45.8478
      vertex 3.98057 -3 45.9139
      vertex 2.81943 -3 45.9139
    endloop
  endfacet
  facet normal 0 -1 0
    outer loop
      vertex 2.63463 -3 45.8478
      vertex 4.16537 -3 45.8478
      vertex 3.98057 -3 45.9139
    endloop
  endfacet
  facet normal 0 -1 0
    outer loop
      vertex 2.45721 -3 45.7638
      vertex 4.16537 -3 45.8478
      vertex 2.63463 -3 45.8478
    endloop
  endfacet
  facet normal 0 -1 0
    outer loop
      vertex 2.45721 -3 45.7638
      vertex 4.34279 -3 45.7638
      vertex 4.16537 -3 45.8478
    endloop
  endfacet
  facet normal 0 -1 0
    outer loop
      vertex 2.28886 -3 45.6629
      vertex 4.34279 -3 45.7638
      vertex 2.45721 -3 45.7638
    endloop
  endfacet
  facet normal 0 -1 0
    outer loop
      vertex 2.28886 -3 45.6629
      vertex 4.51114 -3 45.6629
      vertex 4.34279 -3 45.7638
    endloop
  endfacet
  facet normal 0 -1 0
    outer loop
      vertex 2.13121 -3 45.546
      vertex 4.51114 -3 45.6629
      vertex 2.28886 -3 45.6629
    endloop
  endfacet
  facet normal 0 -1 0
    outer loop
      vertex 2.13121 -3 45.546
      vertex 4.66879 -3 45.546
      vertex 4.51114 -3 45.6629
    endloop
  endfacet
  facet normal 0 -1 0
    outer loop
      vertex 1.98579 -3 45.4142
      vertex 4.66879 -3 45.546
      vertex 2.13121 -3 45.546
    endloop
  endfacet
  facet normal 0 -1 0
    outer loop
      vertex 1.98579 -3 45.4142
      vertex 4.81421 -3 45.4142
      vertex 4.66879 -3 45.546
    endloop
  endfacet
  facet normal 0 -1 0
    outer loop
      vertex 1.85398 -3 45.2688
      vertex 4.81421 -3 45.4142
      vertex 1.98579 -3 45.4142
    endloop
  endfacet
  facet normal 0 -1 0
    outer loop
      vertex 1.73706 -3 45.1111
      vertex 4.81421 -3 45.4142
      vertex 1.85398 -3 45.2688
    endloop
  endfacet
  facet normal 0 -1 0
    outer loop
      vertex 1.63616 -3 44.9428
      vertex 4.81421 -3 45.4142
      vertex 1.73706 -3 45.1111
    endloop
  endfacet
  facet normal 0 -1 0
    outer loop
      vertex 1.55224 -3 44.7654
      vertex 4.81421 -3 45.4142
      vertex 1.63616 -3 44.9428
    endloop
  endfacet
  facet normal 0 -1 0
    outer loop
      vertex 1.48612 -3 44.5806
      vertex 4.81421 -3 45.4142
      vertex 1.55224 -3 44.7654
    endloop
  endfacet
  facet normal 0 -1 0
    outer loop
      vertex 1.43843 -3 44.3902
      vertex 4.81421 -3 45.4142
      vertex 1.48612 -3 44.5806
    endloop
  endfacet
  facet normal 0 -1 0
    outer loop
      vertex 1.40963 -3 44.196
      vertex 4.81421 -3 45.4142
      vertex 1.43843 -3 44.3902
    endloop
  endfacet
  facet normal 0 -1 0
    outer loop
      vertex 1.4 -3 44
      vertex 4.81421 -3 45.4142
      vertex 1.40963 -3 44.196
    endloop
  endfacet
  facet normal 0 -1 0
    outer loop
      vertex 1.40963 -3 43.804
      vertex 4.81421 -3 45.4142
      vertex 1.4 -3 44
    endloop
  endfacet
  facet normal 0 -1 0
    outer loop
      vertex 1.43843 -3 43.6098
      vertex 4.81421 -3 45.4142
      vertex 1.40963 -3 43.804
    endloop
  endfacet
  facet normal 0 -1 0
    outer loop
      vertex 1.48612 -3 43.4194
      vertex 4.81421 -3 45.4142
      vertex 1.43843 -3 43.6098
    endloop
  endfacet
  facet normal 0 -1 0
    outer loop
      vertex 1.55224 -3 43.2346
      vertex 4.81421 -3 45.4142
      vertex 1.48612 -3 43.4194
    endloop
  endfacet
  facet normal 0 -1 0
    outer loop
      vertex 1.63616 -3 43.0572
      vertex 4.81421 -3 45.4142
      vertex 1.55224 -3 43.2346
    endloop
  endfacet
  facet normal 0 -1 0
    outer loop
      vertex 1.73706 -3 42.8889
      vertex 4.81421 -3 45.4142
      vertex 1.63616 -3 43.0572
    endloop
  endfacet
  facet normal 0 -1 0
    outer loop
      vertex 1.85398 -3 42.7312
      vertex 4.81421 -3 45.4142
      vertex 1.73706 -3 42.8889
    endloop
  endfacet
  facet normal 0 -1 0
    outer loop
      vertex 1.98579 -3 42.5858
      vertex 4.81421 -3 45.4142
      vertex 1.85398 -3 42.7312
    endloop
  endfacet
  facet normal 0 -1 0
    outer loop
      vertex 1.98579 -3 42.5858
      vertex 30.7 -3 19.5284
      vertex 4.81421 -3 45.4142
    endloop
  endfacet
  facet normal -0 -1 -0
    outer loop
      vertex 30.7 -3 19.5284
      vertex 1.98579 -3 42.5858
      vertex 30.7 -3 13.8716
    endloop
  endfacet
  facet normal 0.427916 0 0.903819
    outer loop
      vertex 4.16537 3 73.8478
      vertex 4.34279 -3 73.7638
      vertex 4.34279 3 73.7638
    endloop
  endfacet
  facet normal 0.427916 0 0.903819
    outer loop
      vertex 4.34279 -3 73.7638
      vertex 4.16537 3 73.8478
      vertex 4.16537 -3 73.8478
    endloop
  endfacet
  facet normal -0.941548 0 0.336879
    outer loop
      vertex 1.48612 2.4862 72.5806
      vertex 1.55224 3 72.7654
      vertex 1.48612 3 72.5806
    endloop
  endfacet
  facet normal -0.941548 0 0.336879
    outer loop
      vertex 1.55224 3 72.7654
      vertex 1.48612 2.4862 72.5806
      vertex 1.55224 2.44657 72.7654
    endloop
  endfacet
  facet normal -0.941548 0 0.336879
    outer loop
      vertex 1.55224 -3 72.7654
      vertex 1.48612 -2.4862 72.5806
      vertex 1.48612 -3 72.5806
    endloop
  endfacet
  facet normal -0.941548 0 0.336879
    outer loop
      vertex 1.48612 -2.4862 72.5806
      vertex 1.55224 -3 72.7654
      vertex 1.55224 -2.44657 72.7654
    endloop
  endfacet
  facet normal -0.803201 0 -0.595708
    outer loop
      vertex 1.85398 -3 70.7312
      vertex 1.83974 -2.24173 70.7504
      vertex 1.85398 -2.22882 70.7312
    endloop
  endfacet
  facet normal -0.803313 -5.91456e-06 -0.595557
    outer loop
      vertex 1.85398 -3 70.7312
      vertex 1.73706 -2.31788 70.8889
      vertex 1.83974 -2.24173 70.7504
    endloop
  endfacet
  facet normal -0.803301 -0 -0.595573
    outer loop
      vertex 1.73706 -2.31788 70.8889
      vertex 1.85398 -3 70.7312
      vertex 1.73706 -3 70.8889
    endloop
  endfacet
  facet normal -0.803301 0 -0.595573
    outer loop
      vertex 1.85398 3 70.7312
      vertex 1.73706 2.31788 70.8889
      vertex 1.73706 3 70.8889
    endloop
  endfacet
  facet normal -0.803313 5.91456e-06 -0.595557
    outer loop
      vertex 1.85398 3 70.7312
      vertex 1.83974 2.24173 70.7504
      vertex 1.73706 2.31788 70.8889
    endloop
  endfacet
  facet normal -0.803201 0 -0.595708
    outer loop
      vertex 1.83974 2.24173 70.7504
      vertex 1.85398 3 70.7312
      vertex 1.85398 2.22882 70.7312
    endloop
  endfacet
  facet normal -0.989182 0 -0.146696
    outer loop
      vertex 1.43843 -3 71.6098
      vertex 1.40963 -2.53205 71.804
      vertex 1.43843 -2.51479 71.6098
    endloop
  endfacet
  facet normal -0.989182 -0 -0.146696
    outer loop
      vertex 1.40963 -2.53205 71.804
      vertex 1.43843 -3 71.6098
      vertex 1.40963 -3 71.804
    endloop
  endfacet
  facet normal -0.989182 0 -0.146696
    outer loop
      vertex 1.43843 3 71.6098
      vertex 1.40963 2.53205 71.804
      vertex 1.40963 3 71.804
    endloop
  endfacet
  facet normal -0.989182 0 -0.146696
    outer loop
      vertex 1.40963 2.53205 71.804
      vertex 1.43843 3 71.6098
      vertex 1.43843 2.51479 71.6098
    endloop
  endfacet
  facet normal 0.707107 -0 0.707107
    outer loop
      vertex 4.81421 -3 73.4142
      vertex 30.7 3 47.5284
      vertex 4.81421 3 73.4142
    endloop
  endfacet
  facet normal 0.707107 0 0.707107
    outer loop
      vertex 30.7 3 47.5284
      vertex 4.81421 -3 73.4142
      vertex 30.7 -3 47.5284
    endloop
  endfacet
  facet normal 0.243027 0 0.970019
    outer loop
      vertex 3.79018 3 73.9616
      vertex 3.98057 -3 73.9139
      vertex 3.98057 3 73.9139
    endloop
  endfacet
  facet normal 0.243027 0 0.970019
    outer loop
      vertex 3.98057 -3 73.9139
      vertex 3.79018 3 73.9616
      vertex 3.79018 -3 73.9616
    endloop
  endfacet
  facet normal -0.998795 0 0.0490735
    outer loop
      vertex 1.4 2.53782 72
      vertex 1.40963 3 72.196
      vertex 1.4 3 72
    endloop
  endfacet
  facet normal -0.998795 0 0.0490735
    outer loop
      vertex 1.40963 3 72.196
      vertex 1.4 2.53782 72
      vertex 1.40963 2.53205 72.196
    endloop
  endfacet
  facet normal -0.998795 0 0.0490735
    outer loop
      vertex 1.40963 -3 72.196
      vertex 1.4 -2.53782 72
      vertex 1.4 -3 72
    endloop
  endfacet
  facet normal -0.998795 0 0.0490735
    outer loop
      vertex 1.4 -2.53782 72
      vertex 1.40963 -3 72.196
      vertex 1.40963 -2.53205 72.196
    endloop
  endfacet
  facet normal -0.513534 0 0.858069
    outer loop
      vertex 2.41126 -1.61115 73.7363
      vertex 2.45721 -3 73.7638
      vertex 2.45721 -1.5345 73.7638
    endloop
  endfacet
  facet normal -0.514257 -3.25033e-05 0.857636
    outer loop
      vertex 2.28886 -1.77619 73.6629
      vertex 2.45721 -3 73.7638
      vertex 2.41126 -1.61115 73.7363
    endloop
  endfacet
  facet normal -0.514084 0 0.85774
    outer loop
      vertex 2.45721 -3 73.7638
      vertex 2.28886 -1.77619 73.6629
      vertex 2.28886 -3 73.6629
    endloop
  endfacet
  facet normal -0.513534 0 0.858069
    outer loop
      vertex 2.45721 3 73.7638
      vertex 2.41126 1.61115 73.7363
      vertex 2.45721 1.5345 73.7638
    endloop
  endfacet
  facet normal -0.514084 0 0.85774
    outer loop
      vertex 2.28886 1.77619 73.6629
      vertex 2.45721 3 73.7638
      vertex 2.28886 3 73.6629
    endloop
  endfacet
  facet normal -0.514257 3.25033e-05 0.857636
    outer loop
      vertex 2.45721 3 73.7638
      vertex 2.28886 1.77619 73.6629
      vertex 2.41126 1.61115 73.7363
    endloop
  endfacet
  facet normal -0.970035 0 -0.242967
    outer loop
      vertex 1.48612 3 71.4194
      vertex 1.43843 2.51479 71.6098
      vertex 1.43843 3 71.6098
    endloop
  endfacet
  facet normal -0.970035 0 -0.242967
    outer loop
      vertex 1.43843 2.51479 71.6098
      vertex 1.48612 3 71.4194
      vertex 1.48612 2.4862 71.4194
    endloop
  endfacet
  facet normal -0.970035 0 -0.242967
    outer loop
      vertex 1.48612 -3 71.4194
      vertex 1.43843 -2.51479 71.6098
      vertex 1.48612 -2.4862 71.4194
    endloop
  endfacet
  facet normal -0.970035 -0 -0.242967
    outer loop
      vertex 1.43843 -2.51479 71.6098
      vertex 1.48612 -3 71.4194
      vertex 1.43843 -3 71.6098
    endloop
  endfacet
  facet normal -0.707107 1.50538e-05 -0.707107
    outer loop
      vertex 2.67925 1.10978 69.8923
      vertex 1.98579 3 70.5858
      vertex 30.7 3 41.8716
    endloop
  endfacet
  facet normal -0.706998 -0 -0.707216
    outer loop
      vertex 1.98579 3 70.5858
      vertex 2.05061 2.05061 70.521
      vertex 1.98579 2.10936 70.5858
    endloop
  endfacet
  facet normal -0.707276 -3.79553e-05 -0.706938
    outer loop
      vertex 1.98579 3 70.5858
      vertex 2.24173 1.83974 70.3298
      vertex 2.05061 2.05061 70.521
    endloop
  endfacet
  facet normal -0.706983 9.13507e-05 -0.707231
    outer loop
      vertex 1.98579 3 70.5858
      vertex 2.41126 1.61115 70.1603
      vertex 2.24173 1.83974 70.3298
    endloop
  endfacet
  facet normal -0.707031 6.15316e-05 -0.707182
    outer loop
      vertex 1.98579 3 70.5858
      vertex 2.55757 1.36705 70.014
      vertex 2.41126 1.61115 70.1603
    endloop
  endfacet
  facet normal -0.707295 -0.000123338 -0.706918
    outer loop
      vertex 1.98579 3 70.5858
      vertex 2.67925 1.10978 69.8923
      vertex 2.55757 1.36705 70.014
    endloop
  endfacet
  facet normal -0.707108 5.19749e-05 -0.707106
    outer loop
      vertex 30.7 3 41.8716
      vertex 2.77513 0.841825 69.7964
      vertex 2.67925 1.10978 69.8923
    endloop
  endfacet
  facet normal -0.707101 -0.000125203 -0.707113
    outer loop
      vertex 30.7 3 41.8716
      vertex 2.84428 0.565762 69.7273
      vertex 2.77513 0.841825 69.7964
    endloop
  endfacet
  facet normal -0.707112 0.000124057 -0.707102
    outer loop
      vertex 30.7 3 41.8716
      vertex 2.88603 0.284249 69.6855
      vertex 2.84428 0.565762 69.7273
    endloop
  endfacet
  facet normal -0.707097 -0.000173218 -0.707116
    outer loop
      vertex 30.7 3 41.8716
      vertex 2.9 0 69.6716
      vertex 2.88603 0.284249 69.6855
    endloop
  endfacet
  facet normal -0.707107 0 -0.707107
    outer loop
      vertex 30.7 -3 41.8716
      vertex 2.9 0 69.6716
      vertex 30.7 3 41.8716
    endloop
  endfacet
  facet normal -0.707097 0.000173218 -0.707116
    outer loop
      vertex 2.9 0 69.6716
      vertex 30.7 -3 41.8716
      vertex 2.88603 -0.284249 69.6855
    endloop
  endfacet
  facet normal -0.707112 -0.000124057 -0.707102
    outer loop
      vertex 2.88603 -0.284249 69.6855
      vertex 30.7 -3 41.8716
      vertex 2.84428 -0.565762 69.7273
    endloop
  endfacet
  facet normal -0.707101 0.000125203 -0.707113
    outer loop
      vertex 2.84428 -0.565762 69.7273
      vertex 30.7 -3 41.8716
      vertex 2.77513 -0.841825 69.7964
    endloop
  endfacet
  facet normal -0.707108 -5.19749e-05 -0.707106
    outer loop
      vertex 2.77513 -0.841825 69.7964
      vertex 30.7 -3 41.8716
      vertex 2.67925 -1.10978 69.8923
    endloop
  endfacet
  facet normal -0.707107 -1.50538e-05 -0.707107
    outer loop
      vertex 1.98579 -3 70.5858
      vertex 2.67925 -1.10978 69.8923
      vertex 30.7 -3 41.8716
    endloop
  endfacet
  facet normal -0.707295 0.000123338 -0.706918
    outer loop
      vertex 2.67925 -1.10978 69.8923
      vertex 1.98579 -3 70.5858
      vertex 2.55757 -1.36705 70.014
    endloop
  endfacet
  facet normal -0.707031 -6.15316e-05 -0.707182
    outer loop
      vertex 2.55757 -1.36705 70.014
      vertex 1.98579 -3 70.5858
      vertex 2.41126 -1.61115 70.1603
    endloop
  endfacet
  facet normal -0.706983 -9.13507e-05 -0.707231
    outer loop
      vertex 2.41126 -1.61115 70.1603
      vertex 1.98579 -3 70.5858
      vertex 2.24173 -1.83974 70.3298
    endloop
  endfacet
  facet normal -0.707276 3.79553e-05 -0.706938
    outer loop
      vertex 2.24173 -1.83974 70.3298
      vertex 1.98579 -3 70.5858
      vertex 2.05061 -2.05061 70.521
    endloop
  endfacet
  facet normal -0.706998 0 -0.707216
    outer loop
      vertex 2.05061 -2.05061 70.521
      vertex 1.98579 -3 70.5858
      vertex 1.98579 -2.10936 70.5858
    endloop
  endfacet
  facet normal -0.903958 0 0.427622
    outer loop
      vertex 1.63616 -3 72.9428
      vertex 1.55224 -2.44657 72.7654
      vertex 1.55224 -3 72.7654
    endloop
  endfacet
  facet normal -0.90392 3.11945e-05 0.427701
    outer loop
      vertex 1.55224 -2.44657 72.7654
      vertex 1.63616 -3 72.9428
      vertex 1.61115 -2.41126 72.8899
    endloop
  endfacet
  facet normal -0.904054 0 0.427418
    outer loop
      vertex 1.61115 -2.41126 72.8899
      vertex 1.63616 -3 72.9428
      vertex 1.63616 -2.39272 72.9428
    endloop
  endfacet
  facet normal -0.903958 0 0.427622
    outer loop
      vertex 1.55224 2.44657 72.7654
      vertex 1.63616 3 72.9428
      vertex 1.55224 3 72.7654
    endloop
  endfacet
  facet normal -0.90392 -3.11945e-05 0.427701
    outer loop
      vertex 1.61115 2.41126 72.8899
      vertex 1.63616 3 72.9428
      vertex 1.55224 2.44657 72.7654
    endloop
  endfacet
  facet normal -0.904054 0 0.427418
    outer loop
      vertex 1.63616 3 72.9428
      vertex 1.61115 2.41126 72.8899
      vertex 1.63616 2.39272 72.9428
    endloop
  endfacet
  facet normal 0.671556 0 0.740954
    outer loop
      vertex 4.66879 3 73.546
      vertex 4.81421 -3 73.4142
      vertex 4.81421 3 73.4142
    endloop
  endfacet
  facet normal 0.671556 0 0.740954
    outer loop
      vertex 4.81421 -3 73.4142
      vertex 4.66879 3 73.546
      vertex 4.66879 -3 73.546
    endloop
  endfacet
  facet normal -0.989182 0 0.146696
    outer loop
      vertex 1.43843 -3 72.3902
      vertex 1.40963 -2.53205 72.196
      vertex 1.40963 -3 72.196
    endloop
  endfacet
  facet normal -0.989182 0 0.146696
    outer loop
      vertex 1.40963 -2.53205 72.196
      vertex 1.43843 -3 72.3902
      vertex 1.43843 -2.51479 72.3902
    endloop
  endfacet
  facet normal -0.989182 0 0.146696
    outer loop
      vertex 1.40963 2.53205 72.196
      vertex 1.43843 3 72.3902
      vertex 1.40963 3 72.196
    endloop
  endfacet
  facet normal -0.989182 0 0.146696
    outer loop
      vertex 1.43843 3 72.3902
      vertex 1.40963 2.53205 72.196
      vertex 1.43843 2.51479 72.3902
    endloop
  endfacet
  facet normal -0.970035 0 0.242967
    outer loop
      vertex 1.43843 2.51479 72.3902
      vertex 1.48612 3 72.5806
      vertex 1.43843 3 72.3902
    endloop
  endfacet
  facet normal -0.970035 0 0.242967
    outer loop
      vertex 1.48612 3 72.5806
      vertex 1.43843 2.51479 72.3902
      vertex 1.48612 2.4862 72.5806
    endloop
  endfacet
  facet normal -0.970035 0 0.242967
    outer loop
      vertex 1.48612 -3 72.5806
      vertex 1.43843 -2.51479 72.3902
      vertex 1.43843 -3 72.3902
    endloop
  endfacet
  facet normal -0.970035 0 0.242967
    outer loop
      vertex 1.43843 -2.51479 72.3902
      vertex 1.48612 -3 72.5806
      vertex 1.48612 -2.4862 72.5806
    endloop
  endfacet
  facet normal -0.428066 0 0.903747
    outer loop
      vertex 2.55757 -1.36705 73.8113
      vertex 2.63463 -3 73.8478
      vertex 2.63463 -1.20412 73.8478
    endloop
  endfacet
  facet normal -0.427819 1.42646e-05 0.903864
    outer loop
      vertex 2.45721 -1.5345 73.7638
      vertex 2.63463 -3 73.8478
      vertex 2.55757 -1.36705 73.8113
    endloop
  endfacet
  facet normal -0.427916 0 0.903819
    outer loop
      vertex 2.63463 -3 73.8478
      vertex 2.45721 -1.5345 73.7638
      vertex 2.45721 -3 73.7638
    endloop
  endfacet
  facet normal -0.428066 0 0.903747
    outer loop
      vertex 2.63463 3 73.8478
      vertex 2.55757 1.36705 73.8113
      vertex 2.63463 1.20412 73.8478
    endloop
  endfacet
  facet normal -0.427916 0 0.903819
    outer loop
      vertex 2.45721 1.5345 73.7638
      vertex 2.63463 3 73.8478
      vertex 2.45721 3 73.7638
    endloop
  endfacet
  facet normal -0.427819 -1.42646e-05 0.903864
    outer loop
      vertex 2.63463 3 73.8478
      vertex 2.45721 1.5345 73.7638
      vertex 2.55757 1.36705 73.8113
    endloop
  endfacet
  facet normal -0.671298 0 0.741187
    outer loop
      vertex 2.05061 -2.05061 73.473
      vertex 2.13121 -3 73.546
      vertex 2.13121 -1.96168 73.546
    endloop
  endfacet
  facet normal -0.671835 -8.29276e-05 0.740701
    outer loop
      vertex 1.98579 -2.10936 73.4142
      vertex 2.13121 -3 73.546
      vertex 2.05061 -2.05061 73.473
    endloop
  endfacet
  facet normal -0.671556 0 0.740954
    outer loop
      vertex 2.13121 -3 73.546
      vertex 1.98579 -2.10936 73.4142
      vertex 1.98579 -3 73.4142
    endloop
  endfacet
  facet normal -0.671298 0 0.741187
    outer loop
      vertex 2.13121 3 73.546
      vertex 2.05061 2.05061 73.473
      vertex 2.13121 1.96168 73.546
    endloop
  endfacet
  facet normal -0.671556 0 0.740954
    outer loop
      vertex 1.98579 2.10936 73.4142
      vertex 2.13121 3 73.546
      vertex 1.98579 3 73.4142
    endloop
  endfacet
  facet normal -0.671835 8.29276e-05 0.740701
    outer loop
      vertex 2.13121 3 73.546
      vertex 1.98579 2.10936 73.4142
      vertex 2.05061 2.05061 73.473
    endloop
  endfacet
  facet normal -0.941548 0 -0.336879
    outer loop
      vertex 1.55224 3 71.2346
      vertex 1.48612 2.4862 71.4194
      vertex 1.48612 3 71.4194
    endloop
  endfacet
  facet normal -0.941548 0 -0.336879
    outer loop
      vertex 1.48612 2.4862 71.4194
      vertex 1.55224 3 71.2346
      vertex 1.55224 2.44657 71.2346
    endloop
  endfacet
  facet normal -0.941548 0 -0.336879
    outer loop
      vertex 1.55224 -3 71.2346
      vertex 1.48612 -2.4862 71.4194
      vertex 1.55224 -2.44657 71.2346
    endloop
  endfacet
  facet normal -0.941548 -0 -0.336879
    outer loop
      vertex 1.48612 -2.4862 71.4194
      vertex 1.55224 -3 71.2346
      vertex 1.48612 -3 71.4194
    endloop
  endfacet
  facet normal -0.0489135 0 0.998803
    outer loop
      vertex 3.20397 3 73.9904
      vertex 3.4 -3 74
      vertex 3.4 3 74
    endloop
  endfacet
  facet normal -0.0489135 0 0.998803
    outer loop
      vertex 3.4 -3 74
      vertex 3.20397 3 73.9904
      vertex 3.20397 -3 73.9904
    endloop
  endfacet
  facet normal -0.998795 0 -0.0490735
    outer loop
      vertex 1.40963 -3 71.804
      vertex 1.4 -2.53782 72
      vertex 1.40963 -2.53205 71.804
    endloop
  endfacet
  facet normal -0.998795 -0 -0.0490735
    outer loop
      vertex 1.4 -2.53782 72
      vertex 1.40963 -3 71.804
      vertex 1.4 -3 72
    endloop
  endfacet
  facet normal -0.998795 0 -0.0490735
    outer loop
      vertex 1.40963 3 71.804
      vertex 1.4 2.53782 72
      vertex 1.4 3 72
    endloop
  endfacet
  facet normal -0.998795 0 -0.0490735
    outer loop
      vertex 1.4 2.53782 72
      vertex 1.40963 3 71.804
      vertex 1.40963 2.53205 71.804
    endloop
  endfacet
  facet normal 0.146733 0 0.989176
    outer loop
      vertex 3.59603 3 73.9904
      vertex 3.79018 -3 73.9616
      vertex 3.79018 3 73.9616
    endloop
  endfacet
  facet normal 0.146733 0 0.989176
    outer loop
      vertex 3.79018 -3 73.9616
      vertex 3.59603 3 73.9904
      vertex 3.59603 -3 73.9904
    endloop
  endfacet
  facet normal -0.857673 0 -0.514196
    outer loop
      vertex 1.73706 -3 70.8889
      vertex 1.63616 -2.39272 71.0572
      vertex 1.73706 -2.31788 70.8889
    endloop
  endfacet
  facet normal -0.857673 -0 -0.514196
    outer loop
      vertex 1.63616 -2.39272 71.0572
      vertex 1.73706 -3 70.8889
      vertex 1.63616 -3 71.0572
    endloop
  endfacet
  facet normal -0.857673 0 -0.514196
    outer loop
      vertex 1.73706 3 70.8889
      vertex 1.63616 2.39272 71.0572
      vertex 1.63616 3 71.0572
    endloop
  endfacet
  facet normal -0.857673 0 -0.514196
    outer loop
      vertex 1.63616 2.39272 71.0572
      vertex 1.73706 3 70.8889
      vertex 1.73706 2.31788 70.8889
    endloop
  endfacet
  facet normal -0.595105 0 0.803648
    outer loop
      vertex 2.28886 3 73.6629
      vertex 2.24173 1.83974 73.628
      vertex 2.28886 1.77619 73.6629
    endloop
  endfacet
  facet normal -0.59563 0 0.803259
    outer loop
      vertex 2.13121 1.96168 73.546
      vertex 2.28886 3 73.6629
      vertex 2.13121 3 73.546
    endloop
  endfacet
  facet normal -0.595821 4.50296e-05 0.803117
    outer loop
      vertex 2.28886 3 73.6629
      vertex 2.13121 1.96168 73.546
      vertex 2.24173 1.83974 73.628
    endloop
  endfacet
  facet normal -0.595105 0 0.803648
    outer loop
      vertex 2.24173 -1.83974 73.628
      vertex 2.28886 -3 73.6629
      vertex 2.28886 -1.77619 73.6629
    endloop
  endfacet
  facet normal -0.595821 -4.50296e-05 0.803117
    outer loop
      vertex 2.13121 -1.96168 73.546
      vertex 2.28886 -3 73.6629
      vertex 2.24173 -1.83974 73.628
    endloop
  endfacet
  facet normal -0.59563 0 0.803259
    outer loop
      vertex 2.28886 -3 73.6629
      vertex 2.13121 -1.96168 73.546
      vertex 2.13121 -3 73.546
    endloop
  endfacet
  facet normal 0.59563 0 0.803259
    outer loop
      vertex 4.51114 3 73.6629
      vertex 4.66879 -3 73.546
      vertex 4.66879 3 73.546
    endloop
  endfacet
  facet normal 0.59563 0 0.803259
    outer loop
      vertex 4.66879 -3 73.546
      vertex 4.51114 3 73.6629
      vertex 4.51114 -3 73.6629
    endloop
  endfacet
  facet normal -0.857673 0 0.514196
    outer loop
      vertex 1.63616 2.39272 72.9428
      vertex 1.73706 3 73.1111
      vertex 1.63616 3 72.9428
    endloop
  endfacet
  facet normal -0.857673 0 0.514196
    outer loop
      vertex 1.73706 3 73.1111
      vertex 1.63616 2.39272 72.9428
      vertex 1.73706 2.31788 73.1111
    endloop
  endfacet
  facet normal -0.857673 0 0.514196
    outer loop
      vertex 1.73706 -3 73.1111
      vertex 1.63616 -2.39272 72.9428
      vertex 1.63616 -3 72.9428
    endloop
  endfacet
  facet normal -0.857673 0 0.514196
    outer loop
      vertex 1.63616 -2.39272 72.9428
      vertex 1.73706 -3 73.1111
      vertex 1.73706 -2.31788 73.1111
    endloop
  endfacet
  facet normal -0.146733 0 0.989176
    outer loop
      vertex 3.00982 3 73.9616
      vertex 3.20397 -3 73.9904
      vertex 3.20397 3 73.9904
    endloop
  endfacet
  facet normal -0.146733 0 0.989176
    outer loop
      vertex 3.20397 -3 73.9904
      vertex 3.00982 3 73.9616
      vertex 3.00982 -3 73.9616
    endloop
  endfacet
  facet normal -0.903958 0 -0.427622
    outer loop
      vertex 1.63616 3 71.0572
      vertex 1.55224 2.44657 71.2346
      vertex 1.55224 3 71.2346
    endloop
  endfacet
  facet normal -0.90392 -3.11945e-05 -0.427701
    outer loop
      vertex 1.63616 3 71.0572
      vertex 1.61115 2.41126 71.1101
      vertex 1.55224 2.44657 71.2346
    endloop
  endfacet
  facet normal -0.904054 0 -0.427418
    outer loop
      vertex 1.61115 2.41126 71.1101
      vertex 1.63616 3 71.0572
      vertex 1.63616 2.39272 71.0572
    endloop
  endfacet
  facet normal -0.904054 0 -0.427418
    outer loop
      vertex 1.63616 -3 71.0572
      vertex 1.61115 -2.41126 71.1101
      vertex 1.63616 -2.39272 71.0572
    endloop
  endfacet
  facet normal -0.90392 3.11945e-05 -0.427701
    outer loop
      vertex 1.63616 -3 71.0572
      vertex 1.55224 -2.44657 71.2346
      vertex 1.61115 -2.41126 71.1101
    endloop
  endfacet
  facet normal -0.903958 -0 -0.427622
    outer loop
      vertex 1.55224 -2.44657 71.2346
      vertex 1.63616 -3 71.0572
      vertex 1.55224 -3 71.2346
    endloop
  endfacet
  facet normal -0.803301 0 0.595573
    outer loop
      vertex 1.73706 2.31788 73.1111
      vertex 1.85398 3 73.2688
      vertex 1.73706 3 73.1111
    endloop
  endfacet
  facet normal -0.803313 5.91456e-06 0.595557
    outer loop
      vertex 1.83974 2.24173 73.2496
      vertex 1.85398 3 73.2688
      vertex 1.73706 2.31788 73.1111
    endloop
  endfacet
  facet normal -0.803201 0 0.595708
    outer loop
      vertex 1.85398 3 73.2688
      vertex 1.83974 2.24173 73.2496
      vertex 1.85398 2.22882 73.2688
    endloop
  endfacet
  facet normal -0.803301 0 0.595573
    outer loop
      vertex 1.85398 -3 73.2688
      vertex 1.73706 -2.31788 73.1111
      vertex 1.73706 -3 73.1111
    endloop
  endfacet
  facet normal -0.803313 -5.91456e-06 0.595557
    outer loop
      vertex 1.73706 -2.31788 73.1111
      vertex 1.85398 -3 73.2688
      vertex 1.83974 -2.24173 73.2496
    endloop
  endfacet
  facet normal -0.803201 0 0.595708
    outer loop
      vertex 1.83974 -2.24173 73.2496
      vertex 1.85398 -3 73.2688
      vertex 1.85398 -2.22882 73.2688
    endloop
  endfacet
  facet normal -0.24291 0 0.970049
    outer loop
      vertex 3.00982 3 73.9616
      vertex 2.9 0 73.9341
      vertex 3.00982 -3 73.9616
    endloop
  endfacet
  facet normal -0.242976 2.58671e-06 0.970032
    outer loop
      vertex 3.00982 3 73.9616
      vertex 2.88603 0.284249 73.9306
      vertex 2.9 0 73.9341
    endloop
  endfacet
  facet normal -0.243672 3.62803e-05 0.969858
    outer loop
      vertex 3.00982 3 73.9616
      vertex 2.84428 0.565762 73.9201
      vertex 2.88603 0.284249 73.9306
    endloop
  endfacet
  facet normal -0.243027 0 0.970019
    outer loop
      vertex 2.81943 0.664953 73.9139
      vertex 3.00982 3 73.9616
      vertex 2.81943 3 73.9139
    endloop
  endfacet
  facet normal -0.24231 -6.21521e-05 0.970199
    outer loop
      vertex 3.00982 3 73.9616
      vertex 2.81943 0.664953 73.9139
      vertex 2.84428 0.565762 73.9201
    endloop
  endfacet
  facet normal -0.242976 -2.58671e-06 0.970032
    outer loop
      vertex 2.88603 -0.284249 73.9306
      vertex 3.00982 -3 73.9616
      vertex 2.9 0 73.9341
    endloop
  endfacet
  facet normal -0.243672 -3.62803e-05 0.969858
    outer loop
      vertex 2.84428 -0.565762 73.9201
      vertex 3.00982 -3 73.9616
      vertex 2.88603 -0.284249 73.9306
    endloop
  endfacet
  facet normal -0.24231 6.21521e-05 0.970199
    outer loop
      vertex 2.81943 -0.664953 73.9139
      vertex 3.00982 -3 73.9616
      vertex 2.84428 -0.565762 73.9201
    endloop
  endfacet
  facet normal -0.243027 0 0.970019
    outer loop
      vertex 3.00982 -3 73.9616
      vertex 2.81943 -0.664953 73.9139
      vertex 2.81943 -3 73.9139
    endloop
  endfacet
  facet normal 0.336788 0 0.94158
    outer loop
      vertex 3.98057 3 73.9139
      vertex 4.16537 -3 73.8478
      vertex 4.16537 3 73.8478
    endloop
  endfacet
  facet normal 0.336788 0 0.94158
    outer loop
      vertex 4.16537 -3 73.8478
      vertex 3.98057 3 73.9139
      vertex 3.98057 -3 73.9139
    endloop
  endfacet
  facet normal 0.514084 0 0.85774
    outer loop
      vertex 4.34279 3 73.7638
      vertex 4.51114 -3 73.6629
      vertex 4.51114 3 73.6629
    endloop
  endfacet
  facet normal 0.514084 0 0.85774
    outer loop
      vertex 4.51114 -3 73.6629
      vertex 4.34279 3 73.7638
      vertex 4.34279 -3 73.7638
    endloop
  endfacet
  facet normal 0 -1 0
    outer loop
      vertex 3.20397 -3 73.9904
      vertex 3.59603 -3 73.9904
      vertex 3.4 -3 74
    endloop
  endfacet
  facet normal 0 -1 0
    outer loop
      vertex 3.00982 -3 73.9616
      vertex 3.59603 -3 73.9904
      vertex 3.20397 -3 73.9904
    endloop
  endfacet
  facet normal 0 -1 0
    outer loop
      vertex 3.00982 -3 73.9616
      vertex 3.79018 -3 73.9616
      vertex 3.59603 -3 73.9904
    endloop
  endfacet
  facet normal 0 -1 0
    outer loop
      vertex 2.81943 -3 73.9139
      vertex 3.79018 -3 73.9616
      vertex 3.00982 -3 73.9616
    endloop
  endfacet
  facet normal 0 -1 0
    outer loop
      vertex 2.81943 -3 73.9139
      vertex 3.98057 -3 73.9139
      vertex 3.79018 -3 73.9616
    endloop
  endfacet
  facet normal 0 -1 0
    outer loop
      vertex 2.63463 -3 73.8478
      vertex 3.98057 -3 73.9139
      vertex 2.81943 -3 73.9139
    endloop
  endfacet
  facet normal 0 -1 0
    outer loop
      vertex 2.63463 -3 73.8478
      vertex 4.16537 -3 73.8478
      vertex 3.98057 -3 73.9139
    endloop
  endfacet
  facet normal 0 -1 0
    outer loop
      vertex 2.45721 -3 73.7638
      vertex 4.16537 -3 73.8478
      vertex 2.63463 -3 73.8478
    endloop
  endfacet
  facet normal 0 -1 0
    outer loop
      vertex 2.45721 -3 73.7638
      vertex 4.34279 -3 73.7638
      vertex 4.16537 -3 73.8478
    endloop
  endfacet
  facet normal 0 -1 0
    outer loop
      vertex 2.28886 -3 73.6629
      vertex 4.34279 -3 73.7638
      vertex 2.45721 -3 73.7638
    endloop
  endfacet
  facet normal 0 -1 0
    outer loop
      vertex 2.28886 -3 73.6629
      vertex 4.51114 -3 73.6629
      vertex 4.34279 -3 73.7638
    endloop
  endfacet
  facet normal 0 -1 0
    outer loop
      vertex 2.13121 -3 73.546
      vertex 4.51114 -3 73.6629
      vertex 2.28886 -3 73.6629
    endloop
  endfacet
  facet normal 0 -1 0
    outer loop
      vertex 2.13121 -3 73.546
      vertex 4.66879 -3 73.546
      vertex 4.51114 -3 73.6629
    endloop
  endfacet
  facet normal 0 -1 0
    outer loop
      vertex 1.98579 -3 73.4142
      vertex 4.66879 -3 73.546
      vertex 2.13121 -3 73.546
    endloop
  endfacet
  facet normal 0 -1 0
    outer loop
      vertex 1.98579 -3 73.4142
      vertex 4.81421 -3 73.4142
      vertex 4.66879 -3 73.546
    endloop
  endfacet
  facet normal 0 -1 0
    outer loop
      vertex 1.85398 -3 73.2688
      vertex 4.81421 -3 73.4142
      vertex 1.98579 -3 73.4142
    endloop
  endfacet
  facet normal 0 -1 0
    outer loop
      vertex 1.73706 -3 73.1111
      vertex 4.81421 -3 73.4142
      vertex 1.85398 -3 73.2688
    endloop
  endfacet
  facet normal 0 -1 0
    outer loop
      vertex 1.63616 -3 72.9428
      vertex 4.81421 -3 73.4142
      vertex 1.73706 -3 73.1111
    endloop
  endfacet
  facet normal 0 -1 0
    outer loop
      vertex 1.55224 -3 72.7654
      vertex 4.81421 -3 73.4142
      vertex 1.63616 -3 72.9428
    endloop
  endfacet
  facet normal 0 -1 0
    outer loop
      vertex 1.48612 -3 72.5806
      vertex 4.81421 -3 73.4142
      vertex 1.55224 -3 72.7654
    endloop
  endfacet
  facet normal 0 -1 0
    outer loop
      vertex 1.43843 -3 72.3902
      vertex 4.81421 -3 73.4142
      vertex 1.48612 -3 72.5806
    endloop
  endfacet
  facet normal 0 -1 0
    outer loop
      vertex 1.40963 -3 72.196
      vertex 4.81421 -3 73.4142
      vertex 1.43843 -3 72.3902
    endloop
  endfacet
  facet normal 0 -1 0
    outer loop
      vertex 1.4 -3 72
      vertex 4.81421 -3 73.4142
      vertex 1.40963 -3 72.196
    endloop
  endfacet
  facet normal 0 -1 0
    outer loop
      vertex 1.40963 -3 71.804
      vertex 4.81421 -3 73.4142
      vertex 1.4 -3 72
    endloop
  endfacet
  facet normal 0 -1 0
    outer loop
      vertex 1.43843 -3 71.6098
      vertex 4.81421 -3 73.4142
      vertex 1.40963 -3 71.804
    endloop
  endfacet
  facet normal 0 -1 0
    outer loop
      vertex 1.48612 -3 71.4194
      vertex 4.81421 -3 73.4142
      vertex 1.43843 -3 71.6098
    endloop
  endfacet
  facet normal 0 -1 0
    outer loop
      vertex 1.55224 -3 71.2346
      vertex 4.81421 -3 73.4142
      vertex 1.48612 -3 71.4194
    endloop
  endfacet
  facet normal 0 -1 0
    outer loop
      vertex 1.63616 -3 71.0572
      vertex 4.81421 -3 73.4142
      vertex 1.55224 -3 71.2346
    endloop
  endfacet
  facet normal 0 -1 0
    outer loop
      vertex 1.73706 -3 70.8889
      vertex 4.81421 -3 73.4142
      vertex 1.63616 -3 71.0572
    endloop
  endfacet
  facet normal 0 -1 0
    outer loop
      vertex 1.85398 -3 70.7312
      vertex 4.81421 -3 73.4142
      vertex 1.73706 -3 70.8889
    endloop
  endfacet
  facet normal 0 -1 0
    outer loop
      vertex 1.98579 -3 70.5858
      vertex 4.81421 -3 73.4142
      vertex 1.85398 -3 70.7312
    endloop
  endfacet
  facet normal 0 -1 0
    outer loop
      vertex 1.98579 -3 70.5858
      vertex 30.7 -3 47.5284
      vertex 4.81421 -3 73.4142
    endloop
  endfacet
  facet normal -0 -1 -0
    outer loop
      vertex 30.7 -3 47.5284
      vertex 1.98579 -3 70.5858
      vertex 30.7 -3 41.8716
    endloop
  endfacet
  facet normal 0 -1 0
    outer loop
      vertex 3.20397 -3 93.9904
      vertex 3.59603 -3 93.9904
      vertex 3.4 -3 94
    endloop
  endfacet
  facet normal 0 -1 0
    outer loop
      vertex 3.00982 -3 93.9616
      vertex 3.59603 -3 93.9904
      vertex 3.20397 -3 93.9904
    endloop
  endfacet
  facet normal 0 -1 0
    outer loop
      vertex 3.00982 -3 93.9616
      vertex 3.79018 -3 93.9616
      vertex 3.59603 -3 93.9904
    endloop
  endfacet
  facet normal 0 -1 0
    outer loop
      vertex 2.81943 -3 93.9139
      vertex 3.79018 -3 93.9616
      vertex 3.00982 -3 93.9616
    endloop
  endfacet
  facet normal 0 -1 0
    outer loop
      vertex 2.81943 -3 93.9139
      vertex 3.98057 -3 93.9139
      vertex 3.79018 -3 93.9616
    endloop
  endfacet
  facet normal 0 -1 0
    outer loop
      vertex 2.63463 -3 93.8478
      vertex 3.98057 -3 93.9139
      vertex 2.81943 -3 93.9139
    endloop
  endfacet
  facet normal 0 -1 0
    outer loop
      vertex 2.63463 -3 93.8478
      vertex 4.16537 -3 93.8478
      vertex 3.98057 -3 93.9139
    endloop
  endfacet
  facet normal 0 -1 0
    outer loop
      vertex 2.45721 -3 93.7638
      vertex 4.16537 -3 93.8478
      vertex 2.63463 -3 93.8478
    endloop
  endfacet
  facet normal 0 -1 0
    outer loop
      vertex 2.45721 -3 93.7638
      vertex 4.34279 -3 93.7638
      vertex 4.16537 -3 93.8478
    endloop
  endfacet
  facet normal 0 -1 0
    outer loop
      vertex 2.28886 -3 93.6629
      vertex 4.34279 -3 93.7638
      vertex 2.45721 -3 93.7638
    endloop
  endfacet
  facet normal 0 -1 0
    outer loop
      vertex 2.28886 -3 93.6629
      vertex 4.51114 -3 93.6629
      vertex 4.34279 -3 93.7638
    endloop
  endfacet
  facet normal 0 -1 0
    outer loop
      vertex 2.13121 -3 93.546
      vertex 4.51114 -3 93.6629
      vertex 2.28886 -3 93.6629
    endloop
  endfacet
  facet normal 0 -1 0
    outer loop
      vertex 2.13121 -3 93.546
      vertex 4.66879 -3 93.546
      vertex 4.51114 -3 93.6629
    endloop
  endfacet
  facet normal 0 -1 0
    outer loop
      vertex 1.98579 -3 93.4142
      vertex 4.66879 -3 93.546
      vertex 2.13121 -3 93.546
    endloop
  endfacet
  facet normal 0 -1 0
    outer loop
      vertex 1.98579 -3 93.4142
      vertex 4.81421 -3 93.4142
      vertex 4.66879 -3 93.546
    endloop
  endfacet
  facet normal 0 -1 0
    outer loop
      vertex 1.85398 -3 93.2688
      vertex 4.81421 -3 93.4142
      vertex 1.98579 -3 93.4142
    endloop
  endfacet
  facet normal 0 -1 0
    outer loop
      vertex 1.73706 -3 93.1111
      vertex 4.81421 -3 93.4142
      vertex 1.85398 -3 93.2688
    endloop
  endfacet
  facet normal 0 -1 0
    outer loop
      vertex 1.63616 -3 92.9428
      vertex 4.81421 -3 93.4142
      vertex 1.73706 -3 93.1111
    endloop
  endfacet
  facet normal 0 -1 0
    outer loop
      vertex 1.55224 -3 92.7654
      vertex 4.81421 -3 93.4142
      vertex 1.63616 -3 92.9428
    endloop
  endfacet
  facet normal 0 -1 0
    outer loop
      vertex 1.48612 -3 92.5806
      vertex 4.81421 -3 93.4142
      vertex 1.55224 -3 92.7654
    endloop
  endfacet
  facet normal 0 -1 0
    outer loop
      vertex 1.43843 -3 92.3902
      vertex 4.81421 -3 93.4142
      vertex 1.48612 -3 92.5806
    endloop
  endfacet
  facet normal 0 -1 0
    outer loop
      vertex 1.40963 -3 92.196
      vertex 4.81421 -3 93.4142
      vertex 1.43843 -3 92.3902
    endloop
  endfacet
  facet normal 0 -1 0
    outer loop
      vertex 1.4 -3 92
      vertex 4.81421 -3 93.4142
      vertex 1.40963 -3 92.196
    endloop
  endfacet
  facet normal 0 -1 0
    outer loop
      vertex 1.40963 -3 91.804
      vertex 4.81421 -3 93.4142
      vertex 1.4 -3 92
    endloop
  endfacet
  facet normal 0 -1 0
    outer loop
      vertex 1.43843 -3 91.6098
      vertex 4.81421 -3 93.4142
      vertex 1.40963 -3 91.804
    endloop
  endfacet
  facet normal 0 -1 0
    outer loop
      vertex 1.48612 -3 91.4194
      vertex 4.81421 -3 93.4142
      vertex 1.43843 -3 91.6098
    endloop
  endfacet
  facet normal 0 -1 0
    outer loop
      vertex 1.55224 -3 91.2346
      vertex 4.81421 -3 93.4142
      vertex 1.48612 -3 91.4194
    endloop
  endfacet
  facet normal 0 -1 0
    outer loop
      vertex 1.63616 -3 91.0572
      vertex 4.81421 -3 93.4142
      vertex 1.55224 -3 91.2346
    endloop
  endfacet
  facet normal 0 -1 0
    outer loop
      vertex 1.73706 -3 90.8889
      vertex 4.81421 -3 93.4142
      vertex 1.63616 -3 91.0572
    endloop
  endfacet
  facet normal 0 -1 0
    outer loop
      vertex 1.85398 -3 90.7312
      vertex 4.81421 -3 93.4142
      vertex 1.73706 -3 90.8889
    endloop
  endfacet
  facet normal 0 -1 0
    outer loop
      vertex 1.98579 -3 90.5858
      vertex 4.81421 -3 93.4142
      vertex 1.85398 -3 90.7312
    endloop
  endfacet
  facet normal 0 -1 0
    outer loop
      vertex 1.98579 -3 90.5858
      vertex 30.7 -3 67.5284
      vertex 4.81421 -3 93.4142
    endloop
  endfacet
  facet normal -0 -1 -0
    outer loop
      vertex 30.7 -3 67.5284
      vertex 1.98579 -3 90.5858
      vertex 30.7 -3 61.8716
    endloop
  endfacet
  facet normal 0 -1 0
    outer loop
      vertex 30.7 -3 67.5284
      vertex 38.7 -3 68.7
      vertex 30.7 -3 68.7
    endloop
  endfacet
  facet normal 0 -1 0
    outer loop
      vertex 30.7 -3 61.8716
      vertex 38.7 -3 68.7
      vertex 30.7 -3 67.5284
    endloop
  endfacet
  facet normal 0 -1 0
    outer loop
      vertex 30.7 -3 47.5284
      vertex 38.7 -3 68.7
      vertex 30.7 -3 61.8716
    endloop
  endfacet
  facet normal 0 -1 0
    outer loop
      vertex 38.7 -3 22
      vertex 30.7 -3 47.5284
      vertex 30.7 -3 41.8716
    endloop
  endfacet
  facet normal 0 -1 0
    outer loop
      vertex 38.7 -3 22
      vertex 30.7 -3 41.8716
      vertex 30.7 -3 22
    endloop
  endfacet
  facet normal 0 -1 0
    outer loop
      vertex 30.7 -3 47.5284
      vertex 38.7 -3 22
      vertex 38.7 -3 68.7
    endloop
  endfacet
  facet normal -0.740882 0 0.671635
    outer loop
      vertex 1.98579 -3 73.4142
      vertex 1.85398 -2.22882 73.2688
      vertex 1.85398 -3 73.2688
    endloop
  endfacet
  facet normal -0.740882 0 0.671635
    outer loop
      vertex 1.85398 -2.22882 73.2688
      vertex 1.98579 -3 73.4142
      vertex 1.98579 -2.10936 73.4142
    endloop
  endfacet
  facet normal -0.740882 0 0.671635
    outer loop
      vertex 1.85398 2.22882 73.2688
      vertex 1.98579 3 73.4142
      vertex 1.85398 3 73.2688
    endloop
  endfacet
  facet normal -0.740882 0 0.671635
    outer loop
      vertex 1.98579 3 73.4142
      vertex 1.85398 2.22882 73.2688
      vertex 1.98579 2.10936 73.4142
    endloop
  endfacet
  facet normal 0.0489135 0 0.998803
    outer loop
      vertex 3.4 3 74
      vertex 3.59603 -3 73.9904
      vertex 3.59603 3 73.9904
    endloop
  endfacet
  facet normal 0.0489135 0 0.998803
    outer loop
      vertex 3.59603 -3 73.9904
      vertex 3.4 3 74
      vertex 3.4 -3 74
    endloop
  endfacet
  facet normal -0.740882 0 -0.671635
    outer loop
      vertex 1.98579 -3 70.5858
      vertex 1.85398 -2.22882 70.7312
      vertex 1.98579 -2.10936 70.5858
    endloop
  endfacet
  facet normal -0.740882 -0 -0.671635
    outer loop
      vertex 1.85398 -2.22882 70.7312
      vertex 1.98579 -3 70.5858
      vertex 1.85398 -3 70.7312
    endloop
  endfacet
  facet normal -0.740882 0 -0.671635
    outer loop
      vertex 1.98579 3 70.5858
      vertex 1.85398 2.22882 70.7312
      vertex 1.85398 3 70.7312
    endloop
  endfacet
  facet normal -0.740882 0 -0.671635
    outer loop
      vertex 1.85398 2.22882 70.7312
      vertex 1.98579 3 70.5858
      vertex 1.98579 2.10936 70.5858
    endloop
  endfacet
  facet normal -0.337816 0 0.941212
    outer loop
      vertex 2.77513 -0.841825 73.898
      vertex 2.81943 -3 73.9139
      vertex 2.81943 -0.664953 73.9139
    endloop
  endfacet
  facet normal -0.336887 2.15251e-05 0.941545
    outer loop
      vertex 2.67925 -1.10978 73.8637
      vertex 2.81943 -3 73.9139
      vertex 2.77513 -0.841825 73.898
    endloop
  endfacet
  facet normal -0.335868 0.000106793 0.941909
    outer loop
      vertex 2.63463 -1.20412 73.8478
      vertex 2.81943 -3 73.9139
      vertex 2.67925 -1.10978 73.8637
    endloop
  endfacet
  facet normal -0.336788 0 0.94158
    outer loop
      vertex 2.81943 -3 73.9139
      vertex 2.63463 -1.20412 73.8478
      vertex 2.63463 -3 73.8478
    endloop
  endfacet
  facet normal -0.337816 0 0.941212
    outer loop
      vertex 2.81943 3 73.9139
      vertex 2.77513 0.841825 73.898
      vertex 2.81943 0.664953 73.9139
    endloop
  endfacet
  facet normal -0.336887 -2.15251e-05 0.941545
    outer loop
      vertex 2.81943 3 73.9139
      vertex 2.67925 1.10978 73.8637
      vertex 2.77513 0.841825 73.898
    endloop
  endfacet
  facet normal -0.336788 0 0.94158
    outer loop
      vertex 2.63463 1.20412 73.8478
      vertex 2.81943 3 73.9139
      vertex 2.63463 3 73.8478
    endloop
  endfacet
  facet normal -0.335868 -0.000106793 0.941909
    outer loop
      vertex 2.81943 3 73.9139
      vertex 2.63463 1.20412 73.8478
      vertex 2.67925 1.10978 73.8637
    endloop
  endfacet
  facet normal 0 1 0
    outer loop
      vertex 38.7 3 68.7
      vertex 30.7 3 67.5284
      vertex 30.7 3 68.7
    endloop
  endfacet
  facet normal 0 1 0
    outer loop
      vertex 38.7 3 68.7
      vertex 30.7 3 61.8716
      vertex 30.7 3 67.5284
    endloop
  endfacet
  facet normal 0 1 0
    outer loop
      vertex 38.7 3 68.7
      vertex 30.7 3 47.5284
      vertex 30.7 3 61.8716
    endloop
  endfacet
  facet normal 0 1 -0
    outer loop
      vertex 38.7 3 22
      vertex 30.7 3 47.5284
      vertex 38.7 3 68.7
    endloop
  endfacet
  facet normal 0 1 0
    outer loop
      vertex 30.7 3 47.5284
      vertex 38.7 3 22
      vertex 30.7 3 41.8716
    endloop
  endfacet
  facet normal 0 1 0
    outer loop
      vertex 30.7 3 41.8716
      vertex 38.7 3 22
      vertex 30.7 3 22
    endloop
  endfacet
  facet normal 0 1 0
    outer loop
      vertex 3.59603 3 93.9904
      vertex 3.20397 3 93.9904
      vertex 3.4 3 94
    endloop
  endfacet
  facet normal 0 1 0
    outer loop
      vertex 3.79018 3 93.9616
      vertex 3.20397 3 93.9904
      vertex 3.59603 3 93.9904
    endloop
  endfacet
  facet normal 0 1 0
    outer loop
      vertex 3.79018 3 93.9616
      vertex 3.00982 3 93.9616
      vertex 3.20397 3 93.9904
    endloop
  endfacet
  facet normal 0 1 0
    outer loop
      vertex 3.98057 3 93.9139
      vertex 3.00982 3 93.9616
      vertex 3.79018 3 93.9616
    endloop
  endfacet
  facet normal 0 1 0
    outer loop
      vertex 3.98057 3 93.9139
      vertex 2.81943 3 93.9139
      vertex 3.00982 3 93.9616
    endloop
  endfacet
  facet normal 0 1 0
    outer loop
      vertex 4.16537 3 93.8478
      vertex 2.81943 3 93.9139
      vertex 3.98057 3 93.9139
    endloop
  endfacet
  facet normal 0 1 0
    outer loop
      vertex 4.16537 3 93.8478
      vertex 2.63463 3 93.8478
      vertex 2.81943 3 93.9139
    endloop
  endfacet
  facet normal 0 1 0
    outer loop
      vertex 4.34279 3 93.7638
      vertex 2.63463 3 93.8478
      vertex 4.16537 3 93.8478
    endloop
  endfacet
  facet normal 0 1 0
    outer loop
      vertex 4.34279 3 93.7638
      vertex 2.45721 3 93.7638
      vertex 2.63463 3 93.8478
    endloop
  endfacet
  facet normal 0 1 0
    outer loop
      vertex 4.51114 3 93.6629
      vertex 2.45721 3 93.7638
      vertex 4.34279 3 93.7638
    endloop
  endfacet
  facet normal 0 1 0
    outer loop
      vertex 4.51114 3 93.6629
      vertex 2.28886 3 93.6629
      vertex 2.45721 3 93.7638
    endloop
  endfacet
  facet normal 0 1 0
    outer loop
      vertex 4.66879 3 93.546
      vertex 2.28886 3 93.6629
      vertex 4.51114 3 93.6629
    endloop
  endfacet
  facet normal 0 1 0
    outer loop
      vertex 4.66879 3 93.546
      vertex 2.13121 3 93.546
      vertex 2.28886 3 93.6629
    endloop
  endfacet
  facet normal 0 1 0
    outer loop
      vertex 4.81421 3 93.4142
      vertex 2.13121 3 93.546
      vertex 4.66879 3 93.546
    endloop
  endfacet
  facet normal 0 1 0
    outer loop
      vertex 4.81421 3 93.4142
      vertex 1.98579 3 93.4142
      vertex 2.13121 3 93.546
    endloop
  endfacet
  facet normal 0 1 0
    outer loop
      vertex 4.81421 3 93.4142
      vertex 1.85398 3 93.2688
      vertex 1.98579 3 93.4142
    endloop
  endfacet
  facet normal 0 1 0
    outer loop
      vertex 4.81421 3 93.4142
      vertex 1.73706 3 93.1111
      vertex 1.85398 3 93.2688
    endloop
  endfacet
  facet normal 0 1 0
    outer loop
      vertex 4.81421 3 93.4142
      vertex 1.63616 3 92.9428
      vertex 1.73706 3 93.1111
    endloop
  endfacet
  facet normal 0 1 0
    outer loop
      vertex 4.81421 3 93.4142
      vertex 1.55224 3 92.7654
      vertex 1.63616 3 92.9428
    endloop
  endfacet
  facet normal 0 1 0
    outer loop
      vertex 4.81421 3 93.4142
      vertex 1.48612 3 92.5806
      vertex 1.55224 3 92.7654
    endloop
  endfacet
  facet normal 0 1 0
    outer loop
      vertex 4.81421 3 93.4142
      vertex 1.43843 3 92.3902
      vertex 1.48612 3 92.5806
    endloop
  endfacet
  facet normal 0 1 0
    outer loop
      vertex 4.81421 3 93.4142
      vertex 1.40963 3 92.196
      vertex 1.43843 3 92.3902
    endloop
  endfacet
  facet normal 0 1 0
    outer loop
      vertex 4.81421 3 93.4142
      vertex 1.4 3 92
      vertex 1.40963 3 92.196
    endloop
  endfacet
  facet normal 0 1 0
    outer loop
      vertex 4.81421 3 93.4142
      vertex 1.40963 3 91.804
      vertex 1.4 3 92
    endloop
  endfacet
  facet normal 0 1 0
    outer loop
      vertex 4.81421 3 93.4142
      vertex 1.43843 3 91.6098
      vertex 1.40963 3 91.804
    endloop
  endfacet
  facet normal 0 1 0
    outer loop
      vertex 4.81421 3 93.4142
      vertex 1.48612 3 91.4194
      vertex 1.43843 3 91.6098
    endloop
  endfacet
  facet normal 0 1 0
    outer loop
      vertex 4.81421 3 93.4142
      vertex 1.55224 3 91.2346
      vertex 1.48612 3 91.4194
    endloop
  endfacet
  facet normal 0 1 0
    outer loop
      vertex 4.81421 3 93.4142
      vertex 1.63616 3 91.0572
      vertex 1.55224 3 91.2346
    endloop
  endfacet
  facet normal 0 1 0
    outer loop
      vertex 4.81421 3 93.4142
      vertex 1.73706 3 90.8889
      vertex 1.63616 3 91.0572
    endloop
  endfacet
  facet normal 0 1 0
    outer loop
      vertex 4.81421 3 93.4142
      vertex 1.85398 3 90.7312
      vertex 1.73706 3 90.8889
    endloop
  endfacet
  facet normal 0 1 0
    outer loop
      vertex 4.81421 3 93.4142
      vertex 1.98579 3 90.5858
      vertex 1.85398 3 90.7312
    endloop
  endfacet
  facet normal 0 1 0
    outer loop
      vertex 30.7 3 67.5284
      vertex 1.98579 3 90.5858
      vertex 4.81421 3 93.4142
    endloop
  endfacet
  facet normal 0 1 0
    outer loop
      vertex 1.98579 3 90.5858
      vertex 30.7 3 67.5284
      vertex 30.7 3 61.8716
    endloop
  endfacet
  facet normal 0 1 0
    outer loop
      vertex 3.59603 3 73.9904
      vertex 3.20397 3 73.9904
      vertex 3.4 3 74
    endloop
  endfacet
  facet normal 0 1 0
    outer loop
      vertex 3.79018 3 73.9616
      vertex 3.20397 3 73.9904
      vertex 3.59603 3 73.9904
    endloop
  endfacet
  facet normal 0 1 0
    outer loop
      vertex 3.79018 3 73.9616
      vertex 3.00982 3 73.9616
      vertex 3.20397 3 73.9904
    endloop
  endfacet
  facet normal 0 1 0
    outer loop
      vertex 3.98057 3 73.9139
      vertex 3.00982 3 73.9616
      vertex 3.79018 3 73.9616
    endloop
  endfacet
  facet normal 0 1 0
    outer loop
      vertex 3.98057 3 73.9139
      vertex 2.81943 3 73.9139
      vertex 3.00982 3 73.9616
    endloop
  endfacet
  facet normal 0 1 0
    outer loop
      vertex 4.16537 3 73.8478
      vertex 2.81943 3 73.9139
      vertex 3.98057 3 73.9139
    endloop
  endfacet
  facet normal 0 1 0
    outer loop
      vertex 4.16537 3 73.8478
      vertex 2.63463 3 73.8478
      vertex 2.81943 3 73.9139
    endloop
  endfacet
  facet normal 0 1 0
    outer loop
      vertex 4.34279 3 73.7638
      vertex 2.63463 3 73.8478
      vertex 4.16537 3 73.8478
    endloop
  endfacet
  facet normal 0 1 0
    outer loop
      vertex 4.34279 3 73.7638
      vertex 2.45721 3 73.7638
      vertex 2.63463 3 73.8478
    endloop
  endfacet
  facet normal 0 1 0
    outer loop
      vertex 4.51114 3 73.6629
      vertex 2.45721 3 73.7638
      vertex 4.34279 3 73.7638
    endloop
  endfacet
  facet normal 0 1 0
    outer loop
      vertex 4.51114 3 73.6629
      vertex 2.28886 3 73.6629
      vertex 2.45721 3 73.7638
    endloop
  endfacet
  facet normal 0 1 0
    outer loop
      vertex 4.66879 3 73.546
      vertex 2.28886 3 73.6629
      vertex 4.51114 3 73.6629
    endloop
  endfacet
  facet normal 0 1 0
    outer loop
      vertex 4.66879 3 73.546
      vertex 2.13121 3 73.546
      vertex 2.28886 3 73.6629
    endloop
  endfacet
  facet normal 0 1 0
    outer loop
      vertex 4.81421 3 73.4142
      vertex 2.13121 3 73.546
      vertex 4.66879 3 73.546
    endloop
  endfacet
  facet normal 0 1 0
    outer loop
      vertex 4.81421 3 73.4142
      vertex 1.98579 3 73.4142
      vertex 2.13121 3 73.546
    endloop
  endfacet
  facet normal 0 1 0
    outer loop
      vertex 4.81421 3 73.4142
      vertex 1.85398 3 73.2688
      vertex 1.98579 3 73.4142
    endloop
  endfacet
  facet normal 0 1 0
    outer loop
      vertex 4.81421 3 73.4142
      vertex 1.73706 3 73.1111
      vertex 1.85398 3 73.2688
    endloop
  endfacet
  facet normal 0 1 0
    outer loop
      vertex 4.81421 3 73.4142
      vertex 1.63616 3 72.9428
      vertex 1.73706 3 73.1111
    endloop
  endfacet
  facet normal 0 1 0
    outer loop
      vertex 4.81421 3 73.4142
      vertex 1.55224 3 72.7654
      vertex 1.63616 3 72.9428
    endloop
  endfacet
  facet normal 0 1 0
    outer loop
      vertex 4.81421 3 73.4142
      vertex 1.48612 3 72.5806
      vertex 1.55224 3 72.7654
    endloop
  endfacet
  facet normal 0 1 0
    outer loop
      vertex 4.81421 3 73.4142
      vertex 1.43843 3 72.3902
      vertex 1.48612 3 72.5806
    endloop
  endfacet
  facet normal 0 1 0
    outer loop
      vertex 4.81421 3 73.4142
      vertex 1.40963 3 72.196
      vertex 1.43843 3 72.3902
    endloop
  endfacet
  facet normal 0 1 0
    outer loop
      vertex 4.81421 3 73.4142
      vertex 1.4 3 72
      vertex 1.40963 3 72.196
    endloop
  endfacet
  facet normal 0 1 0
    outer loop
      vertex 4.81421 3 73.4142
      vertex 1.40963 3 71.804
      vertex 1.4 3 72
    endloop
  endfacet
  facet normal 0 1 0
    outer loop
      vertex 4.81421 3 73.4142
      vertex 1.43843 3 71.6098
      vertex 1.40963 3 71.804
    endloop
  endfacet
  facet normal 0 1 0
    outer loop
      vertex 4.81421 3 73.4142
      vertex 1.48612 3 71.4194
      vertex 1.43843 3 71.6098
    endloop
  endfacet
  facet normal 0 1 0
    outer loop
      vertex 4.81421 3 73.4142
      vertex 1.55224 3 71.2346
      vertex 1.48612 3 71.4194
    endloop
  endfacet
  facet normal 0 1 0
    outer loop
      vertex 4.81421 3 73.4142
      vertex 1.63616 3 71.0572
      vertex 1.55224 3 71.2346
    endloop
  endfacet
  facet normal 0 1 0
    outer loop
      vertex 4.81421 3 73.4142
      vertex 1.73706 3 70.8889
      vertex 1.63616 3 71.0572
    endloop
  endfacet
  facet normal 0 1 0
    outer loop
      vertex 4.81421 3 73.4142
      vertex 1.85398 3 70.7312
      vertex 1.73706 3 70.8889
    endloop
  endfacet
  facet normal 0 1 0
    outer loop
      vertex 4.81421 3 73.4142
      vertex 1.98579 3 70.5858
      vertex 1.85398 3 70.7312
    endloop
  endfacet
  facet normal 0 1 0
    outer loop
      vertex 30.7 3 47.5284
      vertex 1.98579 3 70.5858
      vertex 4.81421 3 73.4142
    endloop
  endfacet
  facet normal 0 1 0
    outer loop
      vertex 1.98579 3 70.5858
      vertex 30.7 3 47.5284
      vertex 30.7 3 41.8716
    endloop
  endfacet
  facet normal 0.427916 0 0.903819
    outer loop
      vertex 4.16537 3 93.8478
      vertex 4.34279 -3 93.7638
      vertex 4.34279 3 93.7638
    endloop
  endfacet
  facet normal 0.427916 0 0.903819
    outer loop
      vertex 4.34279 -3 93.7638
      vertex 4.16537 3 93.8478
      vertex 4.16537 -3 93.8478
    endloop
  endfacet
  facet normal -0.941548 0 0.336879
    outer loop
      vertex 1.48612 2.4862 92.5806
      vertex 1.55224 3 92.7654
      vertex 1.48612 3 92.5806
    endloop
  endfacet
  facet normal -0.941548 0 0.336879
    outer loop
      vertex 1.55224 3 92.7654
      vertex 1.48612 2.4862 92.5806
      vertex 1.55224 2.44657 92.7654
    endloop
  endfacet
  facet normal -0.941548 0 0.336879
    outer loop
      vertex 1.55224 -3 92.7654
      vertex 1.48612 -2.4862 92.5806
      vertex 1.48612 -3 92.5806
    endloop
  endfacet
  facet normal -0.941548 0 0.336879
    outer loop
      vertex 1.48612 -2.4862 92.5806
      vertex 1.55224 -3 92.7654
      vertex 1.55224 -2.44657 92.7654
    endloop
  endfacet
  facet normal -0.803201 0 -0.595708
    outer loop
      vertex 1.85398 -3 90.7312
      vertex 1.83974 -2.24173 90.7504
      vertex 1.85398 -2.22882 90.7312
    endloop
  endfacet
  facet normal -0.803313 -5.91456e-06 -0.595557
    outer loop
      vertex 1.85398 -3 90.7312
      vertex 1.73706 -2.31788 90.8889
      vertex 1.83974 -2.24173 90.7504
    endloop
  endfacet
  facet normal -0.803301 -0 -0.595573
    outer loop
      vertex 1.73706 -2.31788 90.8889
      vertex 1.85398 -3 90.7312
      vertex 1.73706 -3 90.8889
    endloop
  endfacet
  facet normal -0.803301 0 -0.595573
    outer loop
      vertex 1.85398 3 90.7312
      vertex 1.73706 2.31788 90.8889
      vertex 1.73706 3 90.8889
    endloop
  endfacet
  facet normal -0.803313 5.91456e-06 -0.595557
    outer loop
      vertex 1.85398 3 90.7312
      vertex 1.83974 2.24173 90.7504
      vertex 1.73706 2.31788 90.8889
    endloop
  endfacet
  facet normal -0.803201 0 -0.595708
    outer loop
      vertex 1.83974 2.24173 90.7504
      vertex 1.85398 3 90.7312
      vertex 1.85398 2.22882 90.7312
    endloop
  endfacet
  facet normal -0.989182 0 -0.146696
    outer loop
      vertex 1.43843 -3 91.6098
      vertex 1.40963 -2.53205 91.804
      vertex 1.43843 -2.51479 91.6098
    endloop
  endfacet
  facet normal -0.989182 -0 -0.146696
    outer loop
      vertex 1.40963 -2.53205 91.804
      vertex 1.43843 -3 91.6098
      vertex 1.40963 -3 91.804
    endloop
  endfacet
  facet normal -0.989182 0 -0.146696
    outer loop
      vertex 1.43843 3 91.6098
      vertex 1.40963 2.53205 91.804
      vertex 1.40963 3 91.804
    endloop
  endfacet
  facet normal -0.989182 0 -0.146696
    outer loop
      vertex 1.40963 2.53205 91.804
      vertex 1.43843 3 91.6098
      vertex 1.43843 2.51479 91.6098
    endloop
  endfacet
  facet normal 0.707107 -0 0.707107
    outer loop
      vertex 4.81421 -3 93.4142
      vertex 30.7 3 67.5284
      vertex 4.81421 3 93.4142
    endloop
  endfacet
  facet normal 0.707107 0 0.707107
    outer loop
      vertex 30.7 3 67.5284
      vertex 4.81421 -3 93.4142
      vertex 30.7 -3 67.5284
    endloop
  endfacet
  facet normal 0.243027 0 0.970019
    outer loop
      vertex 3.79018 3 93.9616
      vertex 3.98057 -3 93.9139
      vertex 3.98057 3 93.9139
    endloop
  endfacet
  facet normal 0.243027 0 0.970019
    outer loop
      vertex 3.98057 -3 93.9139
      vertex 3.79018 3 93.9616
      vertex 3.79018 -3 93.9616
    endloop
  endfacet
  facet normal -0.998795 0 0.0490735
    outer loop
      vertex 1.40963 -3 92.196
      vertex 1.4 -2.53782 92
      vertex 1.4 -3 92
    endloop
  endfacet
  facet normal -0.998795 0 0.0490735
    outer loop
      vertex 1.4 -2.53782 92
      vertex 1.40963 -3 92.196
      vertex 1.40963 -2.53205 92.196
    endloop
  endfacet
  facet normal -0.998795 0 0.0490735
    outer loop
      vertex 1.4 2.53782 92
      vertex 1.40963 3 92.196
      vertex 1.4 3 92
    endloop
  endfacet
  facet normal -0.998795 0 0.0490735
    outer loop
      vertex 1.40963 3 92.196
      vertex 1.4 2.53782 92
      vertex 1.40963 2.53205 92.196
    endloop
  endfacet
  facet normal -0.513534 0 0.858069
    outer loop
      vertex 2.41126 -1.61115 93.7363
      vertex 2.45721 -3 93.7638
      vertex 2.45721 -1.5345 93.7638
    endloop
  endfacet
  facet normal -0.514257 -3.25033e-05 0.857636
    outer loop
      vertex 2.28886 -1.77619 93.6629
      vertex 2.45721 -3 93.7638
      vertex 2.41126 -1.61115 93.7363
    endloop
  endfacet
  facet normal -0.514084 0 0.85774
    outer loop
      vertex 2.45721 -3 93.7638
      vertex 2.28886 -1.77619 93.6629
      vertex 2.28886 -3 93.6629
    endloop
  endfacet
  facet normal -0.513534 0 0.858069
    outer loop
      vertex 2.45721 3 93.7638
      vertex 2.41126 1.61115 93.7363
      vertex 2.45721 1.5345 93.7638
    endloop
  endfacet
  facet normal -0.514084 0 0.85774
    outer loop
      vertex 2.28886 1.77619 93.6629
      vertex 2.45721 3 93.7638
      vertex 2.28886 3 93.6629
    endloop
  endfacet
  facet normal -0.514257 3.25033e-05 0.857636
    outer loop
      vertex 2.45721 3 93.7638
      vertex 2.28886 1.77619 93.6629
      vertex 2.41126 1.61115 93.7363
    endloop
  endfacet
  facet normal -0.970035 0 -0.242967
    outer loop
      vertex 1.48612 -3 91.4194
      vertex 1.43843 -2.51479 91.6098
      vertex 1.48612 -2.4862 91.4194
    endloop
  endfacet
  facet normal -0.970035 -0 -0.242967
    outer loop
      vertex 1.43843 -2.51479 91.6098
      vertex 1.48612 -3 91.4194
      vertex 1.43843 -3 91.6098
    endloop
  endfacet
  facet normal -0.970035 0 -0.242967
    outer loop
      vertex 1.48612 3 91.4194
      vertex 1.43843 2.51479 91.6098
      vertex 1.43843 3 91.6098
    endloop
  endfacet
  facet normal -0.970035 0 -0.242967
    outer loop
      vertex 1.43843 2.51479 91.6098
      vertex 1.48612 3 91.4194
      vertex 1.48612 2.4862 91.4194
    endloop
  endfacet
  facet normal -0.707107 1.50538e-05 -0.707107
    outer loop
      vertex 2.67925 1.10978 89.8923
      vertex 1.98579 3 90.5858
      vertex 30.7 3 61.8716
    endloop
  endfacet
  facet normal -0.706998 -0 -0.707216
    outer loop
      vertex 1.98579 3 90.5858
      vertex 2.05061 2.05061 90.521
      vertex 1.98579 2.10936 90.5858
    endloop
  endfacet
  facet normal -0.707276 -3.79553e-05 -0.706938
    outer loop
      vertex 1.98579 3 90.5858
      vertex 2.24173 1.83974 90.3298
      vertex 2.05061 2.05061 90.521
    endloop
  endfacet
  facet normal -0.706983 9.13507e-05 -0.707231
    outer loop
      vertex 1.98579 3 90.5858
      vertex 2.41126 1.61115 90.1603
      vertex 2.24173 1.83974 90.3298
    endloop
  endfacet
  facet normal -0.707031 6.15316e-05 -0.707182
    outer loop
      vertex 1.98579 3 90.5858
      vertex 2.55757 1.36705 90.014
      vertex 2.41126 1.61115 90.1603
    endloop
  endfacet
  facet normal -0.707295 -0.000123338 -0.706918
    outer loop
      vertex 1.98579 3 90.5858
      vertex 2.67925 1.10978 89.8923
      vertex 2.55757 1.36705 90.014
    endloop
  endfacet
  facet normal -0.707108 5.19749e-05 -0.707106
    outer loop
      vertex 30.7 3 61.8716
      vertex 2.77513 0.841825 89.7964
      vertex 2.67925 1.10978 89.8923
    endloop
  endfacet
  facet normal -0.707101 -0.000125203 -0.707113
    outer loop
      vertex 30.7 3 61.8716
      vertex 2.84428 0.565762 89.7273
      vertex 2.77513 0.841825 89.7964
    endloop
  endfacet
  facet normal -0.707112 0.000124057 -0.707102
    outer loop
      vertex 30.7 3 61.8716
      vertex 2.88603 0.284249 89.6855
      vertex 2.84428 0.565762 89.7273
    endloop
  endfacet
  facet normal -0.707097 -0.000173218 -0.707116
    outer loop
      vertex 30.7 3 61.8716
      vertex 2.9 0 89.6716
      vertex 2.88603 0.284249 89.6855
    endloop
  endfacet
  facet normal -0.707107 0 -0.707107
    outer loop
      vertex 30.7 -3 61.8716
      vertex 2.9 0 89.6716
      vertex 30.7 3 61.8716
    endloop
  endfacet
  facet normal -0.707097 0.000173218 -0.707116
    outer loop
      vertex 2.9 0 89.6716
      vertex 30.7 -3 61.8716
      vertex 2.88603 -0.284249 89.6855
    endloop
  endfacet
  facet normal -0.707112 -0.000124057 -0.707102
    outer loop
      vertex 2.88603 -0.284249 89.6855
      vertex 30.7 -3 61.8716
      vertex 2.84428 -0.565762 89.7273
    endloop
  endfacet
  facet normal -0.707101 0.000125203 -0.707113
    outer loop
      vertex 2.84428 -0.565762 89.7273
      vertex 30.7 -3 61.8716
      vertex 2.77513 -0.841825 89.7964
    endloop
  endfacet
  facet normal -0.707108 -5.19749e-05 -0.707106
    outer loop
      vertex 2.77513 -0.841825 89.7964
      vertex 30.7 -3 61.8716
      vertex 2.67925 -1.10978 89.8923
    endloop
  endfacet
  facet normal -0.707107 -1.50538e-05 -0.707107
    outer loop
      vertex 1.98579 -3 90.5858
      vertex 2.67925 -1.10978 89.8923
      vertex 30.7 -3 61.8716
    endloop
  endfacet
  facet normal -0.707295 0.000123338 -0.706918
    outer loop
      vertex 2.67925 -1.10978 89.8923
      vertex 1.98579 -3 90.5858
      vertex 2.55757 -1.36705 90.014
    endloop
  endfacet
  facet normal -0.707031 -6.15316e-05 -0.707182
    outer loop
      vertex 2.55757 -1.36705 90.014
      vertex 1.98579 -3 90.5858
      vertex 2.41126 -1.61115 90.1603
    endloop
  endfacet
  facet normal -0.706983 -9.13507e-05 -0.707231
    outer loop
      vertex 2.41126 -1.61115 90.1603
      vertex 1.98579 -3 90.5858
      vertex 2.24173 -1.83974 90.3298
    endloop
  endfacet
  facet normal -0.707276 3.79553e-05 -0.706938
    outer loop
      vertex 2.24173 -1.83974 90.3298
      vertex 1.98579 -3 90.5858
      vertex 2.05061 -2.05061 90.521
    endloop
  endfacet
  facet normal -0.706998 0 -0.707216
    outer loop
      vertex 2.05061 -2.05061 90.521
      vertex 1.98579 -3 90.5858
      vertex 1.98579 -2.10936 90.5858
    endloop
  endfacet
  facet normal -0.903958 0 0.427622
    outer loop
      vertex 1.55224 2.44657 92.7654
      vertex 1.63616 3 92.9428
      vertex 1.55224 3 92.7654
    endloop
  endfacet
  facet normal -0.90392 -3.11945e-05 0.427701
    outer loop
      vertex 1.61115 2.41126 92.8899
      vertex 1.63616 3 92.9428
      vertex 1.55224 2.44657 92.7654
    endloop
  endfacet
  facet normal -0.904054 0 0.427418
    outer loop
      vertex 1.63616 3 92.9428
      vertex 1.61115 2.41126 92.8899
      vertex 1.63616 2.39272 92.9428
    endloop
  endfacet
  facet normal -0.903958 0 0.427622
    outer loop
      vertex 1.63616 -3 92.9428
      vertex 1.55224 -2.44657 92.7654
      vertex 1.55224 -3 92.7654
    endloop
  endfacet
  facet normal -0.90392 3.11945e-05 0.427701
    outer loop
      vertex 1.55224 -2.44657 92.7654
      vertex 1.63616 -3 92.9428
      vertex 1.61115 -2.41126 92.8899
    endloop
  endfacet
  facet normal -0.904054 0 0.427418
    outer loop
      vertex 1.61115 -2.41126 92.8899
      vertex 1.63616 -3 92.9428
      vertex 1.63616 -2.39272 92.9428
    endloop
  endfacet
  facet normal 0.671556 0 0.740954
    outer loop
      vertex 4.66879 3 93.546
      vertex 4.81421 -3 93.4142
      vertex 4.81421 3 93.4142
    endloop
  endfacet
  facet normal 0.671556 0 0.740954
    outer loop
      vertex 4.81421 -3 93.4142
      vertex 4.66879 3 93.546
      vertex 4.66879 -3 93.546
    endloop
  endfacet
  facet normal -0.989182 0 0.146696
    outer loop
      vertex 1.43843 -3 92.3902
      vertex 1.40963 -2.53205 92.196
      vertex 1.40963 -3 92.196
    endloop
  endfacet
  facet normal -0.989182 0 0.146696
    outer loop
      vertex 1.40963 -2.53205 92.196
      vertex 1.43843 -3 92.3902
      vertex 1.43843 -2.51479 92.3902
    endloop
  endfacet
  facet normal -0.989182 0 0.146696
    outer loop
      vertex 1.40963 2.53205 92.196
      vertex 1.43843 3 92.3902
      vertex 1.40963 3 92.196
    endloop
  endfacet
  facet normal -0.989182 0 0.146696
    outer loop
      vertex 1.43843 3 92.3902
      vertex 1.40963 2.53205 92.196
      vertex 1.43843 2.51479 92.3902
    endloop
  endfacet
  facet normal -0.970035 0 0.242967
    outer loop
      vertex 1.43843 2.51479 92.3902
      vertex 1.48612 3 92.5806
      vertex 1.43843 3 92.3902
    endloop
  endfacet
  facet normal -0.970035 0 0.242967
    outer loop
      vertex 1.48612 3 92.5806
      vertex 1.43843 2.51479 92.3902
      vertex 1.48612 2.4862 92.5806
    endloop
  endfacet
  facet normal -0.970035 0 0.242967
    outer loop
      vertex 1.48612 -3 92.5806
      vertex 1.43843 -2.51479 92.3902
      vertex 1.43843 -3 92.3902
    endloop
  endfacet
  facet normal -0.970035 0 0.242967
    outer loop
      vertex 1.43843 -2.51479 92.3902
      vertex 1.48612 -3 92.5806
      vertex 1.48612 -2.4862 92.5806
    endloop
  endfacet
  facet normal -0.428066 0 0.903747
    outer loop
      vertex 2.55757 -1.36705 93.8113
      vertex 2.63463 -3 93.8478
      vertex 2.63463 -1.20412 93.8478
    endloop
  endfacet
  facet normal -0.427819 1.42646e-05 0.903864
    outer loop
      vertex 2.45721 -1.5345 93.7638
      vertex 2.63463 -3 93.8478
      vertex 2.55757 -1.36705 93.8113
    endloop
  endfacet
  facet normal -0.427916 0 0.903819
    outer loop
      vertex 2.63463 -3 93.8478
      vertex 2.45721 -1.5345 93.7638
      vertex 2.45721 -3 93.7638
    endloop
  endfacet
  facet normal -0.428066 0 0.903747
    outer loop
      vertex 2.63463 3 93.8478
      vertex 2.55757 1.36705 93.8113
      vertex 2.63463 1.20412 93.8478
    endloop
  endfacet
  facet normal -0.427916 0 0.903819
    outer loop
      vertex 2.45721 1.5345 93.7638
      vertex 2.63463 3 93.8478
      vertex 2.45721 3 93.7638
    endloop
  endfacet
  facet normal -0.427819 -1.42646e-05 0.903864
    outer loop
      vertex 2.63463 3 93.8478
      vertex 2.45721 1.5345 93.7638
      vertex 2.55757 1.36705 93.8113
    endloop
  endfacet
  facet normal -0.671298 0 0.741187
    outer loop
      vertex 2.05061 -2.05061 93.473
      vertex 2.13121 -3 93.546
      vertex 2.13121 -1.96168 93.546
    endloop
  endfacet
  facet normal -0.671835 -8.29276e-05 0.740701
    outer loop
      vertex 1.98579 -2.10936 93.4142
      vertex 2.13121 -3 93.546
      vertex 2.05061 -2.05061 93.473
    endloop
  endfacet
  facet normal -0.671556 0 0.740954
    outer loop
      vertex 2.13121 -3 93.546
      vertex 1.98579 -2.10936 93.4142
      vertex 1.98579 -3 93.4142
    endloop
  endfacet
  facet normal -0.671298 0 0.741187
    outer loop
      vertex 2.13121 3 93.546
      vertex 2.05061 2.05061 93.473
      vertex 2.13121 1.96168 93.546
    endloop
  endfacet
  facet normal -0.671556 0 0.740954
    outer loop
      vertex 1.98579 2.10936 93.4142
      vertex 2.13121 3 93.546
      vertex 1.98579 3 93.4142
    endloop
  endfacet
  facet normal -0.671835 8.29276e-05 0.740701
    outer loop
      vertex 2.13121 3 93.546
      vertex 1.98579 2.10936 93.4142
      vertex 2.05061 2.05061 93.473
    endloop
  endfacet
  facet normal -0.941548 0 -0.336879
    outer loop
      vertex 1.55224 -3 91.2346
      vertex 1.48612 -2.4862 91.4194
      vertex 1.55224 -2.44657 91.2346
    endloop
  endfacet
  facet normal -0.941548 -0 -0.336879
    outer loop
      vertex 1.48612 -2.4862 91.4194
      vertex 1.55224 -3 91.2346
      vertex 1.48612 -3 91.4194
    endloop
  endfacet
  facet normal -0.941548 0 -0.336879
    outer loop
      vertex 1.55224 3 91.2346
      vertex 1.48612 2.4862 91.4194
      vertex 1.48612 3 91.4194
    endloop
  endfacet
  facet normal -0.941548 0 -0.336879
    outer loop
      vertex 1.48612 2.4862 91.4194
      vertex 1.55224 3 91.2346
      vertex 1.55224 2.44657 91.2346
    endloop
  endfacet
  facet normal -0.0489135 0 0.998803
    outer loop
      vertex 3.20397 3 93.9904
      vertex 3.4 -3 94
      vertex 3.4 3 94
    endloop
  endfacet
  facet normal -0.0489135 0 0.998803
    outer loop
      vertex 3.4 -3 94
      vertex 3.20397 3 93.9904
      vertex 3.20397 -3 93.9904
    endloop
  endfacet
  facet normal -0.998795 0 -0.0490735
    outer loop
      vertex 1.40963 -3 91.804
      vertex 1.4 -2.53782 92
      vertex 1.40963 -2.53205 91.804
    endloop
  endfacet
  facet normal -0.998795 -0 -0.0490735
    outer loop
      vertex 1.4 -2.53782 92
      vertex 1.40963 -3 91.804
      vertex 1.4 -3 92
    endloop
  endfacet
  facet normal -0.998795 0 -0.0490735
    outer loop
      vertex 1.40963 3 91.804
      vertex 1.4 2.53782 92
      vertex 1.4 3 92
    endloop
  endfacet
  facet normal -0.998795 0 -0.0490735
    outer loop
      vertex 1.4 2.53782 92
      vertex 1.40963 3 91.804
      vertex 1.40963 2.53205 91.804
    endloop
  endfacet
  facet normal 0.146733 0 0.989176
    outer loop
      vertex 3.59603 3 93.9904
      vertex 3.79018 -3 93.9616
      vertex 3.79018 3 93.9616
    endloop
  endfacet
  facet normal 0.146733 0 0.989176
    outer loop
      vertex 3.79018 -3 93.9616
      vertex 3.59603 3 93.9904
      vertex 3.59603 -3 93.9904
    endloop
  endfacet
  facet normal -0.857673 0 -0.514196
    outer loop
      vertex 1.73706 -3 90.8889
      vertex 1.63616 -2.39272 91.0572
      vertex 1.73706 -2.31788 90.8889
    endloop
  endfacet
  facet normal -0.857673 -0 -0.514196
    outer loop
      vertex 1.63616 -2.39272 91.0572
      vertex 1.73706 -3 90.8889
      vertex 1.63616 -3 91.0572
    endloop
  endfacet
  facet normal -0.857673 0 -0.514196
    outer loop
      vertex 1.73706 3 90.8889
      vertex 1.63616 2.39272 91.0572
      vertex 1.63616 3 91.0572
    endloop
  endfacet
  facet normal -0.857673 0 -0.514196
    outer loop
      vertex 1.63616 2.39272 91.0572
      vertex 1.73706 3 90.8889
      vertex 1.73706 2.31788 90.8889
    endloop
  endfacet
  facet normal -0.595105 0 0.803648
    outer loop
      vertex 2.24173 -1.83974 93.628
      vertex 2.28886 -3 93.6629
      vertex 2.28886 -1.77619 93.6629
    endloop
  endfacet
  facet normal -0.595821 -4.50296e-05 0.803117
    outer loop
      vertex 2.13121 -1.96168 93.546
      vertex 2.28886 -3 93.6629
      vertex 2.24173 -1.83974 93.628
    endloop
  endfacet
  facet normal -0.59563 0 0.803259
    outer loop
      vertex 2.28886 -3 93.6629
      vertex 2.13121 -1.96168 93.546
      vertex 2.13121 -3 93.546
    endloop
  endfacet
  facet normal -0.595105 0 0.803648
    outer loop
      vertex 2.28886 3 93.6629
      vertex 2.24173 1.83974 93.628
      vertex 2.28886 1.77619 93.6629
    endloop
  endfacet
  facet normal -0.59563 0 0.803259
    outer loop
      vertex 2.13121 1.96168 93.546
      vertex 2.28886 3 93.6629
      vertex 2.13121 3 93.546
    endloop
  endfacet
  facet normal -0.595821 4.50296e-05 0.803117
    outer loop
      vertex 2.28886 3 93.6629
      vertex 2.13121 1.96168 93.546
      vertex 2.24173 1.83974 93.628
    endloop
  endfacet
  facet normal 0.59563 0 0.803259
    outer loop
      vertex 4.51114 3 93.6629
      vertex 4.66879 -3 93.546
      vertex 4.66879 3 93.546
    endloop
  endfacet
  facet normal 0.59563 0 0.803259
    outer loop
      vertex 4.66879 -3 93.546
      vertex 4.51114 3 93.6629
      vertex 4.51114 -3 93.6629
    endloop
  endfacet
  facet normal -0.857673 0 0.514196
    outer loop
      vertex 1.63616 2.39272 92.9428
      vertex 1.73706 3 93.1111
      vertex 1.63616 3 92.9428
    endloop
  endfacet
  facet normal -0.857673 0 0.514196
    outer loop
      vertex 1.73706 3 93.1111
      vertex 1.63616 2.39272 92.9428
      vertex 1.73706 2.31788 93.1111
    endloop
  endfacet
  facet normal -0.857673 0 0.514196
    outer loop
      vertex 1.73706 -3 93.1111
      vertex 1.63616 -2.39272 92.9428
      vertex 1.63616 -3 92.9428
    endloop
  endfacet
  facet normal -0.857673 0 0.514196
    outer loop
      vertex 1.63616 -2.39272 92.9428
      vertex 1.73706 -3 93.1111
      vertex 1.73706 -2.31788 93.1111
    endloop
  endfacet
  facet normal -0.146733 0 0.989176
    outer loop
      vertex 3.00982 3 93.9616
      vertex 3.20397 -3 93.9904
      vertex 3.20397 3 93.9904
    endloop
  endfacet
  facet normal -0.146733 0 0.989176
    outer loop
      vertex 3.20397 -3 93.9904
      vertex 3.00982 3 93.9616
      vertex 3.00982 -3 93.9616
    endloop
  endfacet
  facet normal -0.903958 0 -0.427622
    outer loop
      vertex 1.63616 3 91.0572
      vertex 1.55224 2.44657 91.2346
      vertex 1.55224 3 91.2346
    endloop
  endfacet
  facet normal -0.90392 -3.11945e-05 -0.427701
    outer loop
      vertex 1.63616 3 91.0572
      vertex 1.61115 2.41126 91.1101
      vertex 1.55224 2.44657 91.2346
    endloop
  endfacet
  facet normal -0.904054 0 -0.427418
    outer loop
      vertex 1.61115 2.41126 91.1101
      vertex 1.63616 3 91.0572
      vertex 1.63616 2.39272 91.0572
    endloop
  endfacet
  facet normal -0.904054 0 -0.427418
    outer loop
      vertex 1.63616 -3 91.0572
      vertex 1.61115 -2.41126 91.1101
      vertex 1.63616 -2.39272 91.0572
    endloop
  endfacet
  facet normal -0.90392 3.11945e-05 -0.427701
    outer loop
      vertex 1.63616 -3 91.0572
      vertex 1.55224 -2.44657 91.2346
      vertex 1.61115 -2.41126 91.1101
    endloop
  endfacet
  facet normal -0.903958 -0 -0.427622
    outer loop
      vertex 1.55224 -2.44657 91.2346
      vertex 1.63616 -3 91.0572
      vertex 1.55224 -3 91.2346
    endloop
  endfacet
  facet normal -0.803301 0 0.595573
    outer loop
      vertex 1.73706 2.31788 93.1111
      vertex 1.85398 3 93.2688
      vertex 1.73706 3 93.1111
    endloop
  endfacet
  facet normal -0.803313 5.91456e-06 0.595557
    outer loop
      vertex 1.83974 2.24173 93.2496
      vertex 1.85398 3 93.2688
      vertex 1.73706 2.31788 93.1111
    endloop
  endfacet
  facet normal -0.803201 0 0.595708
    outer loop
      vertex 1.85398 3 93.2688
      vertex 1.83974 2.24173 93.2496
      vertex 1.85398 2.22882 93.2688
    endloop
  endfacet
  facet normal -0.803301 0 0.595573
    outer loop
      vertex 1.85398 -3 93.2688
      vertex 1.73706 -2.31788 93.1111
      vertex 1.73706 -3 93.1111
    endloop
  endfacet
  facet normal -0.803313 -5.91456e-06 0.595557
    outer loop
      vertex 1.73706 -2.31788 93.1111
      vertex 1.85398 -3 93.2688
      vertex 1.83974 -2.24173 93.2496
    endloop
  endfacet
  facet normal -0.803201 0 0.595708
    outer loop
      vertex 1.83974 -2.24173 93.2496
      vertex 1.85398 -3 93.2688
      vertex 1.85398 -2.22882 93.2688
    endloop
  endfacet
  facet normal -0.24291 0 0.970049
    outer loop
      vertex 3.00982 3 93.9616
      vertex 2.9 0 93.9341
      vertex 3.00982 -3 93.9616
    endloop
  endfacet
  facet normal -0.242976 2.58671e-06 0.970032
    outer loop
      vertex 3.00982 3 93.9616
      vertex 2.88603 0.284249 93.9306
      vertex 2.9 0 93.9341
    endloop
  endfacet
  facet normal -0.243672 3.62803e-05 0.969858
    outer loop
      vertex 3.00982 3 93.9616
      vertex 2.84428 0.565762 93.9201
      vertex 2.88603 0.284249 93.9306
    endloop
  endfacet
  facet normal -0.243027 0 0.970019
    outer loop
      vertex 2.81943 0.664953 93.9139
      vertex 3.00982 3 93.9616
      vertex 2.81943 3 93.9139
    endloop
  endfacet
  facet normal -0.24231 -6.21521e-05 0.970199
    outer loop
      vertex 3.00982 3 93.9616
      vertex 2.81943 0.664953 93.9139
      vertex 2.84428 0.565762 93.9201
    endloop
  endfacet
  facet normal -0.242976 -2.58671e-06 0.970032
    outer loop
      vertex 2.88603 -0.284249 93.9306
      vertex 3.00982 -3 93.9616
      vertex 2.9 0 93.9341
    endloop
  endfacet
  facet normal -0.243672 -3.62803e-05 0.969858
    outer loop
      vertex 2.84428 -0.565762 93.9201
      vertex 3.00982 -3 93.9616
      vertex 2.88603 -0.284249 93.9306
    endloop
  endfacet
  facet normal -0.24231 6.21521e-05 0.970199
    outer loop
      vertex 2.81943 -0.664953 93.9139
      vertex 3.00982 -3 93.9616
      vertex 2.84428 -0.565762 93.9201
    endloop
  endfacet
  facet normal -0.243027 0 0.970019
    outer loop
      vertex 3.00982 -3 93.9616
      vertex 2.81943 -0.664953 93.9139
      vertex 2.81943 -3 93.9139
    endloop
  endfacet
  facet normal 0.336788 0 0.94158
    outer loop
      vertex 3.98057 3 93.9139
      vertex 4.16537 -3 93.8478
      vertex 4.16537 3 93.8478
    endloop
  endfacet
  facet normal 0.336788 0 0.94158
    outer loop
      vertex 4.16537 -3 93.8478
      vertex 3.98057 3 93.9139
      vertex 3.98057 -3 93.9139
    endloop
  endfacet
  facet normal 0.514084 0 0.85774
    outer loop
      vertex 4.34279 3 93.7638
      vertex 4.51114 -3 93.6629
      vertex 4.51114 3 93.6629
    endloop
  endfacet
  facet normal 0.514084 0 0.85774
    outer loop
      vertex 4.51114 -3 93.6629
      vertex 4.34279 3 93.7638
      vertex 4.34279 -3 93.7638
    endloop
  endfacet
  facet normal -0.740882 0 0.671635
    outer loop
      vertex 1.98579 -3 93.4142
      vertex 1.85398 -2.22882 93.2688
      vertex 1.85398 -3 93.2688
    endloop
  endfacet
  facet normal -0.740882 0 0.671635
    outer loop
      vertex 1.85398 -2.22882 93.2688
      vertex 1.98579 -3 93.4142
      vertex 1.98579 -2.10936 93.4142
    endloop
  endfacet
  facet normal -0.740882 0 0.671635
    outer loop
      vertex 1.85398 2.22882 93.2688
      vertex 1.98579 3 93.4142
      vertex 1.85398 3 93.2688
    endloop
  endfacet
  facet normal -0.740882 0 0.671635
    outer loop
      vertex 1.98579 3 93.4142
      vertex 1.85398 2.22882 93.2688
      vertex 1.98579 2.10936 93.4142
    endloop
  endfacet
  facet normal 0.0489135 0 0.998803
    outer loop
      vertex 3.4 3 94
      vertex 3.59603 -3 93.9904
      vertex 3.59603 3 93.9904
    endloop
  endfacet
  facet normal 0.0489135 0 0.998803
    outer loop
      vertex 3.59603 -3 93.9904
      vertex 3.4 3 94
      vertex 3.4 -3 94
    endloop
  endfacet
  facet normal -0.740882 0 -0.671635
    outer loop
      vertex 1.98579 -3 90.5858
      vertex 1.85398 -2.22882 90.7312
      vertex 1.98579 -2.10936 90.5858
    endloop
  endfacet
  facet normal -0.740882 -0 -0.671635
    outer loop
      vertex 1.85398 -2.22882 90.7312
      vertex 1.98579 -3 90.5858
      vertex 1.85398 -3 90.7312
    endloop
  endfacet
  facet normal -0.740882 0 -0.671635
    outer loop
      vertex 1.98579 3 90.5858
      vertex 1.85398 2.22882 90.7312
      vertex 1.85398 3 90.7312
    endloop
  endfacet
  facet normal -0.740882 0 -0.671635
    outer loop
      vertex 1.85398 2.22882 90.7312
      vertex 1.98579 3 90.5858
      vertex 1.98579 2.10936 90.5858
    endloop
  endfacet
  facet normal -0.337816 0 0.941212
    outer loop
      vertex 2.81943 3 93.9139
      vertex 2.77513 0.841825 93.898
      vertex 2.81943 0.664953 93.9139
    endloop
  endfacet
  facet normal -0.336887 -2.15251e-05 0.941545
    outer loop
      vertex 2.81943 3 93.9139
      vertex 2.67925 1.10978 93.8637
      vertex 2.77513 0.841825 93.898
    endloop
  endfacet
  facet normal -0.336788 0 0.94158
    outer loop
      vertex 2.63463 1.20412 93.8478
      vertex 2.81943 3 93.9139
      vertex 2.63463 3 93.8478
    endloop
  endfacet
  facet normal -0.335868 -0.000106793 0.941909
    outer loop
      vertex 2.81943 3 93.9139
      vertex 2.63463 1.20412 93.8478
      vertex 2.67925 1.10978 93.8637
    endloop
  endfacet
  facet normal -0.337816 0 0.941212
    outer loop
      vertex 2.77513 -0.841825 93.898
      vertex 2.81943 -3 93.9139
      vertex 2.81943 -0.664953 93.9139
    endloop
  endfacet
  facet normal -0.336887 2.15251e-05 0.941545
    outer loop
      vertex 2.67925 -1.10978 93.8637
      vertex 2.81943 -3 93.9139
      vertex 2.77513 -0.841825 93.898
    endloop
  endfacet
  facet normal -0.335868 0.000106793 0.941909
    outer loop
      vertex 2.63463 -1.20412 93.8478
      vertex 2.81943 -3 93.9139
      vertex 2.67925 -1.10978 93.8637
    endloop
  endfacet
  facet normal -0.336788 0 0.94158
    outer loop
      vertex 2.81943 -3 93.9139
      vertex 2.63463 -1.20412 93.8478
      vertex 2.63463 -3 93.8478
    endloop
  endfacet
  facet normal 1 -0 0
    outer loop
      vertex 41.7 -12 4
      vertex 41.7 12 0
      vertex 41.7 12 4
    endloop
  endfacet
  facet normal 1 0 0
    outer loop
      vertex 41.7 12 0
      vertex 41.7 -12 4
      vertex 41.7 -12 0
    endloop
  endfacet
  facet normal 0 0 1
    outer loop
      vertex 41.7 12 4
      vertex 38.7 11 4
      vertex 41.7 -12 4
    endloop
  endfacet
  facet normal 0 0 1
    outer loop
      vertex 41.7 12 4
      vertex 30.7 11 4
      vertex 38.7 11 4
    endloop
  endfacet
  facet normal 0 0 1
    outer loop
      vertex 30.7 11 4
      vertex 27.7 12 4
      vertex 30.7 -11 4
    endloop
  endfacet
  facet normal -0 0 1
    outer loop
      vertex 27.7 12 4
      vertex 30.7 11 4
      vertex 41.7 12 4
    endloop
  endfacet
  facet normal -0 0 1
    outer loop
      vertex 38.7 -11 4
      vertex 41.7 -12 4
      vertex 38.7 11 4
    endloop
  endfacet
  facet normal -0 0 1
    outer loop
      vertex 30.7 -11 4
      vertex 41.7 -12 4
      vertex 38.7 -11 4
    endloop
  endfacet
  facet normal 0 0 1
    outer loop
      vertex 30.7 -11 4
      vertex 27.7 -12 4
      vertex 41.7 -12 4
    endloop
  endfacet
  facet normal 0 0 1
    outer loop
      vertex 27.7 -12 4
      vertex 30.7 -11 4
      vertex 27.7 12 4
    endloop
  endfacet
  facet normal 0 0 -1
    outer loop
      vertex 36.3268 -7.50652 0
      vertex 41.7 -12 0
      vertex 36.3673 -7.66835 0
    endloop
  endfacet
  facet normal 0 0 -1
    outer loop
      vertex 41.7 12 0
      vertex 36.3918 7.83337 0
      vertex 36.4 8 0
    endloop
  endfacet
  facet normal 0 0 -1
    outer loop
      vertex 36.2706 -7.34944 0
      vertex 41.7 -12 0
      vertex 36.3268 -7.50652 0
    endloop
  endfacet
  facet normal 0 0 -1
    outer loop
      vertex 41.7 12 0
      vertex 36.3673 7.66835 0
      vertex 36.3918 7.83337 0
    endloop
  endfacet
  facet normal 0 0 -1
    outer loop
      vertex 36.1993 -7.19862 0
      vertex 41.7 -12 0
      vertex 36.2706 -7.34944 0
    endloop
  endfacet
  facet normal 0 0 -1
    outer loop
      vertex 41.7 12 0
      vertex 36.3268 7.50652 0
      vertex 36.3673 7.66835 0
    endloop
  endfacet
  facet normal 0 0 -1
    outer loop
      vertex 36.1135 -7.05553 0
      vertex 41.7 -12 0
      vertex 36.1993 -7.19862 0
    endloop
  endfacet
  facet normal 0 0 -1
    outer loop
      vertex 41.7 12 0
      vertex 36.2706 7.34944 0
      vertex 36.3268 7.50652 0
    endloop
  endfacet
  facet normal 0 0 -1
    outer loop
      vertex 41.7 -12 0
      vertex 36.1135 -7.05553 0
      vertex 41.7 12 0
    endloop
  endfacet
  facet normal 0 0 -1
    outer loop
      vertex 41.7 12 0
      vertex 36.1993 7.19862 0
      vertex 36.2706 7.34944 0
    endloop
  endfacet
  facet normal 0 0 -1
    outer loop
      vertex 36.1135 7.05553 0
      vertex 41.7 12 0
      vertex 36.1135 -7.05553 0
    endloop
  endfacet
  facet normal 0 0 -1
    outer loop
      vertex 41.7 12 0
      vertex 36.1135 7.05553 0
      vertex 36.1993 7.19862 0
    endloop
  endfacet
  facet normal 0 0 -1
    outer loop
      vertex 36.0141 -6.92153 0
      vertex 36.1135 7.05553 0
      vertex 36.1135 -7.05553 0
    endloop
  endfacet
  facet normal 0 0 -1
    outer loop
      vertex 36.0141 -6.92153 0
      vertex 36.0141 6.92153 0
      vertex 36.1135 7.05553 0
    endloop
  endfacet
  facet normal 0 0 -1
    outer loop
      vertex 35.9021 -6.79792 0
      vertex 36.0141 6.92153 0
      vertex 36.0141 -6.92153 0
    endloop
  endfacet
  facet normal 0 0 -1
    outer loop
      vertex 35.9021 -6.79792 0
      vertex 35.9021 6.79792 0
      vertex 36.0141 6.92153 0
    endloop
  endfacet
  facet normal 0 0 -1
    outer loop
      vertex 35.7785 -6.68588 0
      vertex 35.9021 6.79792 0
      vertex 35.9021 -6.79792 0
    endloop
  endfacet
  facet normal 0 0 -1
    outer loop
      vertex 35.7785 -6.68588 0
      vertex 35.7785 6.68588 0
      vertex 35.9021 6.79792 0
    endloop
  endfacet
  facet normal 0 0 -1
    outer loop
      vertex 35.6445 -6.5865 0
      vertex 35.7785 6.68588 0
      vertex 35.7785 -6.68588 0
    endloop
  endfacet
  facet normal 0 0 -1
    outer loop
      vertex 35.6445 -6.5865 0
      vertex 35.6445 6.5865 0
      vertex 35.7785 6.68588 0
    endloop
  endfacet
  facet normal 0 0 -1
    outer loop
      vertex 35.5014 -6.50073 0
      vertex 35.6445 6.5865 0
      vertex 35.6445 -6.5865 0
    endloop
  endfacet
  facet normal 0 0 -1
    outer loop
      vertex 35.5014 -6.50073 0
      vertex 35.5014 6.50073 0
      vertex 35.6445 6.5865 0
    endloop
  endfacet
  facet normal 0 0 -1
    outer loop
      vertex 35.3506 -6.4294 0
      vertex 35.5014 6.50073 0
      vertex 35.5014 -6.50073 0
    endloop
  endfacet
  facet normal 0 0 -1
    outer loop
      vertex 35.3506 -6.4294 0
      vertex 35.3506 6.4294 0
      vertex 35.5014 6.50073 0
    endloop
  endfacet
  facet normal 0 0 -1
    outer loop
      vertex 35.1935 -6.3732 0
      vertex 35.3506 6.4294 0
      vertex 35.3506 -6.4294 0
    endloop
  endfacet
  facet normal 0 0 -1
    outer loop
      vertex 35.1935 -6.3732 0
      vertex 35.1935 6.3732 0
      vertex 35.3506 6.4294 0
    endloop
  endfacet
  facet normal 0 0 -1
    outer loop
      vertex 35.0317 -6.33266 0
      vertex 35.1935 6.3732 0
      vertex 35.1935 -6.3732 0
    endloop
  endfacet
  facet normal 0 0 -1
    outer loop
      vertex 35.0317 -6.33266 0
      vertex 35.0317 6.33266 0
      vertex 35.1935 6.3732 0
    endloop
  endfacet
  facet normal 0 0 -1
    outer loop
      vertex 34.8666 -6.30819 0
      vertex 35.0317 6.33266 0
      vertex 35.0317 -6.33266 0
    endloop
  endfacet
  facet normal 0 0 -1
    outer loop
      vertex 34.8666 -6.30819 0
      vertex 34.8666 6.30819 0
      vertex 35.0317 6.33266 0
    endloop
  endfacet
  facet normal 0 0 -1
    outer loop
      vertex 34.7 -6.3 0
      vertex 34.8666 6.30819 0
      vertex 34.8666 -6.30819 0
    endloop
  endfacet
  facet normal 0 0 -1
    outer loop
      vertex 34.7 -6.3 0
      vertex 34.7 6.3 0
      vertex 34.8666 6.30819 0
    endloop
  endfacet
  facet normal 0 0 -1
    outer loop
      vertex 34.5334 -6.30819 0
      vertex 34.7 6.3 0
      vertex 34.7 -6.3 0
    endloop
  endfacet
  facet normal 0 0 -1
    outer loop
      vertex 34.5334 -6.30819 0
      vertex 34.5334 6.30819 0
      vertex 34.7 6.3 0
    endloop
  endfacet
  facet normal 0 0 -1
    outer loop
      vertex 34.3683 -6.33266 0
      vertex 34.5334 6.30819 0
      vertex 34.5334 -6.30819 0
    endloop
  endfacet
  facet normal 0 0 -1
    outer loop
      vertex 34.3683 -6.33266 0
      vertex 34.3683 6.33266 0
      vertex 34.5334 6.30819 0
    endloop
  endfacet
  facet normal 0 0 -1
    outer loop
      vertex 34.2065 -6.3732 0
      vertex 34.3683 6.33266 0
      vertex 34.3683 -6.33266 0
    endloop
  endfacet
  facet normal 0 0 -1
    outer loop
      vertex 34.2065 -6.3732 0
      vertex 34.2065 6.3732 0
      vertex 34.3683 6.33266 0
    endloop
  endfacet
  facet normal 0 0 -1
    outer loop
      vertex 34.0494 -6.4294 0
      vertex 34.2065 6.3732 0
      vertex 34.2065 -6.3732 0
    endloop
  endfacet
  facet normal 0 0 -1
    outer loop
      vertex 34.0494 -6.4294 0
      vertex 34.0494 6.4294 0
      vertex 34.2065 6.3732 0
    endloop
  endfacet
  facet normal 0 0 -1
    outer loop
      vertex 33.8986 -6.50073 0
      vertex 34.0494 6.4294 0
      vertex 34.0494 -6.4294 0
    endloop
  endfacet
  facet normal 0 0 -1
    outer loop
      vertex 33.8986 -6.50073 0
      vertex 33.8986 6.50073 0
      vertex 34.0494 6.4294 0
    endloop
  endfacet
  facet normal 0 0 -1
    outer loop
      vertex 33.7555 -6.5865 0
      vertex 33.8986 6.50073 0
      vertex 33.8986 -6.50073 0
    endloop
  endfacet
  facet normal 0 0 -1
    outer loop
      vertex 33.7555 -6.5865 0
      vertex 33.7555 6.5865 0
      vertex 33.8986 6.50073 0
    endloop
  endfacet
  facet normal 0 0 -1
    outer loop
      vertex 33.6215 -6.68588 0
      vertex 33.7555 6.5865 0
      vertex 33.7555 -6.5865 0
    endloop
  endfacet
  facet normal 0 0 -1
    outer loop
      vertex 33.6215 -6.68588 0
      vertex 33.6215 6.68588 0
      vertex 33.7555 6.5865 0
    endloop
  endfacet
  facet normal 0 0 -1
    outer loop
      vertex 33.4979 -6.79792 0
      vertex 33.6215 6.68588 0
      vertex 33.6215 -6.68588 0
    endloop
  endfacet
  facet normal 0 0 -1
    outer loop
      vertex 33.4979 -6.79792 0
      vertex 33.4979 6.79792 0
      vertex 33.6215 6.68588 0
    endloop
  endfacet
  facet normal 0 0 -1
    outer loop
      vertex 33.3859 -6.92153 0
      vertex 33.4979 6.79792 0
      vertex 33.4979 -6.79792 0
    endloop
  endfacet
  facet normal 0 0 -1
    outer loop
      vertex 33.3859 -6.92153 0
      vertex 33.3859 6.92153 0
      vertex 33.4979 6.79792 0
    endloop
  endfacet
  facet normal 0 0 -1
    outer loop
      vertex 33.2865 -7.05553 0
      vertex 33.3859 6.92153 0
      vertex 33.3859 -6.92153 0
    endloop
  endfacet
  facet normal 0 0 -1
    outer loop
      vertex 33.2865 -7.05553 0
      vertex 33.2865 7.05553 0
      vertex 33.3859 6.92153 0
    endloop
  endfacet
  facet normal 0 0 -1
    outer loop
      vertex 27.7 -12 0
      vertex 33.2865 -7.05553 0
      vertex 33.2007 -7.19862 0
    endloop
  endfacet
  facet normal -0 0 -1
    outer loop
      vertex 33.2865 -7.05553 0
      vertex 27.7 -12 0
      vertex 33.2865 7.05553 0
    endloop
  endfacet
  facet normal 0 0 -1
    outer loop
      vertex 27.7 -12 0
      vertex 33.2007 -7.19862 0
      vertex 33.1294 -7.34944 0
    endloop
  endfacet
  facet normal 0 0 -1
    outer loop
      vertex 27.7 12 0
      vertex 33.2865 7.05553 0
      vertex 27.7 -12 0
    endloop
  endfacet
  facet normal 0 0 -1
    outer loop
      vertex 27.7 -12 0
      vertex 33.1294 -7.34944 0
      vertex 33.0732 -7.50652 0
    endloop
  endfacet
  facet normal 0 0 -1
    outer loop
      vertex 33.2865 7.05553 0
      vertex 27.7 12 0
      vertex 33.2007 7.19862 0
    endloop
  endfacet
  facet normal 0 0 -1
    outer loop
      vertex 27.7 -12 0
      vertex 33.0732 -7.50652 0
      vertex 33.0327 -7.66835 0
    endloop
  endfacet
  facet normal 0 0 -1
    outer loop
      vertex 33.2007 7.19862 0
      vertex 27.7 12 0
      vertex 33.1294 7.34944 0
    endloop
  endfacet
  facet normal 0 0 -1
    outer loop
      vertex 27.7 -12 0
      vertex 33.0327 -7.66835 0
      vertex 33.0082 -7.83337 0
    endloop
  endfacet
  facet normal 0 0 -1
    outer loop
      vertex 33.1294 7.34944 0
      vertex 27.7 12 0
      vertex 33.0732 7.50652 0
    endloop
  endfacet
  facet normal 0 0 -1
    outer loop
      vertex 27.7 -12 0
      vertex 33.0082 -7.83337 0
      vertex 33 -8 0
    endloop
  endfacet
  facet normal 0 0 -1
    outer loop
      vertex 33.0732 7.50652 0
      vertex 27.7 12 0
      vertex 33.0327 7.66835 0
    endloop
  endfacet
  facet normal 0 0 -1
    outer loop
      vertex 36.3918 -7.83337 0
      vertex 41.7 -12 0
      vertex 36.4 -8 0
    endloop
  endfacet
  facet normal 0 0 -1
    outer loop
      vertex 41.7 -12 0
      vertex 36.3918 -8.16663 0
      vertex 36.4 -8 0
    endloop
  endfacet
  facet normal 0 0 -1
    outer loop
      vertex 41.7 -12 0
      vertex 36.3673 -8.33165 0
      vertex 36.3918 -8.16663 0
    endloop
  endfacet
  facet normal 0 0 -1
    outer loop
      vertex 41.7 -12 0
      vertex 36.3268 -8.49348 0
      vertex 36.3673 -8.33165 0
    endloop
  endfacet
  facet normal 0 0 -1
    outer loop
      vertex 41.7 -12 0
      vertex 36.2706 -8.65056 0
      vertex 36.3268 -8.49348 0
    endloop
  endfacet
  facet normal 0 0 -1
    outer loop
      vertex 41.7 -12 0
      vertex 36.1993 -8.80137 0
      vertex 36.2706 -8.65056 0
    endloop
  endfacet
  facet normal 0 0 -1
    outer loop
      vertex 41.7 -12 0
      vertex 36.1135 -8.94447 0
      vertex 36.1993 -8.80137 0
    endloop
  endfacet
  facet normal 0 0 -1
    outer loop
      vertex 41.7 -12 0
      vertex 36.0141 -9.07847 0
      vertex 36.1135 -8.94447 0
    endloop
  endfacet
  facet normal 0 0 -1
    outer loop
      vertex 41.7 -12 0
      vertex 35.9021 -9.20208 0
      vertex 36.0141 -9.07847 0
    endloop
  endfacet
  facet normal 0 0 -1
    outer loop
      vertex 41.7 -12 0
      vertex 35.7785 -9.31412 0
      vertex 35.9021 -9.20208 0
    endloop
  endfacet
  facet normal 0 0 -1
    outer loop
      vertex 41.7 -12 0
      vertex 35.6445 -9.4135 0
      vertex 35.7785 -9.31412 0
    endloop
  endfacet
  facet normal 0 0 -1
    outer loop
      vertex 41.7 -12 0
      vertex 35.5014 -9.49927 0
      vertex 35.6445 -9.4135 0
    endloop
  endfacet
  facet normal 0 0 -1
    outer loop
      vertex 41.7 -12 0
      vertex 35.3506 -9.57059 0
      vertex 35.5014 -9.49927 0
    endloop
  endfacet
  facet normal 0 0 -1
    outer loop
      vertex 41.7 -12 0
      vertex 35.1935 -9.6268 0
      vertex 35.3506 -9.57059 0
    endloop
  endfacet
  facet normal 0 0 -1
    outer loop
      vertex 41.7 -12 0
      vertex 35.0317 -9.66733 0
      vertex 35.1935 -9.6268 0
    endloop
  endfacet
  facet normal 0 0 -1
    outer loop
      vertex 41.7 -12 0
      vertex 34.8666 -9.69181 0
      vertex 35.0317 -9.66733 0
    endloop
  endfacet
  facet normal 0 0 -1
    outer loop
      vertex 41.7 -12 0
      vertex 34.7 -9.7 0
      vertex 34.8666 -9.69181 0
    endloop
  endfacet
  facet normal 0 0 -1
    outer loop
      vertex 27.7 -12 0
      vertex 34.7 -9.7 0
      vertex 41.7 -12 0
    endloop
  endfacet
  facet normal -0 0 -1
    outer loop
      vertex 34.7 -9.7 0
      vertex 27.7 -12 0
      vertex 34.5334 -9.69181 0
    endloop
  endfacet
  facet normal -0 0 -1
    outer loop
      vertex 34.5334 -9.69181 0
      vertex 27.7 -12 0
      vertex 34.3683 -9.66733 0
    endloop
  endfacet
  facet normal 0 0 -1
    outer loop
      vertex 33.0327 7.66835 0
      vertex 27.7 12 0
      vertex 33.0082 7.83337 0
    endloop
  endfacet
  facet normal -0 0 -1
    outer loop
      vertex 33.0082 -8.16663 0
      vertex 27.7 -12 0
      vertex 33 -8 0
    endloop
  endfacet
  facet normal -0 0 -1
    outer loop
      vertex 33.0327 -8.33165 0
      vertex 27.7 -12 0
      vertex 33.0082 -8.16663 0
    endloop
  endfacet
  facet normal -0 0 -1
    outer loop
      vertex 33.0732 -8.49348 0
      vertex 27.7 -12 0
      vertex 33.0327 -8.33165 0
    endloop
  endfacet
  facet normal -0 0 -1
    outer loop
      vertex 33.1294 -8.65056 0
      vertex 27.7 -12 0
      vertex 33.0732 -8.49348 0
    endloop
  endfacet
  facet normal -0 0 -1
    outer loop
      vertex 33.2007 -8.80137 0
      vertex 27.7 -12 0
      vertex 33.1294 -8.65056 0
    endloop
  endfacet
  facet normal -0 0 -1
    outer loop
      vertex 33.2865 -8.94447 0
      vertex 27.7 -12 0
      vertex 33.2007 -8.80137 0
    endloop
  endfacet
  facet normal -0 0 -1
    outer loop
      vertex 33.3859 -9.07847 0
      vertex 27.7 -12 0
      vertex 33.2865 -8.94447 0
    endloop
  endfacet
  facet normal -0 0 -1
    outer loop
      vertex 33.4979 -9.20208 0
      vertex 27.7 -12 0
      vertex 33.3859 -9.07847 0
    endloop
  endfacet
  facet normal -0 0 -1
    outer loop
      vertex 33.6215 -9.31412 0
      vertex 27.7 -12 0
      vertex 33.4979 -9.20208 0
    endloop
  endfacet
  facet normal -0 0 -1
    outer loop
      vertex 33.7555 -9.4135 0
      vertex 27.7 -12 0
      vertex 33.6215 -9.31412 0
    endloop
  endfacet
  facet normal -0 0 -1
    outer loop
      vertex 33.8986 -9.49927 0
      vertex 27.7 -12 0
      vertex 33.7555 -9.4135 0
    endloop
  endfacet
  facet normal -0 0 -1
    outer loop
      vertex 34.0494 -9.57059 0
      vertex 27.7 -12 0
      vertex 33.8986 -9.49927 0
    endloop
  endfacet
  facet normal -0 0 -1
    outer loop
      vertex 34.2065 -9.6268 0
      vertex 27.7 -12 0
      vertex 34.0494 -9.57059 0
    endloop
  endfacet
  facet normal -0 0 -1
    outer loop
      vertex 34.3683 -9.66733 0
      vertex 27.7 -12 0
      vertex 34.2065 -9.6268 0
    endloop
  endfacet
  facet normal 0 0 -1
    outer loop
      vertex 36.3673 -7.66835 0
      vertex 41.7 -12 0
      vertex 36.3918 -7.83337 0
    endloop
  endfacet
  facet normal 0 0 -1
    outer loop
      vertex 36.3918 8.16663 0
      vertex 41.7 12 0
      vertex 36.4 8 0
    endloop
  endfacet
  facet normal 0 0 -1
    outer loop
      vertex 36.3673 8.33165 0
      vertex 41.7 12 0
      vertex 36.3918 8.16663 0
    endloop
  endfacet
  facet normal 0 0 -1
    outer loop
      vertex 36.3268 8.49348 0
      vertex 41.7 12 0
      vertex 36.3673 8.33165 0
    endloop
  endfacet
  facet normal 0 0 -1
    outer loop
      vertex 36.2706 8.65056 0
      vertex 41.7 12 0
      vertex 36.3268 8.49348 0
    endloop
  endfacet
  facet normal 0 0 -1
    outer loop
      vertex 36.1993 8.80137 0
      vertex 41.7 12 0
      vertex 36.2706 8.65056 0
    endloop
  endfacet
  facet normal 0 0 -1
    outer loop
      vertex 36.1135 8.94447 0
      vertex 41.7 12 0
      vertex 36.1993 8.80137 0
    endloop
  endfacet
  facet normal 0 0 -1
    outer loop
      vertex 36.0141 9.07847 0
      vertex 41.7 12 0
      vertex 36.1135 8.94447 0
    endloop
  endfacet
  facet normal 0 0 -1
    outer loop
      vertex 35.9021 9.20208 0
      vertex 41.7 12 0
      vertex 36.0141 9.07847 0
    endloop
  endfacet
  facet normal 0 0 -1
    outer loop
      vertex 35.7785 9.31412 0
      vertex 41.7 12 0
      vertex 35.9021 9.20208 0
    endloop
  endfacet
  facet normal 0 0 -1
    outer loop
      vertex 35.6445 9.4135 0
      vertex 41.7 12 0
      vertex 35.7785 9.31412 0
    endloop
  endfacet
  facet normal 0 0 -1
    outer loop
      vertex 35.5014 9.49927 0
      vertex 41.7 12 0
      vertex 35.6445 9.4135 0
    endloop
  endfacet
  facet normal 0 0 -1
    outer loop
      vertex 35.3506 9.57059 0
      vertex 41.7 12 0
      vertex 35.5014 9.49927 0
    endloop
  endfacet
  facet normal 0 0 -1
    outer loop
      vertex 35.1935 9.6268 0
      vertex 41.7 12 0
      vertex 35.3506 9.57059 0
    endloop
  endfacet
  facet normal 0 0 -1
    outer loop
      vertex 35.0317 9.66733 0
      vertex 41.7 12 0
      vertex 35.1935 9.6268 0
    endloop
  endfacet
  facet normal 0 0 -1
    outer loop
      vertex 34.8666 9.69181 0
      vertex 41.7 12 0
      vertex 35.0317 9.66733 0
    endloop
  endfacet
  facet normal 0 0 -1
    outer loop
      vertex 34.7 9.7 0
      vertex 41.7 12 0
      vertex 34.8666 9.69181 0
    endloop
  endfacet
  facet normal 0 0 -1
    outer loop
      vertex 27.7 12 0
      vertex 34.7 9.7 0
      vertex 34.5334 9.69181 0
    endloop
  endfacet
  facet normal 0 0 -1
    outer loop
      vertex 27.7 12 0
      vertex 34.5334 9.69181 0
      vertex 34.3683 9.66733 0
    endloop
  endfacet
  facet normal 0 0 -1
    outer loop
      vertex 27.7 12 0
      vertex 34.3683 9.66733 0
      vertex 34.2065 9.6268 0
    endloop
  endfacet
  facet normal 0 0 -1
    outer loop
      vertex 33.0082 7.83337 0
      vertex 27.7 12 0
      vertex 33 8 0
    endloop
  endfacet
  facet normal 0 0 -1
    outer loop
      vertex 33 8 0
      vertex 27.7 12 0
      vertex 33.0082 8.16663 0
    endloop
  endfacet
  facet normal 0 0 -1
    outer loop
      vertex 33.0082 8.16663 0
      vertex 27.7 12 0
      vertex 33.0327 8.33165 0
    endloop
  endfacet
  facet normal 0 0 -1
    outer loop
      vertex 34.7 9.7 0
      vertex 27.7 12 0
      vertex 41.7 12 0
    endloop
  endfacet
  facet normal 0 0 -1
    outer loop
      vertex 34.0494 9.57059 0
      vertex 27.7 12 0
      vertex 34.2065 9.6268 0
    endloop
  endfacet
  facet normal 0 0 -1
    outer loop
      vertex 33.8986 9.49927 0
      vertex 27.7 12 0
      vertex 34.0494 9.57059 0
    endloop
  endfacet
  facet normal 0 0 -1
    outer loop
      vertex 33.7555 9.4135 0
      vertex 27.7 12 0
      vertex 33.8986 9.49927 0
    endloop
  endfacet
  facet normal 0 0 -1
    outer loop
      vertex 33.6215 9.31412 0
      vertex 27.7 12 0
      vertex 33.7555 9.4135 0
    endloop
  endfacet
  facet normal 0 0 -1
    outer loop
      vertex 33.4979 9.20208 0
      vertex 27.7 12 0
      vertex 33.6215 9.31412 0
    endloop
  endfacet
  facet normal 0 0 -1
    outer loop
      vertex 33.3859 9.07847 0
      vertex 27.7 12 0
      vertex 33.4979 9.20208 0
    endloop
  endfacet
  facet normal 0 0 -1
    outer loop
      vertex 33.2865 8.94447 0
      vertex 27.7 12 0
      vertex 33.3859 9.07847 0
    endloop
  endfacet
  facet normal 0 0 -1
    outer loop
      vertex 33.2007 8.80137 0
      vertex 27.7 12 0
      vertex 33.2865 8.94447 0
    endloop
  endfacet
  facet normal 0 0 -1
    outer loop
      vertex 33.1294 8.65056 0
      vertex 27.7 12 0
      vertex 33.2007 8.80137 0
    endloop
  endfacet
  facet normal 0 0 -1
    outer loop
      vertex 33.0732 8.49348 0
      vertex 27.7 12 0
      vertex 33.1294 8.65056 0
    endloop
  endfacet
  facet normal 0 0 -1
    outer loop
      vertex 33.0327 8.33165 0
      vertex 27.7 12 0
      vertex 33.0732 8.49348 0
    endloop
  endfacet
  facet normal -1 0 0
    outer loop
      vertex 27.7 -12 0
      vertex 27.7 12 4
      vertex 27.7 12 0
    endloop
  endfacet
  facet normal -1 -0 0
    outer loop
      vertex 27.7 12 4
      vertex 27.7 -12 0
      vertex 27.7 -12 4
    endloop
  endfacet
  facet normal 0 1 -0
    outer loop
      vertex 41.7 12 0
      vertex 27.7 12 4
      vertex 41.7 12 4
    endloop
  endfacet
  facet normal 0 1 0
    outer loop
      vertex 27.7 12 4
      vertex 41.7 12 0
      vertex 27.7 12 0
    endloop
  endfacet
  facet normal 0 -1 0
    outer loop
      vertex 27.7 -12 0
      vertex 41.7 -12 4
      vertex 27.7 -12 4
    endloop
  endfacet
  facet normal 0 -1 -0
    outer loop
      vertex 41.7 -12 4
      vertex 27.7 -12 0
      vertex 41.7 -12 0
    endloop
  endfacet
  facet normal -0 0 1
    outer loop
      vertex 30.7 3 68.7
      vertex 38.7 -3 68.7
      vertex 38.7 3 68.7
    endloop
  endfacet
  facet normal 0 0 1
    outer loop
      vertex 38.7 -3 68.7
      vertex 30.7 3 68.7
      vertex 30.7 -3 68.7
    endloop
  endfacet
  facet normal -0.989158 -0.146857 0
    outer loop
      vertex 36.3918 -7.83337 0
      vertex 36.3673 -7.66835 5
      vertex 36.3673 -7.66835 0
    endloop
  endfacet
  facet normal -0.989158 -0.146857 0
    outer loop
      vertex 36.3673 -7.66835 5
      vertex 36.3918 -7.83337 0
      vertex 36.3918 -7.83337 5
    endloop
  endfacet
  facet normal -0.998791 -0.0491513 0
    outer loop
      vertex 36.4 -8 0
      vertex 36.3918 -7.83337 5
      vertex 36.3918 -7.83337 0
    endloop
  endfacet
  facet normal -0.998791 -0.0491513 0
    outer loop
      vertex 36.3918 -7.83337 5
      vertex 36.4 -8 0
      vertex 36.4 -8 5
    endloop
  endfacet
  facet normal -0.970083 -0.242775 0
    outer loop
      vertex 36.3673 -7.66835 0
      vertex 36.3268 -7.50652 5
      vertex 36.3268 -7.50652 0
    endloop
  endfacet
  facet normal -0.970083 -0.242775 0
    outer loop
      vertex 36.3268 -7.50652 5
      vertex 36.3673 -7.66835 0
      vertex 36.3673 -7.66835 5
    endloop
  endfacet
  facet normal 0.146612 -0.989194 0
    outer loop
      vertex 34.3683 -6.33266 0
      vertex 34.5334 -6.30819 5
      vertex 34.3683 -6.33266 5
    endloop
  endfacet
  facet normal 0.146612 -0.989194 0
    outer loop
      vertex 34.5334 -6.30819 5
      vertex 34.3683 -6.33266 0
      vertex 34.5334 -6.30819 0
    endloop
  endfacet
  facet normal -0.803154 -0.595772 0
    outer loop
      vertex 36.1135 -7.05553 0
      vertex 36.0141 -6.92153 5
      vertex 36.0141 -6.92153 0
    endloop
  endfacet
  facet normal -0.803154 -0.595772 0
    outer loop
      vertex 36.0141 -6.92153 5
      vertex 36.1135 -7.05553 0
      vertex 36.1135 -7.05553 5
    endloop
  endfacet
  facet normal -0.595695 -0.803211 0
    outer loop
      vertex 35.6445 -6.5865 0
      vertex 35.7785 -6.68588 5
      vertex 35.6445 -6.5865 5
    endloop
  endfacet
  facet normal -0.595695 -0.803211 -0
    outer loop
      vertex 35.7785 -6.68588 5
      vertex 35.6445 -6.5865 0
      vertex 35.7785 -6.68588 0
    endloop
  endfacet
  facet normal -0.0491004 -0.998794 0
    outer loop
      vertex 34.7 -6.3 0
      vertex 34.8666 -6.30819 5
      vertex 34.7 -6.3 5
    endloop
  endfacet
  facet normal -0.0491004 -0.998794 -0
    outer loop
      vertex 34.8666 -6.30819 5
      vertex 34.7 -6.3 0
      vertex 34.8666 -6.30819 0
    endloop
  endfacet
  facet normal -0.998791 0.0491513 0
    outer loop
      vertex 36.3918 -8.16663 0
      vertex 36.4 -8 5
      vertex 36.4 -8 0
    endloop
  endfacet
  facet normal -0.998791 0.0491513 0
    outer loop
      vertex 36.4 -8 5
      vertex 36.3918 -8.16663 0
      vertex 36.3918 -8.16663 5
    endloop
  endfacet
  facet normal 0.243043 -0.970015 0
    outer loop
      vertex 34.2065 -6.3732 0
      vertex 34.3683 -6.33266 5
      vertex 34.2065 -6.3732 5
    endloop
  endfacet
  facet normal 0.243043 -0.970015 0
    outer loop
      vertex 34.3683 -6.33266 5
      vertex 34.2065 -6.3732 0
      vertex 34.3683 -6.33266 0
    endloop
  endfacet
  facet normal 0.970083 0.242775 0
    outer loop
      vertex 33.0732 -8.49348 5
      vertex 33.0327 -8.33165 0
      vertex 33.0327 -8.33165 5
    endloop
  endfacet
  facet normal 0.970083 0.242775 0
    outer loop
      vertex 33.0327 -8.33165 0
      vertex 33.0732 -8.49348 5
      vertex 33.0732 -8.49348 0
    endloop
  endfacet
  facet normal 0.42754 0.903996 -0
    outer loop
      vertex 34.0494 -9.57059 0
      vertex 33.8986 -9.49927 5
      vertex 34.0494 -9.57059 5
    endloop
  endfacet
  facet normal 0.42754 0.903996 0
    outer loop
      vertex 33.8986 -9.49927 5
      vertex 34.0494 -9.57059 0
      vertex 33.8986 -9.49927 0
    endloop
  endfacet
  facet normal -0.427589 -0.903973 0
    outer loop
      vertex 35.3506 -6.4294 0
      vertex 35.5014 -6.50073 5
      vertex 35.3506 -6.4294 5
    endloop
  endfacet
  facet normal -0.427589 -0.903973 -0
    outer loop
      vertex 35.5014 -6.50073 5
      vertex 35.3506 -6.4294 0
      vertex 35.5014 -6.50073 0
    endloop
  endfacet
  facet normal 0.970083 -0.242775 0
    outer loop
      vertex 33.0327 -7.66835 5
      vertex 33.0732 -7.50652 0
      vertex 33.0732 -7.50652 5
    endloop
  endfacet
  facet normal 0.970083 -0.242775 0
    outer loop
      vertex 33.0732 -7.50652 0
      vertex 33.0327 -7.66835 5
      vertex 33.0327 -7.66835 0
    endloop
  endfacet
  facet normal 0.427589 -0.903973 0
    outer loop
      vertex 33.8986 -6.50073 0
      vertex 34.0494 -6.4294 5
      vertex 33.8986 -6.50073 5
    endloop
  endfacet
  facet normal 0.427589 -0.903973 0
    outer loop
      vertex 34.0494 -6.4294 5
      vertex 33.8986 -6.50073 0
      vertex 34.0494 -6.4294 0
    endloop
  endfacet
  facet normal -0.803154 0.595772 0
    outer loop
      vertex 36.0141 -9.07847 0
      vertex 36.1135 -8.94447 5
      vertex 36.1135 -8.94447 0
    endloop
  endfacet
  facet normal -0.803154 0.595772 0
    outer loop
      vertex 36.1135 -8.94447 5
      vertex 36.0141 -9.07847 0
      vertex 36.0141 -9.07847 5
    endloop
  endfacet
  facet normal 0.941552 -0.336868 0
    outer loop
      vertex 33.0732 -7.50652 5
      vertex 33.1294 -7.34944 0
      vertex 33.1294 -7.34944 5
    endloop
  endfacet
  facet normal 0.941552 -0.336868 0
    outer loop
      vertex 33.1294 -7.34944 0
      vertex 33.0732 -7.50652 5
      vertex 33.0732 -7.50652 0
    endloop
  endfacet
  facet normal -0.970083 0.242775 0
    outer loop
      vertex 36.3268 -8.49348 0
      vertex 36.3673 -8.33165 5
      vertex 36.3673 -8.33165 0
    endloop
  endfacet
  facet normal -0.970083 0.242775 0
    outer loop
      vertex 36.3673 -8.33165 5
      vertex 36.3268 -8.49348 0
      vertex 36.3268 -8.49348 5
    endloop
  endfacet
  facet normal 0.595695 -0.803211 0
    outer loop
      vertex 33.6215 -6.68588 0
      vertex 33.7555 -6.5865 5
      vertex 33.6215 -6.68588 5
    endloop
  endfacet
  facet normal 0.595695 -0.803211 0
    outer loop
      vertex 33.7555 -6.5865 5
      vertex 33.6215 -6.68588 0
      vertex 33.7555 -6.5865 0
    endloop
  endfacet
  facet normal 0.904065 -0.427396 0
    outer loop
      vertex 33.1294 -7.34944 5
      vertex 33.2007 -7.19862 0
      vertex 33.2007 -7.19862 5
    endloop
  endfacet
  facet normal 0.904065 -0.427396 0
    outer loop
      vertex 33.2007 -7.19862 0
      vertex 33.1294 -7.34944 5
      vertex 33.1294 -7.34944 0
    endloop
  endfacet
  facet normal -0.67161 -0.740905 0
    outer loop
      vertex 35.7785 -6.68588 0
      vertex 35.9021 -6.79792 5
      vertex 35.7785 -6.68588 5
    endloop
  endfacet
  facet normal -0.67161 -0.740905 -0
    outer loop
      vertex 35.9021 -6.79792 5
      vertex 35.7785 -6.68588 0
      vertex 35.9021 -6.79792 0
    endloop
  endfacet
  facet normal 0.989158 -0.146857 0
    outer loop
      vertex 33.0082 -7.83337 5
      vertex 33.0327 -7.66835 0
      vertex 33.0327 -7.66835 5
    endloop
  endfacet
  facet normal 0.989158 -0.146857 0
    outer loop
      vertex 33.0327 -7.66835 0
      vertex 33.0082 -7.83337 5
      vertex 33.0082 -7.83337 0
    endloop
  endfacet
  facet normal 0.0491004 0.998794 -0
    outer loop
      vertex 34.7 -9.7 0
      vertex 34.5334 -9.69181 5
      vertex 34.7 -9.7 5
    endloop
  endfacet
  facet normal 0.0491004 0.998794 0
    outer loop
      vertex 34.5334 -9.69181 5
      vertex 34.7 -9.7 0
      vertex 34.5334 -9.69181 0
    endloop
  endfacet
  facet normal 0.741051 0.671448 0
    outer loop
      vertex 33.4979 -9.20208 5
      vertex 33.3859 -9.07847 0
      vertex 33.3859 -9.07847 5
    endloop
  endfacet
  facet normal 0.741051 0.671448 0
    outer loop
      vertex 33.3859 -9.07847 0
      vertex 33.4979 -9.20208 5
      vertex 33.4979 -9.20208 0
    endloop
  endfacet
  facet normal 0.0491004 -0.998794 0
    outer loop
      vertex 34.5334 -6.30819 0
      vertex 34.7 -6.3 5
      vertex 34.5334 -6.30819 5
    endloop
  endfacet
  facet normal 0.0491004 -0.998794 0
    outer loop
      vertex 34.7 -6.3 5
      vertex 34.5334 -6.30819 0
      vertex 34.7 -6.3 0
    endloop
  endfacet
  facet normal 0.989158 0.146857 0
    outer loop
      vertex 33.0327 -8.33165 5
      vertex 33.0082 -8.16663 0
      vertex 33.0082 -8.16663 5
    endloop
  endfacet
  facet normal 0.989158 0.146857 0
    outer loop
      vertex 33.0082 -8.16663 0
      vertex 33.0327 -8.33165 5
      vertex 33.0327 -8.33165 0
    endloop
  endfacet
  facet normal -0.33683 -0.941566 0
    outer loop
      vertex 35.1935 -6.3732 0
      vertex 35.3506 -6.4294 5
      vertex 35.1935 -6.3732 5
    endloop
  endfacet
  facet normal -0.33683 -0.941566 -0
    outer loop
      vertex 35.3506 -6.4294 5
      vertex 35.1935 -6.3732 0
      vertex 35.3506 -6.4294 0
    endloop
  endfacet
  facet normal -0.514099 -0.857731 0
    outer loop
      vertex 35.5014 -6.50073 0
      vertex 35.6445 -6.5865 5
      vertex 35.5014 -6.50073 5
    endloop
  endfacet
  facet normal -0.514099 -0.857731 -0
    outer loop
      vertex 35.6445 -6.5865 5
      vertex 35.5014 -6.50073 0
      vertex 35.6445 -6.5865 0
    endloop
  endfacet
  facet normal -0.595695 0.803211 0
    outer loop
      vertex 35.7785 -9.31412 0
      vertex 35.6445 -9.4135 5
      vertex 35.7785 -9.31412 5
    endloop
  endfacet
  facet normal -0.595695 0.803211 0
    outer loop
      vertex 35.6445 -9.4135 5
      vertex 35.7785 -9.31412 0
      vertex 35.6445 -9.4135 0
    endloop
  endfacet
  facet normal -0.904065 -0.427396 0
    outer loop
      vertex 36.2706 -7.34944 0
      vertex 36.1993 -7.19862 5
      vertex 36.1993 -7.19862 0
    endloop
  endfacet
  facet normal -0.904065 -0.427396 0
    outer loop
      vertex 36.1993 -7.19862 5
      vertex 36.2706 -7.34944 0
      vertex 36.2706 -7.34944 5
    endloop
  endfacet
  facet normal -0.941552 0.336868 0
    outer loop
      vertex 36.2706 -8.65056 0
      vertex 36.3268 -8.49348 5
      vertex 36.3268 -8.49348 0
    endloop
  endfacet
  facet normal -0.941552 0.336868 0
    outer loop
      vertex 36.3268 -8.49348 5
      vertex 36.2706 -8.65056 0
      vertex 36.2706 -8.65056 5
    endloop
  endfacet
  facet normal -0.146612 -0.989194 0
    outer loop
      vertex 34.8666 -6.30819 0
      vertex 35.0317 -6.33266 5
      vertex 34.8666 -6.30819 5
    endloop
  endfacet
  facet normal -0.146612 -0.989194 -0
    outer loop
      vertex 35.0317 -6.33266 5
      vertex 34.8666 -6.30819 0
      vertex 35.0317 -6.33266 0
    endloop
  endfacet
  facet normal -0.14667 0.989185 0
    outer loop
      vertex 35.0317 -9.66733 0
      vertex 34.8666 -9.69181 5
      vertex 35.0317 -9.66733 5
    endloop
  endfacet
  facet normal -0.14667 0.989185 0
    outer loop
      vertex 34.8666 -9.69181 5
      vertex 35.0317 -9.66733 0
      vertex 34.8666 -9.69181 0
    endloop
  endfacet
  facet normal 0.514099 -0.857731 0
    outer loop
      vertex 33.7555 -6.5865 0
      vertex 33.8986 -6.50073 5
      vertex 33.7555 -6.5865 5
    endloop
  endfacet
  facet normal 0.514099 -0.857731 0
    outer loop
      vertex 33.8986 -6.50073 5
      vertex 33.7555 -6.5865 0
      vertex 33.8986 -6.50073 0
    endloop
  endfacet
  facet normal 0.14667 0.989185 -0
    outer loop
      vertex 34.5334 -9.69181 0
      vertex 34.3683 -9.66733 5
      vertex 34.5334 -9.69181 5
    endloop
  endfacet
  facet normal 0.14667 0.989185 0
    outer loop
      vertex 34.3683 -9.66733 5
      vertex 34.5334 -9.69181 0
      vertex 34.3683 -9.66733 0
    endloop
  endfacet
  facet normal -0.741051 0.671448 0
    outer loop
      vertex 35.9021 -9.20208 0
      vertex 36.0141 -9.07847 5
      vertex 36.0141 -9.07847 0
    endloop
  endfacet
  facet normal -0.741051 0.671448 0
    outer loop
      vertex 36.0141 -9.07847 5
      vertex 35.9021 -9.20208 0
      vertex 35.9021 -9.20208 5
    endloop
  endfacet
  facet normal 0.67161 0.740905 -0
    outer loop
      vertex 33.6215 -9.31412 0
      vertex 33.4979 -9.20208 5
      vertex 33.6215 -9.31412 5
    endloop
  endfacet
  facet normal 0.67161 0.740905 0
    outer loop
      vertex 33.4979 -9.20208 5
      vertex 33.6215 -9.31412 0
      vertex 33.4979 -9.20208 0
    endloop
  endfacet
  facet normal -0.941552 -0.336868 0
    outer loop
      vertex 36.3268 -7.50652 0
      vertex 36.2706 -7.34944 5
      vertex 36.2706 -7.34944 0
    endloop
  endfacet
  facet normal -0.941552 -0.336868 0
    outer loop
      vertex 36.2706 -7.34944 5
      vertex 36.3268 -7.50652 0
      vertex 36.3268 -7.50652 5
    endloop
  endfacet
  facet normal -0.857652 0.514231 0
    outer loop
      vertex 36.1135 -8.94447 0
      vertex 36.1993 -8.80137 5
      vertex 36.1993 -8.80137 0
    endloop
  endfacet
  facet normal -0.857652 0.514231 0
    outer loop
      vertex 36.1993 -8.80137 5
      vertex 36.1135 -8.94447 0
      vertex 36.1135 -8.94447 5
    endloop
  endfacet
  facet normal 0.336883 0.941546 -0
    outer loop
      vertex 34.2065 -9.6268 0
      vertex 34.0494 -9.57059 5
      vertex 34.2065 -9.6268 5
    endloop
  endfacet
  facet normal 0.336883 0.941546 0
    outer loop
      vertex 34.0494 -9.57059 5
      vertex 34.2065 -9.6268 0
      vertex 34.0494 -9.57059 0
    endloop
  endfacet
  facet normal 0.803154 0.595772 0
    outer loop
      vertex 33.3859 -9.07847 5
      vertex 33.2865 -8.94447 0
      vertex 33.2865 -8.94447 5
    endloop
  endfacet
  facet normal 0.803154 0.595772 0
    outer loop
      vertex 33.2865 -8.94447 0
      vertex 33.3859 -9.07847 5
      vertex 33.3859 -9.07847 0
    endloop
  endfacet
  facet normal -0.42754 0.903996 0
    outer loop
      vertex 35.5014 -9.49927 0
      vertex 35.3506 -9.57059 5
      vertex 35.5014 -9.49927 5
    endloop
  endfacet
  facet normal -0.42754 0.903996 0
    outer loop
      vertex 35.3506 -9.57059 5
      vertex 35.5014 -9.49927 0
      vertex 35.3506 -9.57059 0
    endloop
  endfacet
  facet normal -0.989158 0.146857 0
    outer loop
      vertex 36.3673 -8.33165 0
      vertex 36.3918 -8.16663 5
      vertex 36.3918 -8.16663 0
    endloop
  endfacet
  facet normal -0.989158 0.146857 0
    outer loop
      vertex 36.3918 -8.16663 5
      vertex 36.3673 -8.33165 0
      vertex 36.3673 -8.33165 5
    endloop
  endfacet
  facet normal 0.904054 0.427419 0
    outer loop
      vertex 33.2007 -8.80137 5
      vertex 33.1294 -8.65056 0
      vertex 33.1294 -8.65056 5
    endloop
  endfacet
  facet normal 0.904054 0.427419 0
    outer loop
      vertex 33.1294 -8.65056 0
      vertex 33.2007 -8.80137 5
      vertex 33.2007 -8.80137 0
    endloop
  endfacet
  facet normal 0.998791 0.0491513 0
    outer loop
      vertex 33.0082 -8.16663 5
      vertex 33 -8 0
      vertex 33 -8 5
    endloop
  endfacet
  facet normal 0.998791 0.0491513 0
    outer loop
      vertex 33 -8 0
      vertex 33.0082 -8.16663 5
      vertex 33.0082 -8.16663 0
    endloop
  endfacet
  facet normal 0.33683 -0.941566 0
    outer loop
      vertex 34.0494 -6.4294 0
      vertex 34.2065 -6.3732 5
      vertex 34.0494 -6.4294 5
    endloop
  endfacet
  facet normal 0.33683 -0.941566 0
    outer loop
      vertex 34.2065 -6.3732 5
      vertex 34.0494 -6.4294 0
      vertex 34.2065 -6.3732 0
    endloop
  endfacet
  facet normal -0.857636 -0.514258 0
    outer loop
      vertex 36.1993 -7.19862 0
      vertex 36.1135 -7.05553 5
      vertex 36.1135 -7.05553 0
    endloop
  endfacet
  facet normal -0.857636 -0.514258 0
    outer loop
      vertex 36.1135 -7.05553 5
      vertex 36.1993 -7.19862 0
      vertex 36.1993 -7.19862 5
    endloop
  endfacet
  facet normal -0.741051 -0.671448 0
    outer loop
      vertex 36.0141 -6.92153 0
      vertex 35.9021 -6.79792 5
      vertex 35.9021 -6.79792 0
    endloop
  endfacet
  facet normal -0.741051 -0.671448 0
    outer loop
      vertex 35.9021 -6.79792 5
      vertex 36.0141 -6.92153 0
      vertex 36.0141 -6.92153 5
    endloop
  endfacet
  facet normal 0.67161 -0.740905 0
    outer loop
      vertex 33.4979 -6.79792 0
      vertex 33.6215 -6.68588 5
      vertex 33.4979 -6.79792 5
    endloop
  endfacet
  facet normal 0.67161 -0.740905 0
    outer loop
      vertex 33.6215 -6.68588 5
      vertex 33.4979 -6.79792 0
      vertex 33.6215 -6.68588 0
    endloop
  endfacet
  facet normal 0.941552 0.336868 0
    outer loop
      vertex 33.1294 -8.65056 5
      vertex 33.0732 -8.49348 0
      vertex 33.0732 -8.49348 5
    endloop
  endfacet
  facet normal 0.941552 0.336868 0
    outer loop
      vertex 33.0732 -8.49348 0
      vertex 33.1294 -8.65056 5
      vertex 33.1294 -8.65056 0
    endloop
  endfacet
  facet normal 0.741051 -0.671448 0
    outer loop
      vertex 33.3859 -6.92153 5
      vertex 33.4979 -6.79792 0
      vertex 33.4979 -6.79792 5
    endloop
  endfacet
  facet normal 0.741051 -0.671448 0
    outer loop
      vertex 33.4979 -6.79792 0
      vertex 33.3859 -6.92153 5
      vertex 33.3859 -6.92153 0
    endloop
  endfacet
  facet normal -0.243043 -0.970015 0
    outer loop
      vertex 35.0317 -6.33266 0
      vertex 35.1935 -6.3732 5
      vertex 35.0317 -6.33266 5
    endloop
  endfacet
  facet normal -0.243043 -0.970015 -0
    outer loop
      vertex 35.1935 -6.3732 5
      vertex 35.0317 -6.33266 0
      vertex 35.1935 -6.3732 0
    endloop
  endfacet
  facet normal -0.0491004 0.998794 0
    outer loop
      vertex 34.8666 -9.69181 0
      vertex 34.7 -9.7 5
      vertex 34.8666 -9.69181 5
    endloop
  endfacet
  facet normal -0.0491004 0.998794 0
    outer loop
      vertex 34.7 -9.7 5
      vertex 34.8666 -9.69181 0
      vertex 34.7 -9.7 0
    endloop
  endfacet
  facet normal -0.336883 0.941546 0
    outer loop
      vertex 35.3506 -9.57059 0
      vertex 35.1935 -9.6268 5
      vertex 35.3506 -9.57059 5
    endloop
  endfacet
  facet normal -0.336883 0.941546 0
    outer loop
      vertex 35.1935 -9.6268 5
      vertex 35.3506 -9.57059 0
      vertex 35.1935 -9.6268 0
    endloop
  endfacet
  facet normal -0.242987 0.97003 0
    outer loop
      vertex 35.1935 -9.6268 0
      vertex 35.0317 -9.66733 5
      vertex 35.1935 -9.6268 5
    endloop
  endfacet
  facet normal -0.242987 0.97003 0
    outer loop
      vertex 35.0317 -9.66733 5
      vertex 35.1935 -9.6268 0
      vertex 35.0317 -9.66733 0
    endloop
  endfacet
  facet normal 0.803154 -0.595772 0
    outer loop
      vertex 33.2865 -7.05553 5
      vertex 33.3859 -6.92153 0
      vertex 33.3859 -6.92153 5
    endloop
  endfacet
  facet normal 0.803154 -0.595772 0
    outer loop
      vertex 33.3859 -6.92153 0
      vertex 33.2865 -7.05553 5
      vertex 33.2865 -7.05553 0
    endloop
  endfacet
  facet normal -0.904054 0.427419 0
    outer loop
      vertex 36.1993 -8.80137 0
      vertex 36.2706 -8.65056 5
      vertex 36.2706 -8.65056 0
    endloop
  endfacet
  facet normal -0.904054 0.427419 0
    outer loop
      vertex 36.2706 -8.65056 5
      vertex 36.1993 -8.80137 0
      vertex 36.1993 -8.80137 5
    endloop
  endfacet
  facet normal -0.514099 0.857731 0
    outer loop
      vertex 35.6445 -9.4135 0
      vertex 35.5014 -9.49927 5
      vertex 35.6445 -9.4135 5
    endloop
  endfacet
  facet normal -0.514099 0.857731 0
    outer loop
      vertex 35.5014 -9.49927 5
      vertex 35.6445 -9.4135 0
      vertex 35.5014 -9.49927 0
    endloop
  endfacet
  facet normal -0.67161 0.740905 0
    outer loop
      vertex 35.9021 -9.20208 0
      vertex 35.7785 -9.31412 5
      vertex 35.9021 -9.20208 5
    endloop
  endfacet
  facet normal -0.67161 0.740905 0
    outer loop
      vertex 35.7785 -9.31412 5
      vertex 35.9021 -9.20208 0
      vertex 35.7785 -9.31412 0
    endloop
  endfacet
  facet normal 0.998791 -0.0491513 0
    outer loop
      vertex 33 -8 5
      vertex 33.0082 -7.83337 0
      vertex 33.0082 -7.83337 5
    endloop
  endfacet
  facet normal 0.998791 -0.0491513 0
    outer loop
      vertex 33.0082 -7.83337 0
      vertex 33 -8 5
      vertex 33 -8 0
    endloop
  endfacet
  facet normal 0.857652 0.514231 0
    outer loop
      vertex 33.2865 -8.94447 5
      vertex 33.2007 -8.80137 0
      vertex 33.2007 -8.80137 5
    endloop
  endfacet
  facet normal 0.857652 0.514231 0
    outer loop
      vertex 33.2007 -8.80137 0
      vertex 33.2865 -8.94447 5
      vertex 33.2865 -8.94447 0
    endloop
  endfacet
  facet normal 0.514099 0.857731 -0
    outer loop
      vertex 33.8986 -9.49927 0
      vertex 33.7555 -9.4135 5
      vertex 33.8986 -9.49927 5
    endloop
  endfacet
  facet normal 0.514099 0.857731 0
    outer loop
      vertex 33.7555 -9.4135 5
      vertex 33.8986 -9.49927 0
      vertex 33.7555 -9.4135 0
    endloop
  endfacet
  facet normal 0.242987 0.97003 -0
    outer loop
      vertex 34.3683 -9.66733 0
      vertex 34.2065 -9.6268 5
      vertex 34.3683 -9.66733 5
    endloop
  endfacet
  facet normal 0.242987 0.97003 0
    outer loop
      vertex 34.2065 -9.6268 5
      vertex 34.3683 -9.66733 0
      vertex 34.2065 -9.6268 0
    endloop
  endfacet
  facet normal 0 0 -1
    outer loop
      vertex 36.3918 -8.16663 5
      vertex 36.3918 -7.83337 5
      vertex 36.4 -8 5
    endloop
  endfacet
  facet normal 0 0 -1
    outer loop
      vertex 36.3673 -8.33165 5
      vertex 36.3918 -7.83337 5
      vertex 36.3918 -8.16663 5
    endloop
  endfacet
  facet normal 0 0 -1
    outer loop
      vertex 36.3673 -8.33165 5
      vertex 36.3673 -7.66835 5
      vertex 36.3918 -7.83337 5
    endloop
  endfacet
  facet normal 0 0 -1
    outer loop
      vertex 36.3268 -8.49348 5
      vertex 36.3673 -7.66835 5
      vertex 36.3673 -8.33165 5
    endloop
  endfacet
  facet normal 0 0 -1
    outer loop
      vertex 36.3268 -8.49348 5
      vertex 36.3268 -7.50652 5
      vertex 36.3673 -7.66835 5
    endloop
  endfacet
  facet normal 0 0 -1
    outer loop
      vertex 36.2706 -8.65056 5
      vertex 36.3268 -7.50652 5
      vertex 36.3268 -8.49348 5
    endloop
  endfacet
  facet normal 0 0 -1
    outer loop
      vertex 36.2706 -8.65056 5
      vertex 36.2706 -7.34944 5
      vertex 36.3268 -7.50652 5
    endloop
  endfacet
  facet normal 0 0 -1
    outer loop
      vertex 36.1993 -8.80137 5
      vertex 36.2706 -7.34944 5
      vertex 36.2706 -8.65056 5
    endloop
  endfacet
  facet normal 0 0 -1
    outer loop
      vertex 36.1993 -8.80137 5
      vertex 36.1993 -7.19862 5
      vertex 36.2706 -7.34944 5
    endloop
  endfacet
  facet normal 0 0 -1
    outer loop
      vertex 36.1135 -8.94447 5
      vertex 36.1993 -7.19862 5
      vertex 36.1993 -8.80137 5
    endloop
  endfacet
  facet normal 0 0 -1
    outer loop
      vertex 36.1135 -8.94447 5
      vertex 36.1135 -7.05553 5
      vertex 36.1993 -7.19862 5
    endloop
  endfacet
  facet normal 0 0 -1
    outer loop
      vertex 36.0141 -9.07847 5
      vertex 36.1135 -7.05553 5
      vertex 36.1135 -8.94447 5
    endloop
  endfacet
  facet normal 0 0 -1
    outer loop
      vertex 36.0141 -9.07847 5
      vertex 36.0141 -6.92153 5
      vertex 36.1135 -7.05553 5
    endloop
  endfacet
  facet normal 0 0 -1
    outer loop
      vertex 35.9021 -9.20208 5
      vertex 36.0141 -6.92153 5
      vertex 36.0141 -9.07847 5
    endloop
  endfacet
  facet normal 0 0 -1
    outer loop
      vertex 35.9021 -9.20208 5
      vertex 35.9021 -6.79792 5
      vertex 36.0141 -6.92153 5
    endloop
  endfacet
  facet normal 0 0 -1
    outer loop
      vertex 35.7785 -9.31412 5
      vertex 35.9021 -6.79792 5
      vertex 35.9021 -9.20208 5
    endloop
  endfacet
  facet normal 0 0 -1
    outer loop
      vertex 35.7785 -9.31412 5
      vertex 35.7785 -6.68588 5
      vertex 35.9021 -6.79792 5
    endloop
  endfacet
  facet normal 0 0 -1
    outer loop
      vertex 35.6445 -9.4135 5
      vertex 35.7785 -6.68588 5
      vertex 35.7785 -9.31412 5
    endloop
  endfacet
  facet normal 0 0 -1
    outer loop
      vertex 35.6445 -9.4135 5
      vertex 35.6445 -6.5865 5
      vertex 35.7785 -6.68588 5
    endloop
  endfacet
  facet normal 0 0 -1
    outer loop
      vertex 35.5014 -9.49927 5
      vertex 35.6445 -6.5865 5
      vertex 35.6445 -9.4135 5
    endloop
  endfacet
  facet normal 0 0 -1
    outer loop
      vertex 35.5014 -9.49927 5
      vertex 35.5014 -6.50073 5
      vertex 35.6445 -6.5865 5
    endloop
  endfacet
  facet normal 0 0 -1
    outer loop
      vertex 35.3506 -9.57059 5
      vertex 35.5014 -6.50073 5
      vertex 35.5014 -9.49927 5
    endloop
  endfacet
  facet normal 0 0 -1
    outer loop
      vertex 35.3506 -9.57059 5
      vertex 35.3506 -6.4294 5
      vertex 35.5014 -6.50073 5
    endloop
  endfacet
  facet normal 0 0 -1
    outer loop
      vertex 35.1935 -9.6268 5
      vertex 35.3506 -6.4294 5
      vertex 35.3506 -9.57059 5
    endloop
  endfacet
  facet normal 0 0 -1
    outer loop
      vertex 35.1935 -9.6268 5
      vertex 35.1935 -6.3732 5
      vertex 35.3506 -6.4294 5
    endloop
  endfacet
  facet normal 0 0 -1
    outer loop
      vertex 35.0317 -9.66733 5
      vertex 35.1935 -6.3732 5
      vertex 35.1935 -9.6268 5
    endloop
  endfacet
  facet normal 0 0 -1
    outer loop
      vertex 35.0317 -9.66733 5
      vertex 35.0317 -6.33266 5
      vertex 35.1935 -6.3732 5
    endloop
  endfacet
  facet normal 0 0 -1
    outer loop
      vertex 34.8666 -9.69181 5
      vertex 35.0317 -6.33266 5
      vertex 35.0317 -9.66733 5
    endloop
  endfacet
  facet normal 0 0 -1
    outer loop
      vertex 34.8666 -9.69181 5
      vertex 34.8666 -6.30819 5
      vertex 35.0317 -6.33266 5
    endloop
  endfacet
  facet normal 0 0 -1
    outer loop
      vertex 34.7 -9.7 5
      vertex 34.8666 -6.30819 5
      vertex 34.8666 -9.69181 5
    endloop
  endfacet
  facet normal 0 0 -1
    outer loop
      vertex 34.7 -9.7 5
      vertex 34.7 -6.3 5
      vertex 34.8666 -6.30819 5
    endloop
  endfacet
  facet normal 0 0 -1
    outer loop
      vertex 34.5334 -9.69181 5
      vertex 34.7 -6.3 5
      vertex 34.7 -9.7 5
    endloop
  endfacet
  facet normal 0 0 -1
    outer loop
      vertex 34.5334 -9.69181 5
      vertex 34.5334 -6.30819 5
      vertex 34.7 -6.3 5
    endloop
  endfacet
  facet normal 0 0 -1
    outer loop
      vertex 34.3683 -9.66733 5
      vertex 34.5334 -6.30819 5
      vertex 34.5334 -9.69181 5
    endloop
  endfacet
  facet normal 0 0 -1
    outer loop
      vertex 34.3683 -9.66733 5
      vertex 34.3683 -6.33266 5
      vertex 34.5334 -6.30819 5
    endloop
  endfacet
  facet normal 0 0 -1
    outer loop
      vertex 34.2065 -9.6268 5
      vertex 34.3683 -6.33266 5
      vertex 34.3683 -9.66733 5
    endloop
  endfacet
  facet normal 0 0 -1
    outer loop
      vertex 34.2065 -9.6268 5
      vertex 34.2065 -6.3732 5
      vertex 34.3683 -6.33266 5
    endloop
  endfacet
  facet normal 0 0 -1
    outer loop
      vertex 34.0494 -9.57059 5
      vertex 34.2065 -6.3732 5
      vertex 34.2065 -9.6268 5
    endloop
  endfacet
  facet normal 0 0 -1
    outer loop
      vertex 34.0494 -9.57059 5
      vertex 34.0494 -6.4294 5
      vertex 34.2065 -6.3732 5
    endloop
  endfacet
  facet normal 0 0 -1
    outer loop
      vertex 33.8986 -9.49927 5
      vertex 34.0494 -6.4294 5
      vertex 34.0494 -9.57059 5
    endloop
  endfacet
  facet normal 0 0 -1
    outer loop
      vertex 33.8986 -9.49927 5
      vertex 33.8986 -6.50073 5
      vertex 34.0494 -6.4294 5
    endloop
  endfacet
  facet normal 0 0 -1
    outer loop
      vertex 33.7555 -9.4135 5
      vertex 33.8986 -6.50073 5
      vertex 33.8986 -9.49927 5
    endloop
  endfacet
  facet normal 0 0 -1
    outer loop
      vertex 33.7555 -9.4135 5
      vertex 33.7555 -6.5865 5
      vertex 33.8986 -6.50073 5
    endloop
  endfacet
  facet normal 0 0 -1
    outer loop
      vertex 33.6215 -9.31412 5
      vertex 33.7555 -6.5865 5
      vertex 33.7555 -9.4135 5
    endloop
  endfacet
  facet normal 0 0 -1
    outer loop
      vertex 33.6215 -9.31412 5
      vertex 33.6215 -6.68588 5
      vertex 33.7555 -6.5865 5
    endloop
  endfacet
  facet normal 0 0 -1
    outer loop
      vertex 33.4979 -9.20208 5
      vertex 33.6215 -6.68588 5
      vertex 33.6215 -9.31412 5
    endloop
  endfacet
  facet normal 0 0 -1
    outer loop
      vertex 33.4979 -9.20208 5
      vertex 33.4979 -6.79792 5
      vertex 33.6215 -6.68588 5
    endloop
  endfacet
  facet normal 0 0 -1
    outer loop
      vertex 33.3859 -9.07847 5
      vertex 33.4979 -6.79792 5
      vertex 33.4979 -9.20208 5
    endloop
  endfacet
  facet normal 0 0 -1
    outer loop
      vertex 33.3859 -9.07847 5
      vertex 33.3859 -6.92153 5
      vertex 33.4979 -6.79792 5
    endloop
  endfacet
  facet normal 0 0 -1
    outer loop
      vertex 33.2865 -8.94447 5
      vertex 33.3859 -6.92153 5
      vertex 33.3859 -9.07847 5
    endloop
  endfacet
  facet normal 0 0 -1
    outer loop
      vertex 33.2865 -8.94447 5
      vertex 33.2865 -7.05553 5
      vertex 33.3859 -6.92153 5
    endloop
  endfacet
  facet normal 0 0 -1
    outer loop
      vertex 33.2007 -8.80137 5
      vertex 33.2865 -7.05553 5
      vertex 33.2865 -8.94447 5
    endloop
  endfacet
  facet normal 0 0 -1
    outer loop
      vertex 33.2007 -8.80137 5
      vertex 33.2007 -7.19862 5
      vertex 33.2865 -7.05553 5
    endloop
  endfacet
  facet normal 0 0 -1
    outer loop
      vertex 33.1294 -8.65056 5
      vertex 33.2007 -7.19862 5
      vertex 33.2007 -8.80137 5
    endloop
  endfacet
  facet normal 0 0 -1
    outer loop
      vertex 33.1294 -8.65056 5
      vertex 33.1294 -7.34944 5
      vertex 33.2007 -7.19862 5
    endloop
  endfacet
  facet normal 0 0 -1
    outer loop
      vertex 33.0732 -8.49348 5
      vertex 33.1294 -7.34944 5
      vertex 33.1294 -8.65056 5
    endloop
  endfacet
  facet normal 0 0 -1
    outer loop
      vertex 33.0732 -8.49348 5
      vertex 33.0732 -7.50652 5
      vertex 33.1294 -7.34944 5
    endloop
  endfacet
  facet normal 0 0 -1
    outer loop
      vertex 33.0327 -8.33165 5
      vertex 33.0732 -7.50652 5
      vertex 33.0732 -8.49348 5
    endloop
  endfacet
  facet normal 0 0 -1
    outer loop
      vertex 33.0327 -8.33165 5
      vertex 33.0327 -7.66835 5
      vertex 33.0732 -7.50652 5
    endloop
  endfacet
  facet normal 0 0 -1
    outer loop
      vertex 33.0082 -8.16663 5
      vertex 33.0327 -7.66835 5
      vertex 33.0327 -8.33165 5
    endloop
  endfacet
  facet normal 0 0 -1
    outer loop
      vertex 33.0082 -8.16663 5
      vertex 33.0082 -7.83337 5
      vertex 33.0327 -7.66835 5
    endloop
  endfacet
  facet normal 0 -0 -1
    outer loop
      vertex 33.0082 -7.83337 5
      vertex 33.0082 -8.16663 5
      vertex 33 -8 5
    endloop
  endfacet
  facet normal 0.595695 0.803211 -0
    outer loop
      vertex 33.7555 -9.4135 0
      vertex 33.6215 -9.31412 5
      vertex 33.7555 -9.4135 5
    endloop
  endfacet
  facet normal 0.595695 0.803211 0
    outer loop
      vertex 33.6215 -9.31412 5
      vertex 33.7555 -9.4135 0
      vertex 33.6215 -9.31412 0
    endloop
  endfacet
  facet normal 0.857636 -0.514258 0
    outer loop
      vertex 33.2007 -7.19862 5
      vertex 33.2865 -7.05553 0
      vertex 33.2865 -7.05553 5
    endloop
  endfacet
  facet normal 0.857636 -0.514258 0
    outer loop
      vertex 33.2865 -7.05553 0
      vertex 33.2007 -7.19862 5
      vertex 33.2007 -7.19862 0
    endloop
  endfacet
  facet normal -0.989158 -0.146857 0
    outer loop
      vertex 36.3918 8.16663 0
      vertex 36.3673 8.33165 5
      vertex 36.3673 8.33165 0
    endloop
  endfacet
  facet normal -0.989158 -0.146857 0
    outer loop
      vertex 36.3673 8.33165 5
      vertex 36.3918 8.16663 0
      vertex 36.3918 8.16663 5
    endloop
  endfacet
  facet normal -0.998791 -0.0491513 0
    outer loop
      vertex 36.4 8 0
      vertex 36.3918 8.16663 5
      vertex 36.3918 8.16663 0
    endloop
  endfacet
  facet normal -0.998791 -0.0491513 0
    outer loop
      vertex 36.3918 8.16663 5
      vertex 36.4 8 0
      vertex 36.4 8 5
    endloop
  endfacet
  facet normal -0.970083 -0.242775 0
    outer loop
      vertex 36.3673 8.33165 0
      vertex 36.3268 8.49348 5
      vertex 36.3268 8.49348 0
    endloop
  endfacet
  facet normal -0.970083 -0.242775 0
    outer loop
      vertex 36.3268 8.49348 5
      vertex 36.3673 8.33165 0
      vertex 36.3673 8.33165 5
    endloop
  endfacet
  facet normal 0.14667 -0.989185 0
    outer loop
      vertex 34.3683 9.66733 0
      vertex 34.5334 9.69181 5
      vertex 34.3683 9.66733 5
    endloop
  endfacet
  facet normal 0.14667 -0.989185 0
    outer loop
      vertex 34.5334 9.69181 5
      vertex 34.3683 9.66733 0
      vertex 34.5334 9.69181 0
    endloop
  endfacet
  facet normal -0.803154 -0.595772 0
    outer loop
      vertex 36.1135 8.94447 0
      vertex 36.0141 9.07847 5
      vertex 36.0141 9.07847 0
    endloop
  endfacet
  facet normal -0.803154 -0.595772 0
    outer loop
      vertex 36.0141 9.07847 5
      vertex 36.1135 8.94447 0
      vertex 36.1135 8.94447 5
    endloop
  endfacet
  facet normal -0.595695 -0.803211 0
    outer loop
      vertex 35.6445 9.4135 0
      vertex 35.7785 9.31412 5
      vertex 35.6445 9.4135 5
    endloop
  endfacet
  facet normal -0.595695 -0.803211 -0
    outer loop
      vertex 35.7785 9.31412 5
      vertex 35.6445 9.4135 0
      vertex 35.7785 9.31412 0
    endloop
  endfacet
  facet normal -0.0491004 -0.998794 0
    outer loop
      vertex 34.7 9.7 0
      vertex 34.8666 9.69181 5
      vertex 34.7 9.7 5
    endloop
  endfacet
  facet normal -0.0491004 -0.998794 -0
    outer loop
      vertex 34.8666 9.69181 5
      vertex 34.7 9.7 0
      vertex 34.8666 9.69181 0
    endloop
  endfacet
  facet normal -0.998791 0.0491513 0
    outer loop
      vertex 36.3918 7.83337 0
      vertex 36.4 8 5
      vertex 36.4 8 0
    endloop
  endfacet
  facet normal -0.998791 0.0491513 0
    outer loop
      vertex 36.4 8 5
      vertex 36.3918 7.83337 0
      vertex 36.3918 7.83337 5
    endloop
  endfacet
  facet normal 0.242987 -0.97003 0
    outer loop
      vertex 34.2065 9.6268 0
      vertex 34.3683 9.66733 5
      vertex 34.2065 9.6268 5
    endloop
  endfacet
  facet normal 0.242987 -0.97003 0
    outer loop
      vertex 34.3683 9.66733 5
      vertex 34.2065 9.6268 0
      vertex 34.3683 9.66733 0
    endloop
  endfacet
  facet normal 0.970083 0.242775 0
    outer loop
      vertex 33.0732 7.50652 5
      vertex 33.0327 7.66835 0
      vertex 33.0327 7.66835 5
    endloop
  endfacet
  facet normal 0.970083 0.242775 0
    outer loop
      vertex 33.0327 7.66835 0
      vertex 33.0732 7.50652 5
      vertex 33.0732 7.50652 0
    endloop
  endfacet
  facet normal 0.427589 0.903973 -0
    outer loop
      vertex 34.0494 6.4294 0
      vertex 33.8986 6.50073 5
      vertex 34.0494 6.4294 5
    endloop
  endfacet
  facet normal 0.427589 0.903973 0
    outer loop
      vertex 33.8986 6.50073 5
      vertex 34.0494 6.4294 0
      vertex 33.8986 6.50073 0
    endloop
  endfacet
  facet normal -0.42754 -0.903996 0
    outer loop
      vertex 35.3506 9.57059 0
      vertex 35.5014 9.49927 5
      vertex 35.3506 9.57059 5
    endloop
  endfacet
  facet normal -0.42754 -0.903996 -0
    outer loop
      vertex 35.5014 9.49927 5
      vertex 35.3506 9.57059 0
      vertex 35.5014 9.49927 0
    endloop
  endfacet
  facet normal 0.970083 -0.242775 0
    outer loop
      vertex 33.0327 8.33165 5
      vertex 33.0732 8.49348 0
      vertex 33.0732 8.49348 5
    endloop
  endfacet
  facet normal 0.970083 -0.242775 0
    outer loop
      vertex 33.0732 8.49348 0
      vertex 33.0327 8.33165 5
      vertex 33.0327 8.33165 0
    endloop
  endfacet
  facet normal 0.42754 -0.903996 0
    outer loop
      vertex 33.8986 9.49927 0
      vertex 34.0494 9.57059 5
      vertex 33.8986 9.49927 5
    endloop
  endfacet
  facet normal 0.42754 -0.903996 0
    outer loop
      vertex 34.0494 9.57059 5
      vertex 33.8986 9.49927 0
      vertex 34.0494 9.57059 0
    endloop
  endfacet
  facet normal -0.803154 0.595772 0
    outer loop
      vertex 36.0141 6.92153 0
      vertex 36.1135 7.05553 5
      vertex 36.1135 7.05553 0
    endloop
  endfacet
  facet normal -0.803154 0.595772 0
    outer loop
      vertex 36.1135 7.05553 5
      vertex 36.0141 6.92153 0
      vertex 36.0141 6.92153 5
    endloop
  endfacet
  facet normal 0.941552 -0.336868 0
    outer loop
      vertex 33.0732 8.49348 5
      vertex 33.1294 8.65056 0
      vertex 33.1294 8.65056 5
    endloop
  endfacet
  facet normal 0.941552 -0.336868 0
    outer loop
      vertex 33.1294 8.65056 0
      vertex 33.0732 8.49348 5
      vertex 33.0732 8.49348 0
    endloop
  endfacet
  facet normal -0.970083 0.242775 0
    outer loop
      vertex 36.3268 7.50652 0
      vertex 36.3673 7.66835 5
      vertex 36.3673 7.66835 0
    endloop
  endfacet
  facet normal -0.970083 0.242775 0
    outer loop
      vertex 36.3673 7.66835 5
      vertex 36.3268 7.50652 0
      vertex 36.3268 7.50652 5
    endloop
  endfacet
  facet normal 0.595695 -0.803211 0
    outer loop
      vertex 33.6215 9.31412 0
      vertex 33.7555 9.4135 5
      vertex 33.6215 9.31412 5
    endloop
  endfacet
  facet normal 0.595695 -0.803211 0
    outer loop
      vertex 33.7555 9.4135 5
      vertex 33.6215 9.31412 0
      vertex 33.7555 9.4135 0
    endloop
  endfacet
  facet normal 0.904054 -0.427419 0
    outer loop
      vertex 33.1294 8.65056 5
      vertex 33.2007 8.80137 0
      vertex 33.2007 8.80137 5
    endloop
  endfacet
  facet normal 0.904054 -0.427419 0
    outer loop
      vertex 33.2007 8.80137 0
      vertex 33.1294 8.65056 5
      vertex 33.1294 8.65056 0
    endloop
  endfacet
  facet normal -0.67161 -0.740905 0
    outer loop
      vertex 35.7785 9.31412 0
      vertex 35.9021 9.20208 5
      vertex 35.7785 9.31412 5
    endloop
  endfacet
  facet normal -0.67161 -0.740905 -0
    outer loop
      vertex 35.9021 9.20208 5
      vertex 35.7785 9.31412 0
      vertex 35.9021 9.20208 0
    endloop
  endfacet
  facet normal 0.989158 -0.146857 0
    outer loop
      vertex 33.0082 8.16663 5
      vertex 33.0327 8.33165 0
      vertex 33.0327 8.33165 5
    endloop
  endfacet
  facet normal 0.989158 -0.146857 0
    outer loop
      vertex 33.0327 8.33165 0
      vertex 33.0082 8.16663 5
      vertex 33.0082 8.16663 0
    endloop
  endfacet
  facet normal 0.0491004 0.998794 -0
    outer loop
      vertex 34.7 6.3 0
      vertex 34.5334 6.30819 5
      vertex 34.7 6.3 5
    endloop
  endfacet
  facet normal 0.0491004 0.998794 0
    outer loop
      vertex 34.5334 6.30819 5
      vertex 34.7 6.3 0
      vertex 34.5334 6.30819 0
    endloop
  endfacet
  facet normal 0.741051 0.671448 0
    outer loop
      vertex 33.4979 6.79792 5
      vertex 33.3859 6.92153 0
      vertex 33.3859 6.92153 5
    endloop
  endfacet
  facet normal 0.741051 0.671448 0
    outer loop
      vertex 33.3859 6.92153 0
      vertex 33.4979 6.79792 5
      vertex 33.4979 6.79792 0
    endloop
  endfacet
  facet normal 0.0491004 -0.998794 0
    outer loop
      vertex 34.5334 9.69181 0
      vertex 34.7 9.7 5
      vertex 34.5334 9.69181 5
    endloop
  endfacet
  facet normal 0.0491004 -0.998794 0
    outer loop
      vertex 34.7 9.7 5
      vertex 34.5334 9.69181 0
      vertex 34.7 9.7 0
    endloop
  endfacet
  facet normal 0.989158 0.146857 0
    outer loop
      vertex 33.0327 7.66835 5
      vertex 33.0082 7.83337 0
      vertex 33.0082 7.83337 5
    endloop
  endfacet
  facet normal 0.989158 0.146857 0
    outer loop
      vertex 33.0082 7.83337 0
      vertex 33.0327 7.66835 5
      vertex 33.0327 7.66835 0
    endloop
  endfacet
  facet normal -0.336883 -0.941546 0
    outer loop
      vertex 35.1935 9.6268 0
      vertex 35.3506 9.57059 5
      vertex 35.1935 9.6268 5
    endloop
  endfacet
  facet normal -0.336883 -0.941546 -0
    outer loop
      vertex 35.3506 9.57059 5
      vertex 35.1935 9.6268 0
      vertex 35.3506 9.57059 0
    endloop
  endfacet
  facet normal -0.514099 -0.857731 0
    outer loop
      vertex 35.5014 9.49927 0
      vertex 35.6445 9.4135 5
      vertex 35.5014 9.49927 5
    endloop
  endfacet
  facet normal -0.514099 -0.857731 -0
    outer loop
      vertex 35.6445 9.4135 5
      vertex 35.5014 9.49927 0
      vertex 35.6445 9.4135 0
    endloop
  endfacet
  facet normal 0.336883 -0.941546 0
    outer loop
      vertex 34.0494 9.57059 0
      vertex 34.2065 9.6268 5
      vertex 34.0494 9.57059 5
    endloop
  endfacet
  facet normal 0.336883 -0.941546 0
    outer loop
      vertex 34.2065 9.6268 5
      vertex 34.0494 9.57059 0
      vertex 34.2065 9.6268 0
    endloop
  endfacet
  facet normal -0.595695 0.803211 0
    outer loop
      vertex 35.7785 6.68588 0
      vertex 35.6445 6.5865 5
      vertex 35.7785 6.68588 5
    endloop
  endfacet
  facet normal -0.595695 0.803211 0
    outer loop
      vertex 35.6445 6.5865 5
      vertex 35.7785 6.68588 0
      vertex 35.6445 6.5865 0
    endloop
  endfacet
  facet normal -0.904054 -0.427419 0
    outer loop
      vertex 36.2706 8.65056 0
      vertex 36.1993 8.80137 5
      vertex 36.1993 8.80137 0
    endloop
  endfacet
  facet normal -0.904054 -0.427419 0
    outer loop
      vertex 36.1993 8.80137 5
      vertex 36.2706 8.65056 0
      vertex 36.2706 8.65056 5
    endloop
  endfacet
  facet normal -0.941552 0.336868 0
    outer loop
      vertex 36.2706 7.34944 0
      vertex 36.3268 7.50652 5
      vertex 36.3268 7.50652 0
    endloop
  endfacet
  facet normal -0.941552 0.336868 0
    outer loop
      vertex 36.3268 7.50652 5
      vertex 36.2706 7.34944 0
      vertex 36.2706 7.34944 5
    endloop
  endfacet
  facet normal -0.14667 -0.989185 0
    outer loop
      vertex 34.8666 9.69181 0
      vertex 35.0317 9.66733 5
      vertex 34.8666 9.69181 5
    endloop
  endfacet
  facet normal -0.14667 -0.989185 -0
    outer loop
      vertex 35.0317 9.66733 5
      vertex 34.8666 9.69181 0
      vertex 35.0317 9.66733 0
    endloop
  endfacet
  facet normal -0.146612 0.989194 0
    outer loop
      vertex 35.0317 6.33266 0
      vertex 34.8666 6.30819 5
      vertex 35.0317 6.33266 5
    endloop
  endfacet
  facet normal -0.146612 0.989194 0
    outer loop
      vertex 34.8666 6.30819 5
      vertex 35.0317 6.33266 0
      vertex 34.8666 6.30819 0
    endloop
  endfacet
  facet normal 0.514099 -0.857731 0
    outer loop
      vertex 33.7555 9.4135 0
      vertex 33.8986 9.49927 5
      vertex 33.7555 9.4135 5
    endloop
  endfacet
  facet normal 0.514099 -0.857731 0
    outer loop
      vertex 33.8986 9.49927 5
      vertex 33.7555 9.4135 0
      vertex 33.8986 9.49927 0
    endloop
  endfacet
  facet normal -0.741051 0.671448 0
    outer loop
      vertex 35.9021 6.79792 0
      vertex 36.0141 6.92153 5
      vertex 36.0141 6.92153 0
    endloop
  endfacet
  facet normal -0.741051 0.671448 0
    outer loop
      vertex 36.0141 6.92153 5
      vertex 35.9021 6.79792 0
      vertex 35.9021 6.79792 5
    endloop
  endfacet
  facet normal 0.67161 0.740905 -0
    outer loop
      vertex 33.6215 6.68588 0
      vertex 33.4979 6.79792 5
      vertex 33.6215 6.68588 5
    endloop
  endfacet
  facet normal 0.67161 0.740905 0
    outer loop
      vertex 33.4979 6.79792 5
      vertex 33.6215 6.68588 0
      vertex 33.4979 6.79792 0
    endloop
  endfacet
  facet normal -0.941552 -0.336868 0
    outer loop
      vertex 36.3268 8.49348 0
      vertex 36.2706 8.65056 5
      vertex 36.2706 8.65056 0
    endloop
  endfacet
  facet normal -0.941552 -0.336868 0
    outer loop
      vertex 36.2706 8.65056 5
      vertex 36.3268 8.49348 0
      vertex 36.3268 8.49348 5
    endloop
  endfacet
  facet normal -0.857636 0.514258 0
    outer loop
      vertex 36.1135 7.05553 0
      vertex 36.1993 7.19862 5
      vertex 36.1993 7.19862 0
    endloop
  endfacet
  facet normal -0.857636 0.514258 0
    outer loop
      vertex 36.1993 7.19862 5
      vertex 36.1135 7.05553 0
      vertex 36.1135 7.05553 5
    endloop
  endfacet
  facet normal 0.33683 0.941566 -0
    outer loop
      vertex 34.2065 6.3732 0
      vertex 34.0494 6.4294 5
      vertex 34.2065 6.3732 5
    endloop
  endfacet
  facet normal 0.33683 0.941566 0
    outer loop
      vertex 34.0494 6.4294 5
      vertex 34.2065 6.3732 0
      vertex 34.0494 6.4294 0
    endloop
  endfacet
  facet normal 0.803154 0.595772 0
    outer loop
      vertex 33.3859 6.92153 5
      vertex 33.2865 7.05553 0
      vertex 33.2865 7.05553 5
    endloop
  endfacet
  facet normal 0.803154 0.595772 0
    outer loop
      vertex 33.2865 7.05553 0
      vertex 33.3859 6.92153 5
      vertex 33.3859 6.92153 0
    endloop
  endfacet
  facet normal -0.427589 0.903973 0
    outer loop
      vertex 35.5014 6.50073 0
      vertex 35.3506 6.4294 5
      vertex 35.5014 6.50073 5
    endloop
  endfacet
  facet normal -0.427589 0.903973 0
    outer loop
      vertex 35.3506 6.4294 5
      vertex 35.5014 6.50073 0
      vertex 35.3506 6.4294 0
    endloop
  endfacet
  facet normal -0.989158 0.146857 0
    outer loop
      vertex 36.3673 7.66835 0
      vertex 36.3918 7.83337 5
      vertex 36.3918 7.83337 0
    endloop
  endfacet
  facet normal -0.989158 0.146857 0
    outer loop
      vertex 36.3918 7.83337 5
      vertex 36.3673 7.66835 0
      vertex 36.3673 7.66835 5
    endloop
  endfacet
  facet normal 0.904065 0.427396 0
    outer loop
      vertex 33.2007 7.19862 5
      vertex 33.1294 7.34944 0
      vertex 33.1294 7.34944 5
    endloop
  endfacet
  facet normal 0.904065 0.427396 0
    outer loop
      vertex 33.1294 7.34944 0
      vertex 33.2007 7.19862 5
      vertex 33.2007 7.19862 0
    endloop
  endfacet
  facet normal 0.998791 0.0491513 0
    outer loop
      vertex 33.0082 7.83337 5
      vertex 33 8 0
      vertex 33 8 5
    endloop
  endfacet
  facet normal 0.998791 0.0491513 0
    outer loop
      vertex 33 8 0
      vertex 33.0082 7.83337 5
      vertex 33.0082 7.83337 0
    endloop
  endfacet
  facet normal -0.857652 -0.514231 0
    outer loop
      vertex 36.1993 8.80137 0
      vertex 36.1135 8.94447 5
      vertex 36.1135 8.94447 0
    endloop
  endfacet
  facet normal -0.857652 -0.514231 0
    outer loop
      vertex 36.1135 8.94447 5
      vertex 36.1993 8.80137 0
      vertex 36.1993 8.80137 5
    endloop
  endfacet
  facet normal -0.741051 -0.671448 0
    outer loop
      vertex 36.0141 9.07847 0
      vertex 35.9021 9.20208 5
      vertex 35.9021 9.20208 0
    endloop
  endfacet
  facet normal -0.741051 -0.671448 0
    outer loop
      vertex 35.9021 9.20208 5
      vertex 36.0141 9.07847 0
      vertex 36.0141 9.07847 5
    endloop
  endfacet
  facet normal 0.67161 -0.740905 0
    outer loop
      vertex 33.4979 9.20208 0
      vertex 33.6215 9.31412 5
      vertex 33.4979 9.20208 5
    endloop
  endfacet
  facet normal 0.67161 -0.740905 0
    outer loop
      vertex 33.6215 9.31412 5
      vertex 33.4979 9.20208 0
      vertex 33.6215 9.31412 0
    endloop
  endfacet
  facet normal 0.941552 0.336868 0
    outer loop
      vertex 33.1294 7.34944 5
      vertex 33.0732 7.50652 0
      vertex 33.0732 7.50652 5
    endloop
  endfacet
  facet normal 0.941552 0.336868 0
    outer loop
      vertex 33.0732 7.50652 0
      vertex 33.1294 7.34944 5
      vertex 33.1294 7.34944 0
    endloop
  endfacet
  facet normal 0.741051 -0.671448 0
    outer loop
      vertex 33.3859 9.07847 5
      vertex 33.4979 9.20208 0
      vertex 33.4979 9.20208 5
    endloop
  endfacet
  facet normal 0.741051 -0.671448 0
    outer loop
      vertex 33.4979 9.20208 0
      vertex 33.3859 9.07847 5
      vertex 33.3859 9.07847 0
    endloop
  endfacet
  facet normal -0.242987 -0.97003 0
    outer loop
      vertex 35.0317 9.66733 0
      vertex 35.1935 9.6268 5
      vertex 35.0317 9.66733 5
    endloop
  endfacet
  facet normal -0.242987 -0.97003 -0
    outer loop
      vertex 35.1935 9.6268 5
      vertex 35.0317 9.66733 0
      vertex 35.1935 9.6268 0
    endloop
  endfacet
  facet normal -0.0491004 0.998794 0
    outer loop
      vertex 34.8666 6.30819 0
      vertex 34.7 6.3 5
      vertex 34.8666 6.30819 5
    endloop
  endfacet
  facet normal -0.0491004 0.998794 0
    outer loop
      vertex 34.7 6.3 5
      vertex 34.8666 6.30819 0
      vertex 34.7 6.3 0
    endloop
  endfacet
  facet normal -0.33683 0.941566 0
    outer loop
      vertex 35.3506 6.4294 0
      vertex 35.1935 6.3732 5
      vertex 35.3506 6.4294 5
    endloop
  endfacet
  facet normal -0.33683 0.941566 0
    outer loop
      vertex 35.1935 6.3732 5
      vertex 35.3506 6.4294 0
      vertex 35.1935 6.3732 0
    endloop
  endfacet
  facet normal -0.243043 0.970015 0
    outer loop
      vertex 35.1935 6.3732 0
      vertex 35.0317 6.33266 5
      vertex 35.1935 6.3732 5
    endloop
  endfacet
  facet normal -0.243043 0.970015 0
    outer loop
      vertex 35.0317 6.33266 5
      vertex 35.1935 6.3732 0
      vertex 35.0317 6.33266 0
    endloop
  endfacet
  facet normal 0.803154 -0.595772 0
    outer loop
      vertex 33.2865 8.94447 5
      vertex 33.3859 9.07847 0
      vertex 33.3859 9.07847 5
    endloop
  endfacet
  facet normal 0.803154 -0.595772 0
    outer loop
      vertex 33.3859 9.07847 0
      vertex 33.2865 8.94447 5
      vertex 33.2865 8.94447 0
    endloop
  endfacet
  facet normal -0.904065 0.427396 0
    outer loop
      vertex 36.1993 7.19862 0
      vertex 36.2706 7.34944 5
      vertex 36.2706 7.34944 0
    endloop
  endfacet
  facet normal -0.904065 0.427396 0
    outer loop
      vertex 36.2706 7.34944 5
      vertex 36.1993 7.19862 0
      vertex 36.1993 7.19862 5
    endloop
  endfacet
  facet normal -0.514099 0.857731 0
    outer loop
      vertex 35.6445 6.5865 0
      vertex 35.5014 6.50073 5
      vertex 35.6445 6.5865 5
    endloop
  endfacet
  facet normal -0.514099 0.857731 0
    outer loop
      vertex 35.5014 6.50073 5
      vertex 35.6445 6.5865 0
      vertex 35.5014 6.50073 0
    endloop
  endfacet
  facet normal -0.67161 0.740905 0
    outer loop
      vertex 35.9021 6.79792 0
      vertex 35.7785 6.68588 5
      vertex 35.9021 6.79792 5
    endloop
  endfacet
  facet normal -0.67161 0.740905 0
    outer loop
      vertex 35.7785 6.68588 5
      vertex 35.9021 6.79792 0
      vertex 35.7785 6.68588 0
    endloop
  endfacet
  facet normal 0.998791 -0.0491513 0
    outer loop
      vertex 33 8 5
      vertex 33.0082 8.16663 0
      vertex 33.0082 8.16663 5
    endloop
  endfacet
  facet normal 0.998791 -0.0491513 0
    outer loop
      vertex 33.0082 8.16663 0
      vertex 33 8 5
      vertex 33 8 0
    endloop
  endfacet
  facet normal 0.146612 0.989194 -0
    outer loop
      vertex 34.5334 6.30819 0
      vertex 34.3683 6.33266 5
      vertex 34.5334 6.30819 5
    endloop
  endfacet
  facet normal 0.146612 0.989194 0
    outer loop
      vertex 34.3683 6.33266 5
      vertex 34.5334 6.30819 0
      vertex 34.3683 6.33266 0
    endloop
  endfacet
  facet normal 0.857636 0.514258 0
    outer loop
      vertex 33.2865 7.05553 5
      vertex 33.2007 7.19862 0
      vertex 33.2007 7.19862 5
    endloop
  endfacet
  facet normal 0.857636 0.514258 0
    outer loop
      vertex 33.2007 7.19862 0
      vertex 33.2865 7.05553 5
      vertex 33.2865 7.05553 0
    endloop
  endfacet
  facet normal 0.514099 0.857731 -0
    outer loop
      vertex 33.8986 6.50073 0
      vertex 33.7555 6.5865 5
      vertex 33.8986 6.50073 5
    endloop
  endfacet
  facet normal 0.514099 0.857731 0
    outer loop
      vertex 33.7555 6.5865 5
      vertex 33.8986 6.50073 0
      vertex 33.7555 6.5865 0
    endloop
  endfacet
  facet normal 0.243043 0.970015 -0
    outer loop
      vertex 34.3683 6.33266 0
      vertex 34.2065 6.3732 5
      vertex 34.3683 6.33266 5
    endloop
  endfacet
  facet normal 0.243043 0.970015 0
    outer loop
      vertex 34.2065 6.3732 5
      vertex 34.3683 6.33266 0
      vertex 34.2065 6.3732 0
    endloop
  endfacet
  facet normal 0 0 -1
    outer loop
      vertex 36.3918 7.83337 5
      vertex 36.3918 8.16663 5
      vertex 36.4 8 5
    endloop
  endfacet
  facet normal 0 0 -1
    outer loop
      vertex 36.3673 7.66835 5
      vertex 36.3918 8.16663 5
      vertex 36.3918 7.83337 5
    endloop
  endfacet
  facet normal 0 0 -1
    outer loop
      vertex 36.3673 7.66835 5
      vertex 36.3673 8.33165 5
      vertex 36.3918 8.16663 5
    endloop
  endfacet
  facet normal 0 0 -1
    outer loop
      vertex 36.3268 7.50652 5
      vertex 36.3673 8.33165 5
      vertex 36.3673 7.66835 5
    endloop
  endfacet
  facet normal 0 0 -1
    outer loop
      vertex 36.3268 7.50652 5
      vertex 36.3268 8.49348 5
      vertex 36.3673 8.33165 5
    endloop
  endfacet
  facet normal 0 0 -1
    outer loop
      vertex 36.2706 7.34944 5
      vertex 36.3268 8.49348 5
      vertex 36.3268 7.50652 5
    endloop
  endfacet
  facet normal 0 0 -1
    outer loop
      vertex 36.2706 7.34944 5
      vertex 36.2706 8.65056 5
      vertex 36.3268 8.49348 5
    endloop
  endfacet
  facet normal 0 0 -1
    outer loop
      vertex 36.1993 7.19862 5
      vertex 36.2706 8.65056 5
      vertex 36.2706 7.34944 5
    endloop
  endfacet
  facet normal 0 0 -1
    outer loop
      vertex 36.1993 7.19862 5
      vertex 36.1993 8.80137 5
      vertex 36.2706 8.65056 5
    endloop
  endfacet
  facet normal 0 0 -1
    outer loop
      vertex 36.1135 7.05553 5
      vertex 36.1993 8.80137 5
      vertex 36.1993 7.19862 5
    endloop
  endfacet
  facet normal 0 0 -1
    outer loop
      vertex 36.1135 7.05553 5
      vertex 36.1135 8.94447 5
      vertex 36.1993 8.80137 5
    endloop
  endfacet
  facet normal 0 0 -1
    outer loop
      vertex 36.0141 6.92153 5
      vertex 36.1135 8.94447 5
      vertex 36.1135 7.05553 5
    endloop
  endfacet
  facet normal 0 0 -1
    outer loop
      vertex 36.0141 6.92153 5
      vertex 36.0141 9.07847 5
      vertex 36.1135 8.94447 5
    endloop
  endfacet
  facet normal 0 0 -1
    outer loop
      vertex 35.9021 6.79792 5
      vertex 36.0141 9.07847 5
      vertex 36.0141 6.92153 5
    endloop
  endfacet
  facet normal 0 0 -1
    outer loop
      vertex 35.9021 6.79792 5
      vertex 35.9021 9.20208 5
      vertex 36.0141 9.07847 5
    endloop
  endfacet
  facet normal 0 0 -1
    outer loop
      vertex 35.7785 6.68588 5
      vertex 35.9021 9.20208 5
      vertex 35.9021 6.79792 5
    endloop
  endfacet
  facet normal 0 0 -1
    outer loop
      vertex 35.7785 6.68588 5
      vertex 35.7785 9.31412 5
      vertex 35.9021 9.20208 5
    endloop
  endfacet
  facet normal 0 0 -1
    outer loop
      vertex 35.6445 6.5865 5
      vertex 35.7785 9.31412 5
      vertex 35.7785 6.68588 5
    endloop
  endfacet
  facet normal 0 0 -1
    outer loop
      vertex 35.6445 6.5865 5
      vertex 35.6445 9.4135 5
      vertex 35.7785 9.31412 5
    endloop
  endfacet
  facet normal 0 0 -1
    outer loop
      vertex 35.5014 6.50073 5
      vertex 35.6445 9.4135 5
      vertex 35.6445 6.5865 5
    endloop
  endfacet
  facet normal 0 0 -1
    outer loop
      vertex 35.5014 6.50073 5
      vertex 35.5014 9.49927 5
      vertex 35.6445 9.4135 5
    endloop
  endfacet
  facet normal 0 0 -1
    outer loop
      vertex 35.3506 6.4294 5
      vertex 35.5014 9.49927 5
      vertex 35.5014 6.50073 5
    endloop
  endfacet
  facet normal 0 0 -1
    outer loop
      vertex 35.3506 6.4294 5
      vertex 35.3506 9.57059 5
      vertex 35.5014 9.49927 5
    endloop
  endfacet
  facet normal 0 0 -1
    outer loop
      vertex 35.1935 6.3732 5
      vertex 35.3506 9.57059 5
      vertex 35.3506 6.4294 5
    endloop
  endfacet
  facet normal 0 0 -1
    outer loop
      vertex 35.1935 6.3732 5
      vertex 35.1935 9.6268 5
      vertex 35.3506 9.57059 5
    endloop
  endfacet
  facet normal 0 0 -1
    outer loop
      vertex 35.0317 6.33266 5
      vertex 35.1935 9.6268 5
      vertex 35.1935 6.3732 5
    endloop
  endfacet
  facet normal 0 0 -1
    outer loop
      vertex 35.0317 6.33266 5
      vertex 35.0317 9.66733 5
      vertex 35.1935 9.6268 5
    endloop
  endfacet
  facet normal 0 0 -1
    outer loop
      vertex 34.8666 6.30819 5
      vertex 35.0317 9.66733 5
      vertex 35.0317 6.33266 5
    endloop
  endfacet
  facet normal 0 0 -1
    outer loop
      vertex 34.8666 6.30819 5
      vertex 34.8666 9.69181 5
      vertex 35.0317 9.66733 5
    endloop
  endfacet
  facet normal 0 0 -1
    outer loop
      vertex 34.7 6.3 5
      vertex 34.8666 9.69181 5
      vertex 34.8666 6.30819 5
    endloop
  endfacet
  facet normal 0 0 -1
    outer loop
      vertex 34.7 6.3 5
      vertex 34.7 9.7 5
      vertex 34.8666 9.69181 5
    endloop
  endfacet
  facet normal 0 0 -1
    outer loop
      vertex 34.5334 6.30819 5
      vertex 34.7 9.7 5
      vertex 34.7 6.3 5
    endloop
  endfacet
  facet normal 0 0 -1
    outer loop
      vertex 34.5334 6.30819 5
      vertex 34.5334 9.69181 5
      vertex 34.7 9.7 5
    endloop
  endfacet
  facet normal 0 0 -1
    outer loop
      vertex 34.3683 6.33266 5
      vertex 34.5334 9.69181 5
      vertex 34.5334 6.30819 5
    endloop
  endfacet
  facet normal 0 0 -1
    outer loop
      vertex 34.3683 6.33266 5
      vertex 34.3683 9.66733 5
      vertex 34.5334 9.69181 5
    endloop
  endfacet
  facet normal 0 0 -1
    outer loop
      vertex 34.2065 6.3732 5
      vertex 34.3683 9.66733 5
      vertex 34.3683 6.33266 5
    endloop
  endfacet
  facet normal 0 0 -1
    outer loop
      vertex 34.2065 6.3732 5
      vertex 34.2065 9.6268 5
      vertex 34.3683 9.66733 5
    endloop
  endfacet
  facet normal 0 0 -1
    outer loop
      vertex 34.0494 6.4294 5
      vertex 34.2065 9.6268 5
      vertex 34.2065 6.3732 5
    endloop
  endfacet
  facet normal 0 0 -1
    outer loop
      vertex 34.0494 6.4294 5
      vertex 34.0494 9.57059 5
      vertex 34.2065 9.6268 5
    endloop
  endfacet
  facet normal 0 0 -1
    outer loop
      vertex 33.8986 6.50073 5
      vertex 34.0494 9.57059 5
      vertex 34.0494 6.4294 5
    endloop
  endfacet
  facet normal 0 0 -1
    outer loop
      vertex 33.8986 6.50073 5
      vertex 33.8986 9.49927 5
      vertex 34.0494 9.57059 5
    endloop
  endfacet
  facet normal 0 0 -1
    outer loop
      vertex 33.7555 6.5865 5
      vertex 33.8986 9.49927 5
      vertex 33.8986 6.50073 5
    endloop
  endfacet
  facet normal 0 0 -1
    outer loop
      vertex 33.7555 6.5865 5
      vertex 33.7555 9.4135 5
      vertex 33.8986 9.49927 5
    endloop
  endfacet
  facet normal 0 0 -1
    outer loop
      vertex 33.6215 6.68588 5
      vertex 33.7555 9.4135 5
      vertex 33.7555 6.5865 5
    endloop
  endfacet
  facet normal 0 0 -1
    outer loop
      vertex 33.6215 6.68588 5
      vertex 33.6215 9.31412 5
      vertex 33.7555 9.4135 5
    endloop
  endfacet
  facet normal 0 0 -1
    outer loop
      vertex 33.4979 6.79792 5
      vertex 33.6215 9.31412 5
      vertex 33.6215 6.68588 5
    endloop
  endfacet
  facet normal 0 0 -1
    outer loop
      vertex 33.4979 6.79792 5
      vertex 33.4979 9.20208 5
      vertex 33.6215 9.31412 5
    endloop
  endfacet
  facet normal 0 0 -1
    outer loop
      vertex 33.3859 6.92153 5
      vertex 33.4979 9.20208 5
      vertex 33.4979 6.79792 5
    endloop
  endfacet
  facet normal 0 0 -1
    outer loop
      vertex 33.3859 6.92153 5
      vertex 33.3859 9.07847 5
      vertex 33.4979 9.20208 5
    endloop
  endfacet
  facet normal 0 0 -1
    outer loop
      vertex 33.2865 7.05553 5
      vertex 33.3859 9.07847 5
      vertex 33.3859 6.92153 5
    endloop
  endfacet
  facet normal 0 0 -1
    outer loop
      vertex 33.2865 7.05553 5
      vertex 33.2865 8.94447 5
      vertex 33.3859 9.07847 5
    endloop
  endfacet
  facet normal 0 0 -1
    outer loop
      vertex 33.2007 7.19862 5
      vertex 33.2865 8.94447 5
      vertex 33.2865 7.05553 5
    endloop
  endfacet
  facet normal 0 0 -1
    outer loop
      vertex 33.2007 7.19862 5
      vertex 33.2007 8.80137 5
      vertex 33.2865 8.94447 5
    endloop
  endfacet
  facet normal 0 0 -1
    outer loop
      vertex 33.1294 7.34944 5
      vertex 33.2007 8.80137 5
      vertex 33.2007 7.19862 5
    endloop
  endfacet
  facet normal 0 0 -1
    outer loop
      vertex 33.1294 7.34944 5
      vertex 33.1294 8.65056 5
      vertex 33.2007 8.80137 5
    endloop
  endfacet
  facet normal 0 0 -1
    outer loop
      vertex 33.0732 7.50652 5
      vertex 33.1294 8.65056 5
      vertex 33.1294 7.34944 5
    endloop
  endfacet
  facet normal 0 0 -1
    outer loop
      vertex 33.0732 7.50652 5
      vertex 33.0732 8.49348 5
      vertex 33.1294 8.65056 5
    endloop
  endfacet
  facet normal 0 0 -1
    outer loop
      vertex 33.0327 7.66835 5
      vertex 33.0732 8.49348 5
      vertex 33.0732 7.50652 5
    endloop
  endfacet
  facet normal 0 0 -1
    outer loop
      vertex 33.0327 7.66835 5
      vertex 33.0327 8.33165 5
      vertex 33.0732 8.49348 5
    endloop
  endfacet
  facet normal 0 0 -1
    outer loop
      vertex 33.0082 7.83337 5
      vertex 33.0327 8.33165 5
      vertex 33.0327 7.66835 5
    endloop
  endfacet
  facet normal 0 0 -1
    outer loop
      vertex 33.0082 7.83337 5
      vertex 33.0082 8.16663 5
      vertex 33.0327 8.33165 5
    endloop
  endfacet
  facet normal 0 -0 -1
    outer loop
      vertex 33.0082 8.16663 5
      vertex 33.0082 7.83337 5
      vertex 33 8 5
    endloop
  endfacet
  facet normal 0.595695 0.803211 -0
    outer loop
      vertex 33.7555 6.5865 0
      vertex 33.6215 6.68588 5
      vertex 33.7555 6.5865 5
    endloop
  endfacet
  facet normal 0.595695 0.803211 0
    outer loop
      vertex 33.6215 6.68588 5
      vertex 33.7555 6.5865 0
      vertex 33.6215 6.68588 0
    endloop
  endfacet
  facet normal 0.857652 -0.514231 0
    outer loop
      vertex 33.2007 8.80137 5
      vertex 33.2865 8.94447 0
      vertex 33.2865 8.94447 5
    endloop
  endfacet
  facet normal 0.857652 -0.514231 0
    outer loop
      vertex 33.2865 8.94447 0
      vertex 33.2007 8.80137 5
      vertex 33.2007 8.80137 0
    endloop
  endfacet
  facet normal 0.740957 0.671552 0
    outer loop
      vertex 2.05061 2.05061 46.5
      vertex 2.13121 1.96168 45.546
      vertex 2.05061 2.05061 45.473
    endloop
  endfacet
  facet normal 0.740954 0.671556 -0
    outer loop
      vertex 2.24173 1.83974 45.628
      vertex 2.05061 2.05061 46.5
      vertex 2.24173 1.83974 46.5
    endloop
  endfacet
  facet normal 0.740951 0.671559 -1.07646e-06
    outer loop
      vertex 2.05061 2.05061 46.5
      vertex 2.24173 1.83974 45.628
      vertex 2.13121 1.96168 45.546
    endloop
  endfacet
  facet normal 0.740954 0.671556 0
    outer loop
      vertex 2.24173 1.83974 42.3298
      vertex 2.05061 2.05061 41.5
      vertex 2.05061 2.05061 42.521
    endloop
  endfacet
  facet normal 0.740954 0.671556 0
    outer loop
      vertex 2.05061 2.05061 41.5
      vertex 2.24173 1.83974 42.3298
      vertex 2.24173 1.83974 41.5
    endloop
  endfacet
  facet normal 0.989181 0.146701 0
    outer loop
      vertex 2.88603 0.284249 41.6855
      vertex 2.84428 0.565762 41.5
      vertex 2.84428 0.565762 41.7273
    endloop
  endfacet
  facet normal 0.989181 0.146701 0
    outer loop
      vertex 2.84428 0.565762 41.5
      vertex 2.88603 0.284249 41.6855
      vertex 2.88603 0.284249 41.5
    endloop
  endfacet
  facet normal 0.989181 0.146701 -0
    outer loop
      vertex 2.88603 0.284249 45.9306
      vertex 2.84428 0.565762 46.5
      vertex 2.88603 0.284249 46.5
    endloop
  endfacet
  facet normal 0.989181 0.146701 0
    outer loop
      vertex 2.84428 0.565762 46.5
      vertex 2.88603 0.284249 45.9306
      vertex 2.84428 0.565762 45.9201
    endloop
  endfacet
  facet normal 0.998794 0.0490878 0
    outer loop
      vertex 2.9 0 41.6716
      vertex 2.88603 0.284249 41.5
      vertex 2.88603 0.284249 41.6855
    endloop
  endfacet
  facet normal 0.998794 0.0490878 0
    outer loop
      vertex 2.88603 0.284249 41.5
      vertex 2.9 0 41.6716
      vertex 2.9 0 41.5
    endloop
  endfacet
  facet normal 0.998794 0.0490878 -0
    outer loop
      vertex 2.9 0 45.9341
      vertex 2.88603 0.284249 46.5
      vertex 2.9 0 46.5
    endloop
  endfacet
  facet normal 0.998794 0.0490878 0
    outer loop
      vertex 2.88603 0.284249 46.5
      vertex 2.9 0 45.9341
      vertex 2.88603 0.284249 45.9306
    endloop
  endfacet
  facet normal 0.970037 0.242959 0
    outer loop
      vertex 2.77513 0.841825 46.5
      vertex 2.81943 0.664953 45.9139
      vertex 2.77513 0.841825 45.898
    endloop
  endfacet
  facet normal 0.970031 0.24298 -6.64212e-06
    outer loop
      vertex 2.84428 0.565762 46.5
      vertex 2.81943 0.664953 45.9139
      vertex 2.77513 0.841825 46.5
    endloop
  endfacet
  facet normal 0.970022 0.243017 0
    outer loop
      vertex 2.81943 0.664953 45.9139
      vertex 2.84428 0.565762 46.5
      vertex 2.84428 0.565762 45.9201
    endloop
  endfacet
  facet normal 0.970031 0.24298 0
    outer loop
      vertex 2.84428 0.565762 41.7273
      vertex 2.77513 0.841825 41.5
      vertex 2.77513 0.841825 41.7964
    endloop
  endfacet
  facet normal 0.970031 0.24298 0
    outer loop
      vertex 2.77513 0.841825 41.5
      vertex 2.84428 0.565762 41.7273
      vertex 2.84428 0.565762 41.5
    endloop
  endfacet
  facet normal 0.336903 -0.941539 0
    outer loop
      vertex 0.841825 -2.77513 41.5
      vertex 1.10978 -2.67925 46.5
      vertex 0.841825 -2.77513 46.5
    endloop
  endfacet
  facet normal 0.336903 -0.941539 0
    outer loop
      vertex 1.10978 -2.67925 46.5
      vertex 0.841825 -2.77513 41.5
      vertex 1.10978 -2.67925 41.5
    endloop
  endfacet
  facet normal 0.85769 0.514167 0
    outer loop
      vertex 2.41126 1.61115 46.5
      vertex 2.45721 1.5345 45.7638
      vertex 2.41126 1.61115 45.7363
    endloop
  endfacet
  facet normal 0.857725 0.514108 -0
    outer loop
      vertex 2.55757 1.36705 45.8113
      vertex 2.41126 1.61115 46.5
      vertex 2.55757 1.36705 46.5
    endloop
  endfacet
  facet normal 0.85774 0.514084 1.17154e-05
    outer loop
      vertex 2.41126 1.61115 46.5
      vertex 2.55757 1.36705 45.8113
      vertex 2.45721 1.5345 45.7638
    endloop
  endfacet
  facet normal 0.857725 0.514108 0
    outer loop
      vertex 2.55757 1.36705 42.014
      vertex 2.41126 1.61115 41.5
      vertex 2.41126 1.61115 42.1603
    endloop
  endfacet
  facet normal 0.857725 0.514108 0
    outer loop
      vertex 2.41126 1.61115 41.5
      vertex 2.55757 1.36705 42.014
      vertex 2.55757 1.36705 41.5
    endloop
  endfacet
  facet normal 0.941539 0.336903 -0
    outer loop
      vertex 2.77513 0.841825 45.898
      vertex 2.67925 1.10978 46.5
      vertex 2.77513 0.841825 46.5
    endloop
  endfacet
  facet normal 0.941539 0.336903 0
    outer loop
      vertex 2.67925 1.10978 46.5
      vertex 2.77513 0.841825 45.898
      vertex 2.67925 1.10978 45.8637
    endloop
  endfacet
  facet normal 0.941539 0.336903 0
    outer loop
      vertex 2.77513 0.841825 41.7964
      vertex 2.67925 1.10978 41.5
      vertex 2.67925 1.10978 41.8923
    endloop
  endfacet
  facet normal 0.941539 0.336903 0
    outer loop
      vertex 2.67925 1.10978 41.5
      vertex 2.77513 0.841825 41.7964
      vertex 2.77513 0.841825 41.5
    endloop
  endfacet
  facet normal -0.740954 0.671556 0
    outer loop
      vertex -2.24173 1.83974 41.5
      vertex -2.05061 2.05061 46.5
      vertex -2.05061 2.05061 41.5
    endloop
  endfacet
  facet normal -0.740954 0.671556 0
    outer loop
      vertex -2.05061 2.05061 46.5
      vertex -2.24173 1.83974 41.5
      vertex -2.24173 1.83974 46.5
    endloop
  endfacet
  facet normal 0.0490878 -0.998794 0
    outer loop
      vertex 0 -2.9 41.5
      vertex 0.284249 -2.88603 46.5
      vertex 0 -2.9 46.5
    endloop
  endfacet
  facet normal 0.0490878 -0.998794 0
    outer loop
      vertex 0.284249 -2.88603 46.5
      vertex 0 -2.9 41.5
      vertex 0.284249 -2.88603 41.5
    endloop
  endfacet
  facet normal 0.427556 0.903989 -0
    outer loop
      vertex 1.36705 2.55757 41.5
      vertex 1.10978 2.67925 46.5
      vertex 1.36705 2.55757 46.5
    endloop
  endfacet
  facet normal 0.427556 0.903989 0
    outer loop
      vertex 1.10978 2.67925 46.5
      vertex 1.36705 2.55757 41.5
      vertex 1.10978 2.67925 41.5
    endloop
  endfacet
  facet normal 0.671556 0.740954 0
    outer loop
      vertex 1.83974 2.24173 41.5
      vertex 2.05061 2.05061 42.521
      vertex 2.05061 2.05061 41.5
    endloop
  endfacet
  facet normal 0.671561 0.740949 -1.9868e-06
    outer loop
      vertex 2.05061 2.05061 42.521
      vertex 1.83974 2.24173 41.5
      vertex 1.98579 2.10936 42.5858
    endloop
  endfacet
  facet normal 0.671543 0.740965 2.50978e-06
    outer loop
      vertex 1.98579 2.10936 42.5858
      vertex 1.83974 2.24173 41.5
      vertex 1.85398 2.22882 42.7312
    endloop
  endfacet
  facet normal 0.671662 0.740857 0
    outer loop
      vertex 1.85398 2.22882 42.7312
      vertex 1.83974 2.24173 41.5
      vertex 1.83974 2.24173 42.7504
    endloop
  endfacet
  facet normal 0.671556 0.740954 -0
    outer loop
      vertex 2.05061 2.05061 45.473
      vertex 1.83974 2.24173 46.5
      vertex 2.05061 2.05061 46.5
    endloop
  endfacet
  facet normal 0.671562 0.740949 2.00885e-06
    outer loop
      vertex 1.98579 2.10936 45.4142
      vertex 1.83974 2.24173 46.5
      vertex 2.05061 2.05061 45.473
    endloop
  endfacet
  facet normal 0.671543 0.740965 -2.50978e-06
    outer loop
      vertex 1.85398 2.22882 45.2688
      vertex 1.83974 2.24173 46.5
      vertex 1.98579 2.10936 45.4142
    endloop
  endfacet
  facet normal 0.671662 0.740857 0
    outer loop
      vertex 1.83974 2.24173 46.5
      vertex 1.85398 2.22882 45.2688
      vertex 1.83974 2.24173 45.2496
    endloop
  endfacet
  facet normal -0.59569 -0.803214 0
    outer loop
      vertex -1.83974 -2.24173 41.5
      vertex -1.61115 -2.41126 46.5
      vertex -1.83974 -2.24173 46.5
    endloop
  endfacet
  facet normal -0.59569 -0.803214 -0
    outer loop
      vertex -1.61115 -2.41126 46.5
      vertex -1.83974 -2.24173 41.5
      vertex -1.61115 -2.41126 41.5
    endloop
  endfacet
  facet normal 0.24298 -0.970031 0
    outer loop
      vertex 0.565762 -2.84428 41.5
      vertex 0.841825 -2.77513 46.5
      vertex 0.565762 -2.84428 46.5
    endloop
  endfacet
  facet normal 0.24298 -0.970031 0
    outer loop
      vertex 0.841825 -2.77513 46.5
      vertex 0.565762 -2.84428 41.5
      vertex 0.841825 -2.77513 41.5
    endloop
  endfacet
  facet normal 0.989181 -0.146701 0
    outer loop
      vertex 2.84428 -0.565762 46.5
      vertex 2.88603 -0.284249 45.9306
      vertex 2.88603 -0.284249 46.5
    endloop
  endfacet
  facet normal 0.989181 -0.146701 0
    outer loop
      vertex 2.88603 -0.284249 45.9306
      vertex 2.84428 -0.565762 46.5
      vertex 2.84428 -0.565762 45.9201
    endloop
  endfacet
  facet normal 0.989181 -0.146701 0
    outer loop
      vertex 2.84428 -0.565762 41.5
      vertex 2.88603 -0.284249 41.6855
      vertex 2.84428 -0.565762 41.7273
    endloop
  endfacet
  facet normal 0.989181 -0.146701 0
    outer loop
      vertex 2.88603 -0.284249 41.6855
      vertex 2.84428 -0.565762 41.5
      vertex 2.88603 -0.284249 41.5
    endloop
  endfacet
  facet normal 0.514108 -0.857725 0
    outer loop
      vertex 1.36705 -2.55757 46.5
      vertex 1.61115 -2.41126 44.8899
      vertex 1.61115 -2.41126 46.5
    endloop
  endfacet
  facet normal 0.51411 -0.857724 3.34895e-07
    outer loop
      vertex 1.36705 -2.55757 46.5
      vertex 1.55224 -2.44657 44.7654
      vertex 1.61115 -2.41126 44.8899
    endloop
  endfacet
  facet normal 0.514098 -0.857731 -1.3841e-06
    outer loop
      vertex 1.36705 -2.55757 46.5
      vertex 1.48612 -2.4862 44.5806
      vertex 1.55224 -2.44657 44.7654
    endloop
  endfacet
  facet normal 0.514166 -0.857691 4.32574e-06
    outer loop
      vertex 1.36705 -2.55757 46.5
      vertex 1.43843 -2.51479 44.3902
      vertex 1.48612 -2.4862 44.5806
    endloop
  endfacet
  facet normal 0.51406 -0.857754 -5.19543e-07
    outer loop
      vertex 1.36705 -2.55757 46.5
      vertex 1.40963 -2.53205 44.196
      vertex 1.43843 -2.51479 44.3902
    endloop
  endfacet
  facet normal 0.514002 -0.857789 -1.99465e-06
    outer loop
      vertex 1.36705 -2.55757 46.5
      vertex 1.4 -2.53782 44
      vertex 1.40963 -2.53205 44.196
    endloop
  endfacet
  facet normal 0.514113 -0.857723 0
    outer loop
      vertex 1.36705 -2.55757 41.5
      vertex 1.4 -2.53782 44
      vertex 1.36705 -2.55757 46.5
    endloop
  endfacet
  facet normal 0.514002 -0.857789 1.99465e-06
    outer loop
      vertex 1.36705 -2.55757 41.5
      vertex 1.40963 -2.53205 43.804
      vertex 1.4 -2.53782 44
    endloop
  endfacet
  facet normal 0.51406 -0.857754 5.19543e-07
    outer loop
      vertex 1.36705 -2.55757 41.5
      vertex 1.43843 -2.51479 43.6098
      vertex 1.40963 -2.53205 43.804
    endloop
  endfacet
  facet normal 0.514166 -0.857691 -4.32574e-06
    outer loop
      vertex 1.36705 -2.55757 41.5
      vertex 1.48612 -2.4862 43.4194
      vertex 1.43843 -2.51479 43.6098
    endloop
  endfacet
  facet normal 0.514098 -0.857731 1.3841e-06
    outer loop
      vertex 1.36705 -2.55757 41.5
      vertex 1.55224 -2.44657 43.2346
      vertex 1.48612 -2.4862 43.4194
    endloop
  endfacet
  facet normal 0.51411 -0.857724 -3.34895e-07
    outer loop
      vertex 1.36705 -2.55757 41.5
      vertex 1.61115 -2.41126 43.1101
      vertex 1.55224 -2.44657 43.2346
    endloop
  endfacet
  facet normal 0.514108 -0.857725 0
    outer loop
      vertex 1.61115 -2.41126 43.1101
      vertex 1.36705 -2.55757 41.5
      vertex 1.61115 -2.41126 41.5
    endloop
  endfacet
  facet normal -0.24298 -0.970031 0
    outer loop
      vertex -0.841825 -2.77513 41.5
      vertex -0.565762 -2.84428 46.5
      vertex -0.841825 -2.77513 46.5
    endloop
  endfacet
  facet normal -0.24298 -0.970031 -0
    outer loop
      vertex -0.565762 -2.84428 46.5
      vertex -0.841825 -2.77513 41.5
      vertex -0.565762 -2.84428 41.5
    endloop
  endfacet
  facet normal -0.59569 0.803214 0
    outer loop
      vertex -1.61115 2.41126 41.5
      vertex -1.83974 2.24173 46.5
      vertex -1.61115 2.41126 46.5
    endloop
  endfacet
  facet normal -0.59569 0.803214 0
    outer loop
      vertex -1.83974 2.24173 46.5
      vertex -1.61115 2.41126 41.5
      vertex -1.83974 2.24173 41.5
    endloop
  endfacet
  facet normal -0.998794 -0.0490878 0
    outer loop
      vertex -2.88603 -0.284249 41.5
      vertex -2.9 0 46.5
      vertex -2.9 0 41.5
    endloop
  endfacet
  facet normal -0.998794 -0.0490878 0
    outer loop
      vertex -2.9 0 46.5
      vertex -2.88603 -0.284249 41.5
      vertex -2.88603 -0.284249 46.5
    endloop
  endfacet
  facet normal -0.970031 -0.24298 0
    outer loop
      vertex -2.77513 -0.841825 41.5
      vertex -2.84428 -0.565762 46.5
      vertex -2.84428 -0.565762 41.5
    endloop
  endfacet
  facet normal -0.970031 -0.24298 0
    outer loop
      vertex -2.84428 -0.565762 46.5
      vertex -2.77513 -0.841825 41.5
      vertex -2.77513 -0.841825 46.5
    endloop
  endfacet
  facet normal 0.970022 -0.243017 0
    outer loop
      vertex 2.84428 -0.565762 46.5
      vertex 2.81943 -0.664953 45.9139
      vertex 2.84428 -0.565762 45.9201
    endloop
  endfacet
  facet normal 0.970031 -0.24298 -6.64212e-06
    outer loop
      vertex 2.77513 -0.841825 46.5
      vertex 2.81943 -0.664953 45.9139
      vertex 2.84428 -0.565762 46.5
    endloop
  endfacet
  facet normal 0.970037 -0.242959 0
    outer loop
      vertex 2.81943 -0.664953 45.9139
      vertex 2.77513 -0.841825 46.5
      vertex 2.77513 -0.841825 45.898
    endloop
  endfacet
  facet normal 0.970031 -0.24298 0
    outer loop
      vertex 2.77513 -0.841825 41.5
      vertex 2.84428 -0.565762 41.7273
      vertex 2.77513 -0.841825 41.7964
    endloop
  endfacet
  facet normal 0.970031 -0.24298 0
    outer loop
      vertex 2.84428 -0.565762 41.7273
      vertex 2.77513 -0.841825 41.5
      vertex 2.84428 -0.565762 41.5
    endloop
  endfacet
  facet normal -0.514108 0.857725 0
    outer loop
      vertex -1.36705 2.55757 41.5
      vertex -1.61115 2.41126 46.5
      vertex -1.36705 2.55757 46.5
    endloop
  endfacet
  facet normal -0.514108 0.857725 0
    outer loop
      vertex -1.61115 2.41126 46.5
      vertex -1.36705 2.55757 41.5
      vertex -1.61115 2.41126 41.5
    endloop
  endfacet
  facet normal 0.59569 0.803214 -0
    outer loop
      vertex 1.83974 2.24173 45.2496
      vertex 1.61115 2.41126 46.5
      vertex 1.83974 2.24173 46.5
    endloop
  endfacet
  facet normal 0.595687 0.803217 -1.06342e-06
    outer loop
      vertex 1.73706 2.31788 45.1111
      vertex 1.61115 2.41126 46.5
      vertex 1.83974 2.24173 45.2496
    endloop
  endfacet
  facet normal 0.595732 0.803183 5.28915e-06
    outer loop
      vertex 1.63616 2.39272 44.9428
      vertex 1.61115 2.41126 46.5
      vertex 1.73706 2.31788 45.1111
    endloop
  endfacet
  facet normal 0.595519 0.803341 0
    outer loop
      vertex 1.61115 2.41126 46.5
      vertex 1.63616 2.39272 44.9428
      vertex 1.61115 2.41126 44.8899
    endloop
  endfacet
  facet normal 0.59569 0.803214 0
    outer loop
      vertex 1.61115 2.41126 41.5
      vertex 1.83974 2.24173 42.7504
      vertex 1.83974 2.24173 41.5
    endloop
  endfacet
  facet normal 0.595687 0.803217 1.06342e-06
    outer loop
      vertex 1.83974 2.24173 42.7504
      vertex 1.61115 2.41126 41.5
      vertex 1.73706 2.31788 42.8889
    endloop
  endfacet
  facet normal 0.595732 0.803183 -5.28915e-06
    outer loop
      vertex 1.73706 2.31788 42.8889
      vertex 1.61115 2.41126 41.5
      vertex 1.63616 2.39272 43.0572
    endloop
  endfacet
  facet normal 0.595519 0.803341 0
    outer loop
      vertex 1.63616 2.39272 43.0572
      vertex 1.61115 2.41126 41.5
      vertex 1.61115 2.41126 43.1101
    endloop
  endfacet
  facet normal -0.903989 -0.427556 0
    outer loop
      vertex -2.55757 -1.36705 41.5
      vertex -2.67925 -1.10978 46.5
      vertex -2.67925 -1.10978 41.5
    endloop
  endfacet
  facet normal -0.903989 -0.427556 0
    outer loop
      vertex -2.67925 -1.10978 46.5
      vertex -2.55757 -1.36705 41.5
      vertex -2.55757 -1.36705 46.5
    endloop
  endfacet
  facet normal 0.941539 -0.336903 0
    outer loop
      vertex 2.67925 -1.10978 41.5
      vertex 2.77513 -0.841825 41.7964
      vertex 2.67925 -1.10978 41.8923
    endloop
  endfacet
  facet normal 0.941539 -0.336903 0
    outer loop
      vertex 2.77513 -0.841825 41.7964
      vertex 2.67925 -1.10978 41.5
      vertex 2.77513 -0.841825 41.5
    endloop
  endfacet
  facet normal 0.941539 -0.336903 0
    outer loop
      vertex 2.67925 -1.10978 46.5
      vertex 2.77513 -0.841825 45.898
      vertex 2.77513 -0.841825 46.5
    endloop
  endfacet
  facet normal 0.941539 -0.336903 0
    outer loop
      vertex 2.77513 -0.841825 45.898
      vertex 2.67925 -1.10978 46.5
      vertex 2.67925 -1.10978 45.8637
    endloop
  endfacet
  facet normal -0.427556 0.903989 0
    outer loop
      vertex -1.10978 2.67925 41.5
      vertex -1.36705 2.55757 46.5
      vertex -1.10978 2.67925 46.5
    endloop
  endfacet
  facet normal -0.427556 0.903989 0
    outer loop
      vertex -1.36705 2.55757 46.5
      vertex -1.10978 2.67925 41.5
      vertex -1.36705 2.55757 41.5
    endloop
  endfacet
  facet normal 0.514108 0.857725 -0
    outer loop
      vertex 1.61115 2.41126 44.8899
      vertex 1.36705 2.55757 46.5
      vertex 1.61115 2.41126 46.5
    endloop
  endfacet
  facet normal 0.51411 0.857724 3.34895e-07
    outer loop
      vertex 1.55224 2.44657 44.7654
      vertex 1.36705 2.55757 46.5
      vertex 1.61115 2.41126 44.8899
    endloop
  endfacet
  facet normal 0.514098 0.857731 -1.3841e-06
    outer loop
      vertex 1.48612 2.4862 44.5806
      vertex 1.36705 2.55757 46.5
      vertex 1.55224 2.44657 44.7654
    endloop
  endfacet
  facet normal 0.514166 0.857691 4.32574e-06
    outer loop
      vertex 1.43843 2.51479 44.3902
      vertex 1.36705 2.55757 46.5
      vertex 1.48612 2.4862 44.5806
    endloop
  endfacet
  facet normal 0.51406 0.857754 -5.19543e-07
    outer loop
      vertex 1.40963 2.53205 44.196
      vertex 1.36705 2.55757 46.5
      vertex 1.43843 2.51479 44.3902
    endloop
  endfacet
  facet normal 0.514002 0.857789 -1.99465e-06
    outer loop
      vertex 1.4 2.53782 44
      vertex 1.36705 2.55757 46.5
      vertex 1.40963 2.53205 44.196
    endloop
  endfacet
  facet normal 0.514108 0.857725 0
    outer loop
      vertex 1.36705 2.55757 41.5
      vertex 1.61115 2.41126 43.1101
      vertex 1.61115 2.41126 41.5
    endloop
  endfacet
  facet normal 0.51411 0.857724 -3.34895e-07
    outer loop
      vertex 1.61115 2.41126 43.1101
      vertex 1.36705 2.55757 41.5
      vertex 1.55224 2.44657 43.2346
    endloop
  endfacet
  facet normal 0.514098 0.857731 1.3841e-06
    outer loop
      vertex 1.55224 2.44657 43.2346
      vertex 1.36705 2.55757 41.5
      vertex 1.48612 2.4862 43.4194
    endloop
  endfacet
  facet normal 0.514166 0.857691 -4.32574e-06
    outer loop
      vertex 1.48612 2.4862 43.4194
      vertex 1.36705 2.55757 41.5
      vertex 1.43843 2.51479 43.6098
    endloop
  endfacet
  facet normal 0.514113 0.857723 0
    outer loop
      vertex 1.4 2.53782 44
      vertex 1.36705 2.55757 41.5
      vertex 1.36705 2.55757 46.5
    endloop
  endfacet
  facet normal 0.514002 0.857789 1.99465e-06
    outer loop
      vertex 1.40963 2.53205 43.804
      vertex 1.36705 2.55757 41.5
      vertex 1.4 2.53782 44
    endloop
  endfacet
  facet normal 0.51406 0.857754 5.19543e-07
    outer loop
      vertex 1.43843 2.51479 43.6098
      vertex 1.36705 2.55757 41.5
      vertex 1.40963 2.53205 43.804
    endloop
  endfacet
  facet normal 0.427556 -0.903989 0
    outer loop
      vertex 1.10978 -2.67925 41.5
      vertex 1.36705 -2.55757 46.5
      vertex 1.10978 -2.67925 46.5
    endloop
  endfacet
  facet normal 0.427556 -0.903989 0
    outer loop
      vertex 1.36705 -2.55757 46.5
      vertex 1.10978 -2.67925 41.5
      vertex 1.36705 -2.55757 41.5
    endloop
  endfacet
  facet normal -0.941539 -0.336903 0
    outer loop
      vertex -2.67925 -1.10978 41.5
      vertex -2.77513 -0.841825 46.5
      vertex -2.77513 -0.841825 41.5
    endloop
  endfacet
  facet normal -0.941539 -0.336903 0
    outer loop
      vertex -2.77513 -0.841825 46.5
      vertex -2.67925 -1.10978 41.5
      vertex -2.67925 -1.10978 46.5
    endloop
  endfacet
  facet normal 0.857725 -0.514108 0
    outer loop
      vertex 2.41126 -1.61115 46.5
      vertex 2.55757 -1.36705 45.8113
      vertex 2.55757 -1.36705 46.5
    endloop
  endfacet
  facet normal 0.85774 -0.514084 1.17154e-05
    outer loop
      vertex 2.55757 -1.36705 45.8113
      vertex 2.41126 -1.61115 46.5
      vertex 2.45721 -1.5345 45.7638
    endloop
  endfacet
  facet normal 0.85769 -0.514167 0
    outer loop
      vertex 2.45721 -1.5345 45.7638
      vertex 2.41126 -1.61115 46.5
      vertex 2.41126 -1.61115 45.7363
    endloop
  endfacet
  facet normal 0.857725 -0.514108 0
    outer loop
      vertex 2.41126 -1.61115 41.5
      vertex 2.55757 -1.36705 42.014
      vertex 2.41126 -1.61115 42.1603
    endloop
  endfacet
  facet normal 0.857725 -0.514108 0
    outer loop
      vertex 2.55757 -1.36705 42.014
      vertex 2.41126 -1.61115 41.5
      vertex 2.55757 -1.36705 41.5
    endloop
  endfacet
  facet normal 0.903987 -0.427559 0
    outer loop
      vertex 2.67925 -1.10978 46.5
      vertex 2.63463 -1.20412 45.8478
      vertex 2.67925 -1.10978 45.8637
    endloop
  endfacet
  facet normal 0.903989 -0.427556 -5.18284e-07
    outer loop
      vertex 2.55757 -1.36705 46.5
      vertex 2.63463 -1.20412 45.8478
      vertex 2.67925 -1.10978 46.5
    endloop
  endfacet
  facet normal 0.90399 -0.427554 0
    outer loop
      vertex 2.63463 -1.20412 45.8478
      vertex 2.55757 -1.36705 46.5
      vertex 2.55757 -1.36705 45.8113
    endloop
  endfacet
  facet normal 0.903989 -0.427556 0
    outer loop
      vertex 2.55757 -1.36705 41.5
      vertex 2.67925 -1.10978 41.8923
      vertex 2.55757 -1.36705 42.014
    endloop
  endfacet
  facet normal 0.903989 -0.427556 0
    outer loop
      vertex 2.67925 -1.10978 41.8923
      vertex 2.55757 -1.36705 41.5
      vertex 2.67925 -1.10978 41.5
    endloop
  endfacet
  facet normal 0.998794 -0.0490878 0
    outer loop
      vertex 2.88603 -0.284249 41.5
      vertex 2.9 0 41.6716
      vertex 2.88603 -0.284249 41.6855
    endloop
  endfacet
  facet normal 0.998794 -0.0490878 0
    outer loop
      vertex 2.9 0 41.6716
      vertex 2.88603 -0.284249 41.5
      vertex 2.9 0 41.5
    endloop
  endfacet
  facet normal 0.998794 -0.0490878 0
    outer loop
      vertex 2.88603 -0.284249 46.5
      vertex 2.9 0 45.9341
      vertex 2.9 0 46.5
    endloop
  endfacet
  facet normal 0.998794 -0.0490878 0
    outer loop
      vertex 2.9 0 45.9341
      vertex 2.88603 -0.284249 46.5
      vertex 2.88603 -0.284249 45.9306
    endloop
  endfacet
  facet normal 0.146701 -0.989181 0
    outer loop
      vertex 0.284249 -2.88603 41.5
      vertex 0.565762 -2.84428 46.5
      vertex 0.284249 -2.88603 46.5
    endloop
  endfacet
  facet normal 0.146701 -0.989181 0
    outer loop
      vertex 0.565762 -2.84428 46.5
      vertex 0.284249 -2.88603 41.5
      vertex 0.565762 -2.84428 41.5
    endloop
  endfacet
  facet normal 0.740954 -0.671556 0
    outer loop
      vertex 2.05061 -2.05061 46.5
      vertex 2.24173 -1.83974 45.628
      vertex 2.24173 -1.83974 46.5
    endloop
  endfacet
  facet normal 0.740951 -0.671559 -1.07646e-06
    outer loop
      vertex 2.24173 -1.83974 45.628
      vertex 2.05061 -2.05061 46.5
      vertex 2.13121 -1.96168 45.546
    endloop
  endfacet
  facet normal 0.740957 -0.671552 0
    outer loop
      vertex 2.13121 -1.96168 45.546
      vertex 2.05061 -2.05061 46.5
      vertex 2.05061 -2.05061 45.473
    endloop
  endfacet
  facet normal 0.740954 -0.671556 0
    outer loop
      vertex 2.05061 -2.05061 41.5
      vertex 2.24173 -1.83974 42.3298
      vertex 2.05061 -2.05061 42.521
    endloop
  endfacet
  facet normal 0.740954 -0.671556 0
    outer loop
      vertex 2.24173 -1.83974 42.3298
      vertex 2.05061 -2.05061 41.5
      vertex 2.24173 -1.83974 41.5
    endloop
  endfacet
  facet normal 0.803214 -0.59569 0
    outer loop
      vertex 2.24173 -1.83974 46.5
      vertex 2.41126 -1.61115 45.7363
      vertex 2.41126 -1.61115 46.5
    endloop
  endfacet
  facet normal 0.803212 -0.595693 -1.03931e-06
    outer loop
      vertex 2.41126 -1.61115 45.7363
      vertex 2.24173 -1.83974 46.5
      vertex 2.28886 -1.77619 45.6629
    endloop
  endfacet
  facet normal 0.803219 -0.595684 0
    outer loop
      vertex 2.28886 -1.77619 45.6629
      vertex 2.24173 -1.83974 46.5
      vertex 2.24173 -1.83974 45.628
    endloop
  endfacet
  facet normal 0.803214 -0.59569 0
    outer loop
      vertex 2.24173 -1.83974 41.5
      vertex 2.41126 -1.61115 42.1603
      vertex 2.24173 -1.83974 42.3298
    endloop
  endfacet
  facet normal 0.803214 -0.59569 0
    outer loop
      vertex 2.41126 -1.61115 42.1603
      vertex 2.24173 -1.83974 41.5
      vertex 2.41126 -1.61115 41.5
    endloop
  endfacet
  facet normal 0.803219 0.595684 0
    outer loop
      vertex 2.24173 1.83974 46.5
      vertex 2.28886 1.77619 45.6629
      vertex 2.24173 1.83974 45.628
    endloop
  endfacet
  facet normal 0.803214 0.59569 -0
    outer loop
      vertex 2.41126 1.61115 45.7363
      vertex 2.24173 1.83974 46.5
      vertex 2.41126 1.61115 46.5
    endloop
  endfacet
  facet normal 0.803212 0.595693 -1.03931e-06
    outer loop
      vertex 2.24173 1.83974 46.5
      vertex 2.41126 1.61115 45.7363
      vertex 2.28886 1.77619 45.6629
    endloop
  endfacet
  facet normal 0.803214 0.59569 0
    outer loop
      vertex 2.41126 1.61115 42.1603
      vertex 2.24173 1.83974 41.5
      vertex 2.24173 1.83974 42.3298
    endloop
  endfacet
  facet normal 0.803214 0.59569 0
    outer loop
      vertex 2.24173 1.83974 41.5
      vertex 2.41126 1.61115 42.1603
      vertex 2.41126 1.61115 41.5
    endloop
  endfacet
  facet normal 0.90399 0.427554 0
    outer loop
      vertex 2.55757 1.36705 46.5
      vertex 2.63463 1.20412 45.8478
      vertex 2.55757 1.36705 45.8113
    endloop
  endfacet
  facet normal 0.903989 0.427556 -5.18284e-07
    outer loop
      vertex 2.67925 1.10978 46.5
      vertex 2.63463 1.20412 45.8478
      vertex 2.55757 1.36705 46.5
    endloop
  endfacet
  facet normal 0.903987 0.427559 0
    outer loop
      vertex 2.63463 1.20412 45.8478
      vertex 2.67925 1.10978 46.5
      vertex 2.67925 1.10978 45.8637
    endloop
  endfacet
  facet normal 0.903989 0.427556 0
    outer loop
      vertex 2.67925 1.10978 41.8923
      vertex 2.55757 1.36705 41.5
      vertex 2.55757 1.36705 42.014
    endloop
  endfacet
  facet normal 0.903989 0.427556 0
    outer loop
      vertex 2.55757 1.36705 41.5
      vertex 2.67925 1.10978 41.8923
      vertex 2.67925 1.10978 41.5
    endloop
  endfacet
  facet normal -0.857725 0.514108 0
    outer loop
      vertex -2.55757 1.36705 41.5
      vertex -2.41126 1.61115 46.5
      vertex -2.41126 1.61115 41.5
    endloop
  endfacet
  facet normal -0.857725 0.514108 0
    outer loop
      vertex -2.41126 1.61115 46.5
      vertex -2.55757 1.36705 41.5
      vertex -2.55757 1.36705 46.5
    endloop
  endfacet
  facet normal -0.671556 0.740954 0
    outer loop
      vertex -1.83974 2.24173 41.5
      vertex -2.05061 2.05061 46.5
      vertex -1.83974 2.24173 46.5
    endloop
  endfacet
  facet normal -0.671556 0.740954 0
    outer loop
      vertex -2.05061 2.05061 46.5
      vertex -1.83974 2.24173 41.5
      vertex -2.05061 2.05061 41.5
    endloop
  endfacet
  facet normal -0.857725 -0.514108 0
    outer loop
      vertex -2.41126 -1.61115 41.5
      vertex -2.55757 -1.36705 46.5
      vertex -2.55757 -1.36705 41.5
    endloop
  endfacet
  facet normal -0.857725 -0.514108 0
    outer loop
      vertex -2.55757 -1.36705 46.5
      vertex -2.41126 -1.61115 41.5
      vertex -2.41126 -1.61115 46.5
    endloop
  endfacet
  facet normal -0.427556 -0.903989 0
    outer loop
      vertex -1.36705 -2.55757 41.5
      vertex -1.10978 -2.67925 46.5
      vertex -1.36705 -2.55757 46.5
    endloop
  endfacet
  facet normal -0.427556 -0.903989 -0
    outer loop
      vertex -1.10978 -2.67925 46.5
      vertex -1.36705 -2.55757 41.5
      vertex -1.10978 -2.67925 41.5
    endloop
  endfacet
  facet normal -0.740954 -0.671556 0
    outer loop
      vertex -2.05061 -2.05061 41.5
      vertex -2.24173 -1.83974 46.5
      vertex -2.24173 -1.83974 41.5
    endloop
  endfacet
  facet normal -0.740954 -0.671556 0
    outer loop
      vertex -2.24173 -1.83974 46.5
      vertex -2.05061 -2.05061 41.5
      vertex -2.05061 -2.05061 46.5
    endloop
  endfacet
  facet normal -0.336886 0.941545 0
    outer loop
      vertex -0.849999 2.7722 41.5
      vertex -1.10978 2.67925 46.5
      vertex -0.849999 2.7722 46.5
    endloop
  endfacet
  facet normal -0.336886 0.941545 0
    outer loop
      vertex -1.10978 2.67925 46.5
      vertex -0.849999 2.7722 41.5
      vertex -1.10978 2.67925 41.5
    endloop
  endfacet
  facet normal -0.514108 -0.857725 0
    outer loop
      vertex -1.61115 -2.41126 41.5
      vertex -1.36705 -2.55757 46.5
      vertex -1.61115 -2.41126 46.5
    endloop
  endfacet
  facet normal -0.514108 -0.857725 -0
    outer loop
      vertex -1.36705 -2.55757 46.5
      vertex -1.61115 -2.41126 41.5
      vertex -1.36705 -2.55757 41.5
    endloop
  endfacet
  facet normal 0.59569 -0.803214 0
    outer loop
      vertex 1.61115 -2.41126 46.5
      vertex 1.83974 -2.24173 45.2496
      vertex 1.83974 -2.24173 46.5
    endloop
  endfacet
  facet normal 0.595687 -0.803217 -1.06342e-06
    outer loop
      vertex 1.61115 -2.41126 46.5
      vertex 1.73706 -2.31788 45.1111
      vertex 1.83974 -2.24173 45.2496
    endloop
  endfacet
  facet normal 0.595732 -0.803183 5.28915e-06
    outer loop
      vertex 1.61115 -2.41126 46.5
      vertex 1.63616 -2.39272 44.9428
      vertex 1.73706 -2.31788 45.1111
    endloop
  endfacet
  facet normal 0.595519 -0.803341 0
    outer loop
      vertex 1.63616 -2.39272 44.9428
      vertex 1.61115 -2.41126 46.5
      vertex 1.61115 -2.41126 44.8899
    endloop
  endfacet
  facet normal 0.595519 -0.803341 0
    outer loop
      vertex 1.61115 -2.41126 41.5
      vertex 1.63616 -2.39272 43.0572
      vertex 1.61115 -2.41126 43.1101
    endloop
  endfacet
  facet normal 0.595732 -0.803183 -5.28915e-06
    outer loop
      vertex 1.61115 -2.41126 41.5
      vertex 1.73706 -2.31788 42.8889
      vertex 1.63616 -2.39272 43.0572
    endloop
  endfacet
  facet normal 0.595687 -0.803217 1.06342e-06
    outer loop
      vertex 1.61115 -2.41126 41.5
      vertex 1.83974 -2.24173 42.7504
      vertex 1.73706 -2.31788 42.8889
    endloop
  endfacet
  facet normal 0.59569 -0.803214 0
    outer loop
      vertex 1.83974 -2.24173 42.7504
      vertex 1.61115 -2.41126 41.5
      vertex 1.83974 -2.24173 41.5
    endloop
  endfacet
  facet normal -0.970031 0.24298 0
    outer loop
      vertex -2.84428 0.565762 41.5
      vertex -2.77513 0.841825 46.5
      vertex -2.77513 0.841825 41.5
    endloop
  endfacet
  facet normal -0.970031 0.24298 0
    outer loop
      vertex -2.77513 0.841825 46.5
      vertex -2.84428 0.565762 41.5
      vertex -2.84428 0.565762 46.5
    endloop
  endfacet
  facet normal -0.941539 0.336903 0
    outer loop
      vertex -2.77513 0.841825 41.5
      vertex -2.67925 1.10978 46.5
      vertex -2.67925 1.10978 41.5
    endloop
  endfacet
  facet normal -0.941539 0.336903 0
    outer loop
      vertex -2.67925 1.10978 46.5
      vertex -2.77513 0.841825 41.5
      vertex -2.77513 0.841825 46.5
    endloop
  endfacet
  facet normal 0.336886 0.941545 -0
    outer loop
      vertex 1.10978 2.67925 41.5
      vertex 0.849999 2.7722 46.5
      vertex 1.10978 2.67925 46.5
    endloop
  endfacet
  facet normal 0.336886 0.941545 0
    outer loop
      vertex 0.849999 2.7722 46.5
      vertex 1.10978 2.67925 41.5
      vertex 0.849999 2.7722 41.5
    endloop
  endfacet
  facet normal -0.803214 -0.59569 0
    outer loop
      vertex -2.24173 -1.83974 41.5
      vertex -2.41126 -1.61115 46.5
      vertex -2.41126 -1.61115 41.5
    endloop
  endfacet
  facet normal -0.803214 -0.59569 0
    outer loop
      vertex -2.41126 -1.61115 46.5
      vertex -2.24173 -1.83974 41.5
      vertex -2.24173 -1.83974 46.5
    endloop
  endfacet
  facet normal -0.989181 -0.146701 0
    outer loop
      vertex -2.84428 -0.565762 41.5
      vertex -2.88603 -0.284249 46.5
      vertex -2.88603 -0.284249 41.5
    endloop
  endfacet
  facet normal -0.989181 -0.146701 0
    outer loop
      vertex -2.88603 -0.284249 46.5
      vertex -2.84428 -0.565762 41.5
      vertex -2.84428 -0.565762 46.5
    endloop
  endfacet
  facet normal -0.903989 0.427556 0
    outer loop
      vertex -2.67925 1.10978 41.5
      vertex -2.55757 1.36705 46.5
      vertex -2.55757 1.36705 41.5
    endloop
  endfacet
  facet normal -0.903989 0.427556 0
    outer loop
      vertex -2.55757 1.36705 46.5
      vertex -2.67925 1.10978 41.5
      vertex -2.67925 1.10978 46.5
    endloop
  endfacet
  facet normal 0 0 -1
    outer loop
      vertex 1.1 0 41.5
      vertex 2.9 0 41.5
      vertex 2.88603 -0.284249 41.5
    endloop
  endfacet
  facet normal 0 0 -1
    outer loop
      vertex 1.07886 -0.214599 41.5
      vertex 2.88603 -0.284249 41.5
      vertex 2.84428 -0.565762 41.5
    endloop
  endfacet
  facet normal 0 0 -1
    outer loop
      vertex 2.9 0 41.5
      vertex 1.1 0 41.5
      vertex 2.88603 0.284249 41.5
    endloop
  endfacet
  facet normal 0 0 -1
    outer loop
      vertex 1.07886 -0.214599 41.5
      vertex 2.84428 -0.565762 41.5
      vertex 2.77513 -0.841825 41.5
    endloop
  endfacet
  facet normal 0 0 -1
    outer loop
      vertex 1.07886 0.214599 41.5
      vertex 2.88603 0.284249 41.5
      vertex 1.1 0 41.5
    endloop
  endfacet
  facet normal 0 0 -1
    outer loop
      vertex 1.01627 -0.420951 41.5
      vertex 2.77513 -0.841825 41.5
      vertex 2.67925 -1.10978 41.5
    endloop
  endfacet
  facet normal -0 0 -1
    outer loop
      vertex 2.88603 0.284249 41.5
      vertex 1.07886 0.214599 41.5
      vertex 2.84428 0.565762 41.5
    endloop
  endfacet
  facet normal 0 0 -1
    outer loop
      vertex 1.01627 -0.420951 41.5
      vertex 2.67925 -1.10978 41.5
      vertex 2.55757 -1.36705 41.5
    endloop
  endfacet
  facet normal -0 0 -1
    outer loop
      vertex 2.84428 0.565762 41.5
      vertex 1.07886 0.214599 41.5
      vertex 2.77513 0.841825 41.5
    endloop
  endfacet
  facet normal 0 0 -1
    outer loop
      vertex 0.914616 -0.611127 41.5
      vertex 2.55757 -1.36705 41.5
      vertex 2.41126 -1.61115 41.5
    endloop
  endfacet
  facet normal 0 0 -1
    outer loop
      vertex 1.01627 0.420951 41.5
      vertex 2.77513 0.841825 41.5
      vertex 1.07886 0.214599 41.5
    endloop
  endfacet
  facet normal 0 0 -1
    outer loop
      vertex 0.914616 -0.611127 41.5
      vertex 2.41126 -1.61115 41.5
      vertex 2.24173 -1.83974 41.5
    endloop
  endfacet
  facet normal -0 0 -1
    outer loop
      vertex 2.77513 0.841825 41.5
      vertex 1.01627 0.420951 41.5
      vertex 2.67925 1.10978 41.5
    endloop
  endfacet
  facet normal 0 0 -1
    outer loop
      vertex 0.777817 -0.777817 41.5
      vertex 2.24173 -1.83974 41.5
      vertex 2.05061 -2.05061 41.5
    endloop
  endfacet
  facet normal -0 0 -1
    outer loop
      vertex 2.67925 1.10978 41.5
      vertex 1.01627 0.420951 41.5
      vertex 2.55757 1.36705 41.5
    endloop
  endfacet
  facet normal 0 0 -1
    outer loop
      vertex 0.777817 -0.777817 41.5
      vertex 2.05061 -2.05061 41.5
      vertex 1.83974 -2.24173 41.5
    endloop
  endfacet
  facet normal 0 0 -1
    outer loop
      vertex 0.914616 0.611127 41.5
      vertex 2.55757 1.36705 41.5
      vertex 1.01627 0.420951 41.5
    endloop
  endfacet
  facet normal 0 0 -1
    outer loop
      vertex 0.611127 -0.914616 41.5
      vertex 1.83974 -2.24173 41.5
      vertex 1.61115 -2.41126 41.5
    endloop
  endfacet
  facet normal -0 0 -1
    outer loop
      vertex 2.55757 1.36705 41.5
      vertex 0.914616 0.611127 41.5
      vertex 2.41126 1.61115 41.5
    endloop
  endfacet
  facet normal 0 0 -1
    outer loop
      vertex 0.611127 -0.914616 41.5
      vertex 1.61115 -2.41126 41.5
      vertex 1.36705 -2.55757 41.5
    endloop
  endfacet
  facet normal -0 0 -1
    outer loop
      vertex 2.41126 1.61115 41.5
      vertex 0.914616 0.611127 41.5
      vertex 2.24173 1.83974 41.5
    endloop
  endfacet
  facet normal 0 0 -1
    outer loop
      vertex 0.420951 -1.01627 41.5
      vertex 1.36705 -2.55757 41.5
      vertex 1.10978 -2.67925 41.5
    endloop
  endfacet
  facet normal 0 0 -1
    outer loop
      vertex 0.849999 0.689862 41.5
      vertex 2.24173 1.83974 41.5
      vertex 0.914616 0.611127 41.5
    endloop
  endfacet
  facet normal -0 0 -1
    outer loop
      vertex 2.24173 1.83974 41.5
      vertex 0.849999 0.689862 41.5
      vertex 2.05061 2.05061 41.5
    endloop
  endfacet
  facet normal 0 0 -1
    outer loop
      vertex 2.88603 -0.284249 41.5
      vertex 1.07886 -0.214599 41.5
      vertex 1.1 0 41.5
    endloop
  endfacet
  facet normal 0 0 -1
    outer loop
      vertex 2.77513 -0.841825 41.5
      vertex 1.01627 -0.420951 41.5
      vertex 1.07886 -0.214599 41.5
    endloop
  endfacet
  facet normal 0 0 -1
    outer loop
      vertex 2.55757 -1.36705 41.5
      vertex 0.914616 -0.611127 41.5
      vertex 1.01627 -0.420951 41.5
    endloop
  endfacet
  facet normal 0 0 -1
    outer loop
      vertex 0.420951 -1.01627 41.5
      vertex 1.10978 -2.67925 41.5
      vertex 0.841825 -2.77513 41.5
    endloop
  endfacet
  facet normal 0 0 -1
    outer loop
      vertex 2.24173 -1.83974 41.5
      vertex 0.777817 -0.777817 41.5
      vertex 0.914616 -0.611127 41.5
    endloop
  endfacet
  facet normal 0 0 -1
    outer loop
      vertex 1.83974 -2.24173 41.5
      vertex 0.611127 -0.914616 41.5
      vertex 0.777817 -0.777817 41.5
    endloop
  endfacet
  facet normal 0 0 -1
    outer loop
      vertex 0.214599 -1.07886 41.5
      vertex 0.841825 -2.77513 41.5
      vertex 0.565762 -2.84428 41.5
    endloop
  endfacet
  facet normal 0 0 -1
    outer loop
      vertex 1.36705 -2.55757 41.5
      vertex 0.420951 -1.01627 41.5
      vertex 0.611127 -0.914616 41.5
    endloop
  endfacet
  facet normal 0 0 -1
    outer loop
      vertex 0.214599 -1.07886 41.5
      vertex 0.565762 -2.84428 41.5
      vertex 0.284249 -2.88603 41.5
    endloop
  endfacet
  facet normal 0 0 -1
    outer loop
      vertex 0.841825 -2.77513 41.5
      vertex 0.214599 -1.07886 41.5
      vertex 0.420951 -1.01627 41.5
    endloop
  endfacet
  facet normal 0 0 -1
    outer loop
      vertex 0 -1.1 41.5
      vertex 0.284249 -2.88603 41.5
      vertex 0 -2.9 41.5
    endloop
  endfacet
  facet normal 0 0 -1
    outer loop
      vertex 0.284249 -2.88603 41.5
      vertex 0 -1.1 41.5
      vertex 0.214599 -1.07886 41.5
    endloop
  endfacet
  facet normal 0 0 -1
    outer loop
      vertex -0.284249 -2.88603 41.5
      vertex 0 -1.1 41.5
      vertex 0 -2.9 41.5
    endloop
  endfacet
  facet normal -0 0 -1
    outer loop
      vertex 0 -1.1 41.5
      vertex -0.284249 -2.88603 41.5
      vertex -0.214599 -1.07886 41.5
    endloop
  endfacet
  facet normal 0 0 -1
    outer loop
      vertex -0.565762 -2.84428 41.5
      vertex -0.214599 -1.07886 41.5
      vertex -0.284249 -2.88603 41.5
    endloop
  endfacet
  facet normal 0 0 -1
    outer loop
      vertex -0.841825 -2.77513 41.5
      vertex -0.214599 -1.07886 41.5
      vertex -0.565762 -2.84428 41.5
    endloop
  endfacet
  facet normal -0 0 -1
    outer loop
      vertex -0.214599 -1.07886 41.5
      vertex -0.841825 -2.77513 41.5
      vertex -0.420951 -1.01627 41.5
    endloop
  endfacet
  facet normal 0 0 -1
    outer loop
      vertex -1.10978 -2.67925 41.5
      vertex -0.420951 -1.01627 41.5
      vertex -0.841825 -2.77513 41.5
    endloop
  endfacet
  facet normal 0 0 -1
    outer loop
      vertex -1.36705 -2.55757 41.5
      vertex -0.420951 -1.01627 41.5
      vertex -1.10978 -2.67925 41.5
    endloop
  endfacet
  facet normal -0 0 -1
    outer loop
      vertex -0.420951 -1.01627 41.5
      vertex -1.36705 -2.55757 41.5
      vertex -0.611127 -0.914616 41.5
    endloop
  endfacet
  facet normal 0 0 -1
    outer loop
      vertex -1.61115 -2.41126 41.5
      vertex -0.611127 -0.914616 41.5
      vertex -1.36705 -2.55757 41.5
    endloop
  endfacet
  facet normal 0 0 -1
    outer loop
      vertex -1.83974 -2.24173 41.5
      vertex -0.611127 -0.914616 41.5
      vertex -1.61115 -2.41126 41.5
    endloop
  endfacet
  facet normal -0 0 -1
    outer loop
      vertex -0.611127 -0.914616 41.5
      vertex -1.83974 -2.24173 41.5
      vertex -0.777817 -0.777817 41.5
    endloop
  endfacet
  facet normal 0 0 -1
    outer loop
      vertex -2.05061 -2.05061 41.5
      vertex -0.777817 -0.777817 41.5
      vertex -1.83974 -2.24173 41.5
    endloop
  endfacet
  facet normal -0 0 -1
    outer loop
      vertex 2.05061 2.05061 41.5
      vertex 0.849999 0.689862 41.5
      vertex 1.83974 2.24173 41.5
    endloop
  endfacet
  facet normal -0 0 -1
    outer loop
      vertex 1.83974 2.24173 41.5
      vertex 0.849999 0.689862 41.5
      vertex 1.61115 2.41126 41.5
    endloop
  endfacet
  facet normal -0 0 -1
    outer loop
      vertex 1.61115 2.41126 41.5
      vertex 0.849999 0.689862 41.5
      vertex 1.36705 2.55757 41.5
    endloop
  endfacet
  facet normal -0 0 -1
    outer loop
      vertex 1.36705 2.55757 41.5
      vertex 0.849999 0.689862 41.5
      vertex 1.10978 2.67925 41.5
    endloop
  endfacet
  facet normal -0 0 -1
    outer loop
      vertex 1.10978 2.67925 41.5
      vertex 0.849999 0.689862 41.5
      vertex 0.849999 2.7722 41.5
    endloop
  endfacet
  facet normal 0 0 -1
    outer loop
      vertex -2.24173 1.83974 41.5
      vertex -0.849999 0.689862 41.5
      vertex -0.914616 0.611127 41.5
    endloop
  endfacet
  facet normal 0 0 -1
    outer loop
      vertex -2.55757 1.36705 41.5
      vertex -0.914616 0.611127 41.5
      vertex -1.01627 0.420951 41.5
    endloop
  endfacet
  facet normal 0 0 -1
    outer loop
      vertex -2.77513 0.841825 41.5
      vertex -1.01627 0.420951 41.5
      vertex -1.07886 0.214599 41.5
    endloop
  endfacet
  facet normal 0 0 -1
    outer loop
      vertex -2.88603 0.284249 41.5
      vertex -1.07886 0.214599 41.5
      vertex -1.1 0 41.5
    endloop
  endfacet
  facet normal 0 0 -1
    outer loop
      vertex -0.849999 0.689862 41.5
      vertex -1.10978 2.67925 41.5
      vertex -0.849999 2.7722 41.5
    endloop
  endfacet
  facet normal 0 0 -1
    outer loop
      vertex -2.24173 -1.83974 41.5
      vertex -0.777817 -0.777817 41.5
      vertex -2.05061 -2.05061 41.5
    endloop
  endfacet
  facet normal -0 0 -1
    outer loop
      vertex -0.777817 -0.777817 41.5
      vertex -2.24173 -1.83974 41.5
      vertex -0.914616 -0.611127 41.5
    endloop
  endfacet
  facet normal 0 0 -1
    outer loop
      vertex -0.849999 0.689862 41.5
      vertex -1.36705 2.55757 41.5
      vertex -1.10978 2.67925 41.5
    endloop
  endfacet
  facet normal 0 0 -1
    outer loop
      vertex -2.41126 -1.61115 41.5
      vertex -0.914616 -0.611127 41.5
      vertex -2.24173 -1.83974 41.5
    endloop
  endfacet
  facet normal 0 0 -1
    outer loop
      vertex -0.849999 0.689862 41.5
      vertex -1.61115 2.41126 41.5
      vertex -1.36705 2.55757 41.5
    endloop
  endfacet
  facet normal 0 0 -1
    outer loop
      vertex -2.55757 -1.36705 41.5
      vertex -0.914616 -0.611127 41.5
      vertex -2.41126 -1.61115 41.5
    endloop
  endfacet
  facet normal 0 0 -1
    outer loop
      vertex -0.849999 0.689862 41.5
      vertex -1.83974 2.24173 41.5
      vertex -1.61115 2.41126 41.5
    endloop
  endfacet
  facet normal -0 0 -1
    outer loop
      vertex -0.914616 -0.611127 41.5
      vertex -2.55757 -1.36705 41.5
      vertex -1.01627 -0.420951 41.5
    endloop
  endfacet
  facet normal 0 0 -1
    outer loop
      vertex -0.849999 0.689862 41.5
      vertex -2.05061 2.05061 41.5
      vertex -1.83974 2.24173 41.5
    endloop
  endfacet
  facet normal 0 0 -1
    outer loop
      vertex -2.67925 -1.10978 41.5
      vertex -1.01627 -0.420951 41.5
      vertex -2.55757 -1.36705 41.5
    endloop
  endfacet
  facet normal 0 0 -1
    outer loop
      vertex -0.849999 0.689862 41.5
      vertex -2.24173 1.83974 41.5
      vertex -2.05061 2.05061 41.5
    endloop
  endfacet
  facet normal 0 0 -1
    outer loop
      vertex -2.77513 -0.841825 41.5
      vertex -1.01627 -0.420951 41.5
      vertex -2.67925 -1.10978 41.5
    endloop
  endfacet
  facet normal 0 0 -1
    outer loop
      vertex -0.914616 0.611127 41.5
      vertex -2.41126 1.61115 41.5
      vertex -2.24173 1.83974 41.5
    endloop
  endfacet
  facet normal -0 0 -1
    outer loop
      vertex -1.01627 -0.420951 41.5
      vertex -2.77513 -0.841825 41.5
      vertex -1.07886 -0.214599 41.5
    endloop
  endfacet
  facet normal 0 0 -1
    outer loop
      vertex -0.914616 0.611127 41.5
      vertex -2.55757 1.36705 41.5
      vertex -2.41126 1.61115 41.5
    endloop
  endfacet
  facet normal 0 0 -1
    outer loop
      vertex -2.84428 -0.565762 41.5
      vertex -1.07886 -0.214599 41.5
      vertex -2.77513 -0.841825 41.5
    endloop
  endfacet
  facet normal 0 0 -1
    outer loop
      vertex -1.01627 0.420951 41.5
      vertex -2.67925 1.10978 41.5
      vertex -2.55757 1.36705 41.5
    endloop
  endfacet
  facet normal 0 0 -1
    outer loop
      vertex -2.88603 -0.284249 41.5
      vertex -1.07886 -0.214599 41.5
      vertex -2.84428 -0.565762 41.5
    endloop
  endfacet
  facet normal 0 0 -1
    outer loop
      vertex -1.01627 0.420951 41.5
      vertex -2.77513 0.841825 41.5
      vertex -2.67925 1.10978 41.5
    endloop
  endfacet
  facet normal -0 0 -1
    outer loop
      vertex -1.07886 -0.214599 41.5
      vertex -2.88603 -0.284249 41.5
      vertex -1.1 0 41.5
    endloop
  endfacet
  facet normal 0 0 -1
    outer loop
      vertex -1.07886 0.214599 41.5
      vertex -2.84428 0.565762 41.5
      vertex -2.77513 0.841825 41.5
    endloop
  endfacet
  facet normal 0 0 -1
    outer loop
      vertex -2.9 0 41.5
      vertex -1.1 0 41.5
      vertex -2.88603 -0.284249 41.5
    endloop
  endfacet
  facet normal 0 0 -1
    outer loop
      vertex -1.07886 0.214599 41.5
      vertex -2.88603 0.284249 41.5
      vertex -2.84428 0.565762 41.5
    endloop
  endfacet
  facet normal 0 0 -1
    outer loop
      vertex -1.1 0 41.5
      vertex -2.9 0 41.5
      vertex -2.88603 0.284249 41.5
    endloop
  endfacet
  facet normal -0.671556 -0.740954 0
    outer loop
      vertex -2.05061 -2.05061 41.5
      vertex -1.83974 -2.24173 46.5
      vertex -2.05061 -2.05061 46.5
    endloop
  endfacet
  facet normal -0.671556 -0.740954 -0
    outer loop
      vertex -1.83974 -2.24173 46.5
      vertex -2.05061 -2.05061 41.5
      vertex -1.83974 -2.24173 41.5
    endloop
  endfacet
  facet normal -0.803214 0.59569 0
    outer loop
      vertex -2.41126 1.61115 41.5
      vertex -2.24173 1.83974 46.5
      vertex -2.24173 1.83974 41.5
    endloop
  endfacet
  facet normal -0.803214 0.59569 0
    outer loop
      vertex -2.24173 1.83974 46.5
      vertex -2.41126 1.61115 41.5
      vertex -2.41126 1.61115 46.5
    endloop
  endfacet
  facet normal -0.0490878 -0.998794 0
    outer loop
      vertex -0.284249 -2.88603 41.5
      vertex 0 -2.9 46.5
      vertex -0.284249 -2.88603 46.5
    endloop
  endfacet
  facet normal -0.0490878 -0.998794 -0
    outer loop
      vertex 0 -2.9 46.5
      vertex -0.284249 -2.88603 41.5
      vertex 0 -2.9 41.5
    endloop
  endfacet
  facet normal -0.146701 -0.989181 0
    outer loop
      vertex -0.565762 -2.84428 41.5
      vertex -0.284249 -2.88603 46.5
      vertex -0.565762 -2.84428 46.5
    endloop
  endfacet
  facet normal -0.146701 -0.989181 -0
    outer loop
      vertex -0.284249 -2.88603 46.5
      vertex -0.565762 -2.84428 41.5
      vertex -0.284249 -2.88603 41.5
    endloop
  endfacet
  facet normal -0.989181 0.146701 0
    outer loop
      vertex -2.88603 0.284249 41.5
      vertex -2.84428 0.565762 46.5
      vertex -2.84428 0.565762 41.5
    endloop
  endfacet
  facet normal -0.989181 0.146701 0
    outer loop
      vertex -2.84428 0.565762 46.5
      vertex -2.88603 0.284249 41.5
      vertex -2.88603 0.284249 46.5
    endloop
  endfacet
  facet normal -0.998794 0.0490878 0
    outer loop
      vertex -2.9 0 41.5
      vertex -2.88603 0.284249 46.5
      vertex -2.88603 0.284249 41.5
    endloop
  endfacet
  facet normal -0.998794 0.0490878 0
    outer loop
      vertex -2.88603 0.284249 46.5
      vertex -2.9 0 41.5
      vertex -2.9 0 46.5
    endloop
  endfacet
  facet normal -0.336903 -0.941539 0
    outer loop
      vertex -1.10978 -2.67925 41.5
      vertex -0.841825 -2.77513 46.5
      vertex -1.10978 -2.67925 46.5
    endloop
  endfacet
  facet normal -0.336903 -0.941539 -0
    outer loop
      vertex -0.841825 -2.77513 46.5
      vertex -1.10978 -2.67925 41.5
      vertex -0.841825 -2.77513 41.5
    endloop
  endfacet
  facet normal 0.671556 -0.740954 0
    outer loop
      vertex 1.83974 -2.24173 46.5
      vertex 2.05061 -2.05061 45.473
      vertex 2.05061 -2.05061 46.5
    endloop
  endfacet
  facet normal 0.671562 -0.740949 2.00885e-06
    outer loop
      vertex 1.83974 -2.24173 46.5
      vertex 1.98579 -2.10936 45.4142
      vertex 2.05061 -2.05061 45.473
    endloop
  endfacet
  facet normal 0.671543 -0.740965 -2.50978e-06
    outer loop
      vertex 1.83974 -2.24173 46.5
      vertex 1.85398 -2.22882 45.2688
      vertex 1.98579 -2.10936 45.4142
    endloop
  endfacet
  facet normal 0.671662 -0.740857 0
    outer loop
      vertex 1.85398 -2.22882 45.2688
      vertex 1.83974 -2.24173 46.5
      vertex 1.83974 -2.24173 45.2496
    endloop
  endfacet
  facet normal 0.671662 -0.740857 0
    outer loop
      vertex 1.83974 -2.24173 41.5
      vertex 1.85398 -2.22882 42.7312
      vertex 1.83974 -2.24173 42.7504
    endloop
  endfacet
  facet normal 0.671543 -0.740965 2.50978e-06
    outer loop
      vertex 1.83974 -2.24173 41.5
      vertex 1.98579 -2.10936 42.5858
      vertex 1.85398 -2.22882 42.7312
    endloop
  endfacet
  facet normal 0.671561 -0.740949 -1.9868e-06
    outer loop
      vertex 1.83974 -2.24173 41.5
      vertex 2.05061 -2.05061 42.521
      vertex 1.98579 -2.10936 42.5858
    endloop
  endfacet
  facet normal 0.671556 -0.740954 0
    outer loop
      vertex 2.05061 -2.05061 42.521
      vertex 1.83974 -2.24173 41.5
      vertex 2.05061 -2.05061 41.5
    endloop
  endfacet
  facet normal -0 0 1
    outer loop
      vertex -1.10978 2.67925 46.5
      vertex -0.849999 0.689862 46.5
      vertex -0.849999 2.7722 46.5
    endloop
  endfacet
  facet normal -0 0 1
    outer loop
      vertex -1.36705 2.55757 46.5
      vertex -0.849999 0.689862 46.5
      vertex -1.10978 2.67925 46.5
    endloop
  endfacet
  facet normal -0 0 1
    outer loop
      vertex -1.61115 2.41126 46.5
      vertex -0.849999 0.689862 46.5
      vertex -1.36705 2.55757 46.5
    endloop
  endfacet
  facet normal -0 0 1
    outer loop
      vertex -1.83974 2.24173 46.5
      vertex -0.849999 0.689862 46.5
      vertex -1.61115 2.41126 46.5
    endloop
  endfacet
  facet normal -0 0 1
    outer loop
      vertex -2.05061 2.05061 46.5
      vertex -0.849999 0.689862 46.5
      vertex -1.83974 2.24173 46.5
    endloop
  endfacet
  facet normal 0 0 1
    outer loop
      vertex 1.1 0 46.5
      vertex 2.9 0 46.5
      vertex 2.88603 0.284249 46.5
    endloop
  endfacet
  facet normal 0 0 1
    outer loop
      vertex 1.07886 0.214599 46.5
      vertex 2.88603 0.284249 46.5
      vertex 2.84428 0.565762 46.5
    endloop
  endfacet
  facet normal 0 0 1
    outer loop
      vertex 2.9 0 46.5
      vertex 1.1 0 46.5
      vertex 2.88603 -0.284249 46.5
    endloop
  endfacet
  facet normal 0 0 1
    outer loop
      vertex 1.07886 0.214599 46.5
      vertex 2.84428 0.565762 46.5
      vertex 2.77513 0.841825 46.5
    endloop
  endfacet
  facet normal -0 0 1
    outer loop
      vertex 1.07886 -0.214599 46.5
      vertex 2.88603 -0.284249 46.5
      vertex 1.1 0 46.5
    endloop
  endfacet
  facet normal 0 0 1
    outer loop
      vertex 1.01627 0.420951 46.5
      vertex 2.77513 0.841825 46.5
      vertex 2.67925 1.10978 46.5
    endloop
  endfacet
  facet normal 0 0 1
    outer loop
      vertex 2.88603 -0.284249 46.5
      vertex 1.07886 -0.214599 46.5
      vertex 2.84428 -0.565762 46.5
    endloop
  endfacet
  facet normal 0 0 1
    outer loop
      vertex 1.01627 0.420951 46.5
      vertex 2.67925 1.10978 46.5
      vertex 2.55757 1.36705 46.5
    endloop
  endfacet
  facet normal 0 0 1
    outer loop
      vertex 2.84428 -0.565762 46.5
      vertex 1.07886 -0.214599 46.5
      vertex 2.77513 -0.841825 46.5
    endloop
  endfacet
  facet normal 0 0 1
    outer loop
      vertex 0.914616 0.611127 46.5
      vertex 2.55757 1.36705 46.5
      vertex 2.41126 1.61115 46.5
    endloop
  endfacet
  facet normal -0 0 1
    outer loop
      vertex 1.01627 -0.420951 46.5
      vertex 2.77513 -0.841825 46.5
      vertex 1.07886 -0.214599 46.5
    endloop
  endfacet
  facet normal 0 0 1
    outer loop
      vertex 0.914616 0.611127 46.5
      vertex 2.41126 1.61115 46.5
      vertex 2.24173 1.83974 46.5
    endloop
  endfacet
  facet normal 0 0 1
    outer loop
      vertex 2.77513 -0.841825 46.5
      vertex 1.01627 -0.420951 46.5
      vertex 2.67925 -1.10978 46.5
    endloop
  endfacet
  facet normal 0 0 1
    outer loop
      vertex 0.849999 0.689862 46.5
      vertex 2.24173 1.83974 46.5
      vertex 2.05061 2.05061 46.5
    endloop
  endfacet
  facet normal 0 0 1
    outer loop
      vertex 2.67925 -1.10978 46.5
      vertex 1.01627 -0.420951 46.5
      vertex 2.55757 -1.36705 46.5
    endloop
  endfacet
  facet normal 0 0 1
    outer loop
      vertex 0.849999 0.689862 46.5
      vertex 2.05061 2.05061 46.5
      vertex 1.83974 2.24173 46.5
    endloop
  endfacet
  facet normal -0 0 1
    outer loop
      vertex 0.914616 -0.611127 46.5
      vertex 2.55757 -1.36705 46.5
      vertex 1.01627 -0.420951 46.5
    endloop
  endfacet
  facet normal 0 0 1
    outer loop
      vertex 0.849999 0.689862 46.5
      vertex 1.83974 2.24173 46.5
      vertex 1.61115 2.41126 46.5
    endloop
  endfacet
  facet normal 0 0 1
    outer loop
      vertex 2.55757 -1.36705 46.5
      vertex 0.914616 -0.611127 46.5
      vertex 2.41126 -1.61115 46.5
    endloop
  endfacet
  facet normal 0 0 1
    outer loop
      vertex 0.849999 0.689862 46.5
      vertex 1.61115 2.41126 46.5
      vertex 1.36705 2.55757 46.5
    endloop
  endfacet
  facet normal 0 0 1
    outer loop
      vertex 2.41126 -1.61115 46.5
      vertex 0.914616 -0.611127 46.5
      vertex 2.24173 -1.83974 46.5
    endloop
  endfacet
  facet normal 0 0 1
    outer loop
      vertex 0.849999 0.689862 46.5
      vertex 1.36705 2.55757 46.5
      vertex 1.10978 2.67925 46.5
    endloop
  endfacet
  facet normal -0 0 1
    outer loop
      vertex 0.777817 -0.777817 46.5
      vertex 2.24173 -1.83974 46.5
      vertex 0.914616 -0.611127 46.5
    endloop
  endfacet
  facet normal 0 0 1
    outer loop
      vertex 2.24173 -1.83974 46.5
      vertex 0.777817 -0.777817 46.5
      vertex 2.05061 -2.05061 46.5
    endloop
  endfacet
  facet normal 0 0 1
    outer loop
      vertex 2.88603 0.284249 46.5
      vertex 1.07886 0.214599 46.5
      vertex 1.1 0 46.5
    endloop
  endfacet
  facet normal 0 0 1
    outer loop
      vertex 2.77513 0.841825 46.5
      vertex 1.01627 0.420951 46.5
      vertex 1.07886 0.214599 46.5
    endloop
  endfacet
  facet normal 0 0 1
    outer loop
      vertex 2.55757 1.36705 46.5
      vertex 0.914616 0.611127 46.5
      vertex 1.01627 0.420951 46.5
    endloop
  endfacet
  facet normal 0 0 1
    outer loop
      vertex 0.849999 0.689862 46.5
      vertex 1.10978 2.67925 46.5
      vertex 0.849999 2.7722 46.5
    endloop
  endfacet
  facet normal 0 0 1
    outer loop
      vertex 2.24173 1.83974 46.5
      vertex 0.849999 0.689862 46.5
      vertex 0.914616 0.611127 46.5
    endloop
  endfacet
  facet normal 0 0 1
    outer loop
      vertex 2.05061 -2.05061 46.5
      vertex 0.777817 -0.777817 46.5
      vertex 1.83974 -2.24173 46.5
    endloop
  endfacet
  facet normal -0 0 1
    outer loop
      vertex 0.611127 -0.914616 46.5
      vertex 1.83974 -2.24173 46.5
      vertex 0.777817 -0.777817 46.5
    endloop
  endfacet
  facet normal 0 0 1
    outer loop
      vertex 1.83974 -2.24173 46.5
      vertex 0.611127 -0.914616 46.5
      vertex 1.61115 -2.41126 46.5
    endloop
  endfacet
  facet normal 0 0 1
    outer loop
      vertex 1.61115 -2.41126 46.5
      vertex 0.611127 -0.914616 46.5
      vertex 1.36705 -2.55757 46.5
    endloop
  endfacet
  facet normal -0 0 1
    outer loop
      vertex 0.420951 -1.01627 46.5
      vertex 1.36705 -2.55757 46.5
      vertex 0.611127 -0.914616 46.5
    endloop
  endfacet
  facet normal 0 0 1
    outer loop
      vertex 1.36705 -2.55757 46.5
      vertex 0.420951 -1.01627 46.5
      vertex 1.10978 -2.67925 46.5
    endloop
  endfacet
  facet normal 0 0 1
    outer loop
      vertex 1.10978 -2.67925 46.5
      vertex 0.420951 -1.01627 46.5
      vertex 0.841825 -2.77513 46.5
    endloop
  endfacet
  facet normal -0 0 1
    outer loop
      vertex 0.214599 -1.07886 46.5
      vertex 0.841825 -2.77513 46.5
      vertex 0.420951 -1.01627 46.5
    endloop
  endfacet
  facet normal 0 0 1
    outer loop
      vertex 0.841825 -2.77513 46.5
      vertex 0.214599 -1.07886 46.5
      vertex 0.565762 -2.84428 46.5
    endloop
  endfacet
  facet normal 0 0 1
    outer loop
      vertex 0.565762 -2.84428 46.5
      vertex 0.214599 -1.07886 46.5
      vertex 0.284249 -2.88603 46.5
    endloop
  endfacet
  facet normal -0 0 1
    outer loop
      vertex 0 -1.1 46.5
      vertex 0.284249 -2.88603 46.5
      vertex 0.214599 -1.07886 46.5
    endloop
  endfacet
  facet normal 0 0 1
    outer loop
      vertex 0 -1.1 46.5
      vertex 0 -2.9 46.5
      vertex 0.284249 -2.88603 46.5
    endloop
  endfacet
  facet normal 0 0 1
    outer loop
      vertex -0.284249 -2.88603 46.5
      vertex 0 -1.1 46.5
      vertex -0.214599 -1.07886 46.5
    endloop
  endfacet
  facet normal 0 0 1
    outer loop
      vertex 0 -1.1 46.5
      vertex -0.284249 -2.88603 46.5
      vertex 0 -2.9 46.5
    endloop
  endfacet
  facet normal 0 0 1
    outer loop
      vertex -0.841825 -2.77513 46.5
      vertex -0.214599 -1.07886 46.5
      vertex -0.420951 -1.01627 46.5
    endloop
  endfacet
  facet normal 0 0 1
    outer loop
      vertex -0.214599 -1.07886 46.5
      vertex -0.565762 -2.84428 46.5
      vertex -0.284249 -2.88603 46.5
    endloop
  endfacet
  facet normal 0 0 1
    outer loop
      vertex -1.36705 -2.55757 46.5
      vertex -0.420951 -1.01627 46.5
      vertex -0.611127 -0.914616 46.5
    endloop
  endfacet
  facet normal 0 0 1
    outer loop
      vertex -1.83974 -2.24173 46.5
      vertex -0.611127 -0.914616 46.5
      vertex -0.777817 -0.777817 46.5
    endloop
  endfacet
  facet normal 0 0 1
    outer loop
      vertex -0.214599 -1.07886 46.5
      vertex -0.841825 -2.77513 46.5
      vertex -0.565762 -2.84428 46.5
    endloop
  endfacet
  facet normal 0 0 1
    outer loop
      vertex -2.24173 -1.83974 46.5
      vertex -0.777817 -0.777817 46.5
      vertex -0.914616 -0.611127 46.5
    endloop
  endfacet
  facet normal 0 0 1
    outer loop
      vertex -2.55757 -1.36705 46.5
      vertex -0.914616 -0.611127 46.5
      vertex -1.01627 -0.420951 46.5
    endloop
  endfacet
  facet normal 0 0 1
    outer loop
      vertex -2.77513 -0.841825 46.5
      vertex -1.01627 -0.420951 46.5
      vertex -1.07886 -0.214599 46.5
    endloop
  endfacet
  facet normal 0 0 1
    outer loop
      vertex -2.88603 -0.284249 46.5
      vertex -1.07886 -0.214599 46.5
      vertex -1.1 0 46.5
    endloop
  endfacet
  facet normal 0 0 1
    outer loop
      vertex -0.420951 -1.01627 46.5
      vertex -1.10978 -2.67925 46.5
      vertex -0.841825 -2.77513 46.5
    endloop
  endfacet
  facet normal -0 0 1
    outer loop
      vertex -2.24173 1.83974 46.5
      vertex -0.849999 0.689862 46.5
      vertex -2.05061 2.05061 46.5
    endloop
  endfacet
  facet normal 0 0 1
    outer loop
      vertex -0.849999 0.689862 46.5
      vertex -2.24173 1.83974 46.5
      vertex -0.914616 0.611127 46.5
    endloop
  endfacet
  facet normal 0 0 1
    outer loop
      vertex -0.420951 -1.01627 46.5
      vertex -1.36705 -2.55757 46.5
      vertex -1.10978 -2.67925 46.5
    endloop
  endfacet
  facet normal -0 0 1
    outer loop
      vertex -2.41126 1.61115 46.5
      vertex -0.914616 0.611127 46.5
      vertex -2.24173 1.83974 46.5
    endloop
  endfacet
  facet normal 0 0 1
    outer loop
      vertex -0.611127 -0.914616 46.5
      vertex -1.61115 -2.41126 46.5
      vertex -1.36705 -2.55757 46.5
    endloop
  endfacet
  facet normal -0 0 1
    outer loop
      vertex -2.55757 1.36705 46.5
      vertex -0.914616 0.611127 46.5
      vertex -2.41126 1.61115 46.5
    endloop
  endfacet
  facet normal 0 0 1
    outer loop
      vertex -0.611127 -0.914616 46.5
      vertex -1.83974 -2.24173 46.5
      vertex -1.61115 -2.41126 46.5
    endloop
  endfacet
  facet normal 0 0 1
    outer loop
      vertex -0.914616 0.611127 46.5
      vertex -2.55757 1.36705 46.5
      vertex -1.01627 0.420951 46.5
    endloop
  endfacet
  facet normal 0 0 1
    outer loop
      vertex -0.777817 -0.777817 46.5
      vertex -2.05061 -2.05061 46.5
      vertex -1.83974 -2.24173 46.5
    endloop
  endfacet
  facet normal -0 0 1
    outer loop
      vertex -2.67925 1.10978 46.5
      vertex -1.01627 0.420951 46.5
      vertex -2.55757 1.36705 46.5
    endloop
  endfacet
  facet normal 0 0 1
    outer loop
      vertex -0.777817 -0.777817 46.5
      vertex -2.24173 -1.83974 46.5
      vertex -2.05061 -2.05061 46.5
    endloop
  endfacet
  facet normal -0 0 1
    outer loop
      vertex -2.77513 0.841825 46.5
      vertex -1.01627 0.420951 46.5
      vertex -2.67925 1.10978 46.5
    endloop
  endfacet
  facet normal 0 0 1
    outer loop
      vertex -0.914616 -0.611127 46.5
      vertex -2.41126 -1.61115 46.5
      vertex -2.24173 -1.83974 46.5
    endloop
  endfacet
  facet normal 0 0 1
    outer loop
      vertex -1.01627 0.420951 46.5
      vertex -2.77513 0.841825 46.5
      vertex -1.07886 0.214599 46.5
    endloop
  endfacet
  facet normal 0 0 1
    outer loop
      vertex -0.914616 -0.611127 46.5
      vertex -2.55757 -1.36705 46.5
      vertex -2.41126 -1.61115 46.5
    endloop
  endfacet
  facet normal -0 0 1
    outer loop
      vertex -2.84428 0.565762 46.5
      vertex -1.07886 0.214599 46.5
      vertex -2.77513 0.841825 46.5
    endloop
  endfacet
  facet normal 0 0 1
    outer loop
      vertex -1.01627 -0.420951 46.5
      vertex -2.67925 -1.10978 46.5
      vertex -2.55757 -1.36705 46.5
    endloop
  endfacet
  facet normal -0 0 1
    outer loop
      vertex -2.88603 0.284249 46.5
      vertex -1.07886 0.214599 46.5
      vertex -2.84428 0.565762 46.5
    endloop
  endfacet
  facet normal 0 0 1
    outer loop
      vertex -1.01627 -0.420951 46.5
      vertex -2.77513 -0.841825 46.5
      vertex -2.67925 -1.10978 46.5
    endloop
  endfacet
  facet normal 0 0 1
    outer loop
      vertex -1.07886 0.214599 46.5
      vertex -2.88603 0.284249 46.5
      vertex -1.1 0 46.5
    endloop
  endfacet
  facet normal 0 0 1
    outer loop
      vertex -1.07886 -0.214599 46.5
      vertex -2.84428 -0.565762 46.5
      vertex -2.77513 -0.841825 46.5
    endloop
  endfacet
  facet normal 0 0 1
    outer loop
      vertex -2.9 0 46.5
      vertex -1.1 0 46.5
      vertex -2.88603 0.284249 46.5
    endloop
  endfacet
  facet normal 0 0 1
    outer loop
      vertex -1.07886 -0.214599 46.5
      vertex -2.88603 -0.284249 46.5
      vertex -2.84428 -0.565762 46.5
    endloop
  endfacet
  facet normal 0 0 1
    outer loop
      vertex -1.1 0 46.5
      vertex -2.9 0 46.5
      vertex -2.88603 -0.284249 46.5
    endloop
  endfacet
  facet normal 0.471407 0.881916 -0
    outer loop
      vertex -0.420951 -1.01627 41.5
      vertex -0.611127 -0.914616 46.5
      vertex -0.420951 -1.01627 46.5
    endloop
  endfacet
  facet normal 0.471407 0.881916 0
    outer loop
      vertex -0.611127 -0.914616 46.5
      vertex -0.420951 -1.01627 41.5
      vertex -0.611127 -0.914616 41.5
    endloop
  endfacet
  facet normal -0.0980348 0.995183 0
    outer loop
      vertex 0.214599 -1.07886 41.5
      vertex 0 -1.1 46.5
      vertex 0.214599 -1.07886 46.5
    endloop
  endfacet
  facet normal -0.0980348 0.995183 0
    outer loop
      vertex 0 -1.1 46.5
      vertex 0.214599 -1.07886 41.5
      vertex 0 -1.1 41.5
    endloop
  endfacet
  facet normal -0.956948 -0.290258 0
    outer loop
      vertex 1.07886 0.214599 41.5
      vertex 1.01627 0.420951 46.5
      vertex 1.01627 0.420951 41.5
    endloop
  endfacet
  facet normal -0.956948 -0.290258 0
    outer loop
      vertex 1.01627 0.420951 46.5
      vertex 1.07886 0.214599 41.5
      vertex 1.07886 0.214599 46.5
    endloop
  endfacet
  facet normal -0.995183 -0.0980348 0
    outer loop
      vertex 1.1 0 41.5
      vertex 1.07886 0.214599 46.5
      vertex 1.07886 0.214599 41.5
    endloop
  endfacet
  facet normal -0.995183 -0.0980348 0
    outer loop
      vertex 1.07886 0.214599 46.5
      vertex 1.1 0 41.5
      vertex 1.1 0 46.5
    endloop
  endfacet
  facet normal -0.881916 -0.471407 0
    outer loop
      vertex 1.01627 0.420951 41.5
      vertex 0.914616 0.611127 46.5
      vertex 0.914616 0.611127 41.5
    endloop
  endfacet
  facet normal -0.881916 -0.471407 0
    outer loop
      vertex 0.914616 0.611127 46.5
      vertex 1.01627 0.420951 41.5
      vertex 1.01627 0.420951 46.5
    endloop
  endfacet
  facet normal 0.956948 0.290258 0
    outer loop
      vertex -1.01627 -0.420951 46.5
      vertex -1.07886 -0.214599 41.5
      vertex -1.07886 -0.214599 46.5
    endloop
  endfacet
  facet normal 0.956948 0.290258 0
    outer loop
      vertex -1.07886 -0.214599 41.5
      vertex -1.01627 -0.420951 46.5
      vertex -1.01627 -0.420951 41.5
    endloop
  endfacet
  facet normal -0.471407 0.881916 0
    outer loop
      vertex 0.611127 -0.914616 41.5
      vertex 0.420951 -1.01627 46.5
      vertex 0.611127 -0.914616 46.5
    endloop
  endfacet
  facet normal -0.471407 0.881916 0
    outer loop
      vertex 0.420951 -1.01627 46.5
      vertex 0.611127 -0.914616 41.5
      vertex 0.420951 -1.01627 41.5
    endloop
  endfacet
  facet normal -0.773006 -0.634398 0
    outer loop
      vertex 0.914616 0.611127 41.5
      vertex 0.849999 0.689862 46.5
      vertex 0.849999 0.689862 41.5
    endloop
  endfacet
  facet normal -0.773006 -0.634398 0
    outer loop
      vertex 0.849999 0.689862 46.5
      vertex 0.914616 0.611127 41.5
      vertex 0.914616 0.611127 46.5
    endloop
  endfacet
  facet normal 0.881916 0.471407 0
    outer loop
      vertex -0.914616 -0.611127 46.5
      vertex -1.01627 -0.420951 41.5
      vertex -1.01627 -0.420951 46.5
    endloop
  endfacet
  facet normal 0.881916 0.471407 0
    outer loop
      vertex -1.01627 -0.420951 41.5
      vertex -0.914616 -0.611127 46.5
      vertex -0.914616 -0.611127 41.5
    endloop
  endfacet
  facet normal -0.290258 0.956948 0
    outer loop
      vertex 0.420951 -1.01627 41.5
      vertex 0.214599 -1.07886 46.5
      vertex 0.420951 -1.01627 46.5
    endloop
  endfacet
  facet normal -0.290258 0.956948 0
    outer loop
      vertex 0.214599 -1.07886 46.5
      vertex 0.420951 -1.01627 41.5
      vertex 0.214599 -1.07886 41.5
    endloop
  endfacet
  facet normal 0.995183 -0.0980348 0
    outer loop
      vertex -1.1 0 46.5
      vertex -1.07886 0.214599 41.5
      vertex -1.07886 0.214599 46.5
    endloop
  endfacet
  facet normal 0.995183 -0.0980348 0
    outer loop
      vertex -1.07886 0.214599 41.5
      vertex -1.1 0 46.5
      vertex -1.1 0 41.5
    endloop
  endfacet
  facet normal -0.881916 0.471407 0
    outer loop
      vertex 0.914616 -0.611127 41.5
      vertex 1.01627 -0.420951 46.5
      vertex 1.01627 -0.420951 41.5
    endloop
  endfacet
  facet normal -0.881916 0.471407 0
    outer loop
      vertex 1.01627 -0.420951 46.5
      vertex 0.914616 -0.611127 41.5
      vertex 0.914616 -0.611127 46.5
    endloop
  endfacet
  facet normal -0.77301 0.634393 0
    outer loop
      vertex 0.777817 -0.777817 41.5
      vertex 0.914616 -0.611127 46.5
      vertex 0.914616 -0.611127 41.5
    endloop
  endfacet
  facet normal -0.77301 0.634393 0
    outer loop
      vertex 0.914616 -0.611127 46.5
      vertex 0.777817 -0.777817 41.5
      vertex 0.777817 -0.777817 46.5
    endloop
  endfacet
  facet normal 0.881916 -0.471407 0
    outer loop
      vertex -1.01627 0.420951 46.5
      vertex -0.914616 0.611127 41.5
      vertex -0.914616 0.611127 46.5
    endloop
  endfacet
  facet normal 0.881916 -0.471407 0
    outer loop
      vertex -0.914616 0.611127 41.5
      vertex -1.01627 0.420951 46.5
      vertex -1.01627 0.420951 41.5
    endloop
  endfacet
  facet normal 0.634393 0.77301 -0
    outer loop
      vertex -0.611127 -0.914616 41.5
      vertex -0.777817 -0.777817 46.5
      vertex -0.611127 -0.914616 46.5
    endloop
  endfacet
  facet normal 0.634393 0.77301 0
    outer loop
      vertex -0.777817 -0.777817 46.5
      vertex -0.611127 -0.914616 41.5
      vertex -0.777817 -0.777817 41.5
    endloop
  endfacet
  facet normal 0.956948 -0.290258 0
    outer loop
      vertex -1.07886 0.214599 46.5
      vertex -1.01627 0.420951 41.5
      vertex -1.01627 0.420951 46.5
    endloop
  endfacet
  facet normal 0.956948 -0.290258 0
    outer loop
      vertex -1.01627 0.420951 41.5
      vertex -1.07886 0.214599 46.5
      vertex -1.07886 0.214599 41.5
    endloop
  endfacet
  facet normal -0.956948 0.290258 0
    outer loop
      vertex 1.01627 -0.420951 41.5
      vertex 1.07886 -0.214599 46.5
      vertex 1.07886 -0.214599 41.5
    endloop
  endfacet
  facet normal -0.956948 0.290258 0
    outer loop
      vertex 1.07886 -0.214599 46.5
      vertex 1.01627 -0.420951 41.5
      vertex 1.01627 -0.420951 46.5
    endloop
  endfacet
  facet normal 0.773006 -0.634398 0
    outer loop
      vertex -0.914616 0.611127 46.5
      vertex -0.849999 0.689862 41.5
      vertex -0.849999 0.689862 46.5
    endloop
  endfacet
  facet normal 0.773006 -0.634398 0
    outer loop
      vertex -0.849999 0.689862 41.5
      vertex -0.914616 0.611127 46.5
      vertex -0.914616 0.611127 41.5
    endloop
  endfacet
  facet normal -0.995183 0.0980348 0
    outer loop
      vertex 1.07886 -0.214599 41.5
      vertex 1.1 0 46.5
      vertex 1.1 0 41.5
    endloop
  endfacet
  facet normal -0.995183 0.0980348 0
    outer loop
      vertex 1.1 0 46.5
      vertex 1.07886 -0.214599 41.5
      vertex 1.07886 -0.214599 46.5
    endloop
  endfacet
  facet normal 0.77301 0.634393 0
    outer loop
      vertex -0.777817 -0.777817 46.5
      vertex -0.914616 -0.611127 41.5
      vertex -0.914616 -0.611127 46.5
    endloop
  endfacet
  facet normal 0.77301 0.634393 0
    outer loop
      vertex -0.914616 -0.611127 41.5
      vertex -0.777817 -0.777817 46.5
      vertex -0.777817 -0.777817 41.5
    endloop
  endfacet
  facet normal -0.634393 0.77301 0
    outer loop
      vertex 0.777817 -0.777817 41.5
      vertex 0.611127 -0.914616 46.5
      vertex 0.777817 -0.777817 46.5
    endloop
  endfacet
  facet normal -0.634393 0.77301 0
    outer loop
      vertex 0.611127 -0.914616 46.5
      vertex 0.777817 -0.777817 41.5
      vertex 0.611127 -0.914616 41.5
    endloop
  endfacet
  facet normal 0.995183 0.0980348 0
    outer loop
      vertex -1.07886 -0.214599 46.5
      vertex -1.1 0 41.5
      vertex -1.1 0 46.5
    endloop
  endfacet
  facet normal 0.995183 0.0980348 0
    outer loop
      vertex -1.1 0 41.5
      vertex -1.07886 -0.214599 46.5
      vertex -1.07886 -0.214599 41.5
    endloop
  endfacet
  facet normal 0.0980348 0.995183 -0
    outer loop
      vertex 0 -1.1 41.5
      vertex -0.214599 -1.07886 46.5
      vertex 0 -1.1 46.5
    endloop
  endfacet
  facet normal 0.0980348 0.995183 0
    outer loop
      vertex -0.214599 -1.07886 46.5
      vertex 0 -1.1 41.5
      vertex -0.214599 -1.07886 41.5
    endloop
  endfacet
  facet normal 0.290258 0.956948 -0
    outer loop
      vertex -0.214599 -1.07886 41.5
      vertex -0.420951 -1.01627 46.5
      vertex -0.214599 -1.07886 46.5
    endloop
  endfacet
  facet normal 0.290258 0.956948 0
    outer loop
      vertex -0.420951 -1.01627 46.5
      vertex -0.214599 -1.07886 41.5
      vertex -0.420951 -1.01627 41.5
    endloop
  endfacet
  facet normal -1 0 0
    outer loop
      vertex 0.849999 0.689862 41.5
      vertex 0.849999 2.7722 46.5
      vertex 0.849999 2.7722 41.5
    endloop
  endfacet
  facet normal -1 -0 0
    outer loop
      vertex 0.849999 2.7722 46.5
      vertex 0.849999 0.689862 41.5
      vertex 0.849999 0.689862 46.5
    endloop
  endfacet
  facet normal 1 -0 0
    outer loop
      vertex -0.849999 0.689862 46.5
      vertex -0.849999 2.7722 41.5
      vertex -0.849999 2.7722 46.5
    endloop
  endfacet
  facet normal 1 0 0
    outer loop
      vertex -0.849999 2.7722 41.5
      vertex -0.849999 0.689862 46.5
      vertex -0.849999 0.689862 41.5
    endloop
  endfacet
  facet normal 0.740957 0.671552 0
    outer loop
      vertex 2.05061 2.05061 74.5
      vertex 2.13121 1.96168 73.546
      vertex 2.05061 2.05061 73.473
    endloop
  endfacet
  facet normal 0.740954 0.671556 -0
    outer loop
      vertex 2.24173 1.83974 73.628
      vertex 2.05061 2.05061 74.5
      vertex 2.24173 1.83974 74.5
    endloop
  endfacet
  facet normal 0.740951 0.671559 -1.07646e-06
    outer loop
      vertex 2.05061 2.05061 74.5
      vertex 2.24173 1.83974 73.628
      vertex 2.13121 1.96168 73.546
    endloop
  endfacet
  facet normal 0.740954 0.671556 0
    outer loop
      vertex 2.24173 1.83974 70.3298
      vertex 2.05061 2.05061 69.5
      vertex 2.05061 2.05061 70.521
    endloop
  endfacet
  facet normal 0.740954 0.671556 0
    outer loop
      vertex 2.05061 2.05061 69.5
      vertex 2.24173 1.83974 70.3298
      vertex 2.24173 1.83974 69.5
    endloop
  endfacet
  facet normal 0.989181 0.146701 0
    outer loop
      vertex 2.88603 0.284249 69.6855
      vertex 2.84428 0.565762 69.5
      vertex 2.84428 0.565762 69.7273
    endloop
  endfacet
  facet normal 0.989181 0.146701 0
    outer loop
      vertex 2.84428 0.565762 69.5
      vertex 2.88603 0.284249 69.6855
      vertex 2.88603 0.284249 69.5
    endloop
  endfacet
  facet normal 0.989181 0.146701 -0
    outer loop
      vertex 2.88603 0.284249 73.9306
      vertex 2.84428 0.565762 74.5
      vertex 2.88603 0.284249 74.5
    endloop
  endfacet
  facet normal 0.989181 0.146701 0
    outer loop
      vertex 2.84428 0.565762 74.5
      vertex 2.88603 0.284249 73.9306
      vertex 2.84428 0.565762 73.9201
    endloop
  endfacet
  facet normal 0.998794 0.0490878 0
    outer loop
      vertex 2.9 0 69.6716
      vertex 2.88603 0.284249 69.5
      vertex 2.88603 0.284249 69.6855
    endloop
  endfacet
  facet normal 0.998794 0.0490878 0
    outer loop
      vertex 2.88603 0.284249 69.5
      vertex 2.9 0 69.6716
      vertex 2.9 0 69.5
    endloop
  endfacet
  facet normal 0.998794 0.0490878 -0
    outer loop
      vertex 2.9 0 73.9341
      vertex 2.88603 0.284249 74.5
      vertex 2.9 0 74.5
    endloop
  endfacet
  facet normal 0.998794 0.0490878 0
    outer loop
      vertex 2.88603 0.284249 74.5
      vertex 2.9 0 73.9341
      vertex 2.88603 0.284249 73.9306
    endloop
  endfacet
  facet normal 0.970037 0.242959 0
    outer loop
      vertex 2.77513 0.841825 74.5
      vertex 2.81943 0.664953 73.9139
      vertex 2.77513 0.841825 73.898
    endloop
  endfacet
  facet normal 0.970031 0.24298 -6.64212e-06
    outer loop
      vertex 2.84428 0.565762 74.5
      vertex 2.81943 0.664953 73.9139
      vertex 2.77513 0.841825 74.5
    endloop
  endfacet
  facet normal 0.970022 0.243017 0
    outer loop
      vertex 2.81943 0.664953 73.9139
      vertex 2.84428 0.565762 74.5
      vertex 2.84428 0.565762 73.9201
    endloop
  endfacet
  facet normal 0.970031 0.24298 0
    outer loop
      vertex 2.84428 0.565762 69.7273
      vertex 2.77513 0.841825 69.5
      vertex 2.77513 0.841825 69.7964
    endloop
  endfacet
  facet normal 0.970031 0.24298 0
    outer loop
      vertex 2.77513 0.841825 69.5
      vertex 2.84428 0.565762 69.7273
      vertex 2.84428 0.565762 69.5
    endloop
  endfacet
  facet normal 0.336903 -0.941539 0
    outer loop
      vertex 0.841825 -2.77513 69.5
      vertex 1.10978 -2.67925 74.5
      vertex 0.841825 -2.77513 74.5
    endloop
  endfacet
  facet normal 0.336903 -0.941539 0
    outer loop
      vertex 1.10978 -2.67925 74.5
      vertex 0.841825 -2.77513 69.5
      vertex 1.10978 -2.67925 69.5
    endloop
  endfacet
  facet normal 0.85769 0.514167 0
    outer loop
      vertex 2.41126 1.61115 74.5
      vertex 2.45721 1.5345 73.7638
      vertex 2.41126 1.61115 73.7363
    endloop
  endfacet
  facet normal 0.857725 0.514108 -0
    outer loop
      vertex 2.55757 1.36705 73.8113
      vertex 2.41126 1.61115 74.5
      vertex 2.55757 1.36705 74.5
    endloop
  endfacet
  facet normal 0.85774 0.514084 1.17154e-05
    outer loop
      vertex 2.41126 1.61115 74.5
      vertex 2.55757 1.36705 73.8113
      vertex 2.45721 1.5345 73.7638
    endloop
  endfacet
  facet normal 0.857725 0.514108 0
    outer loop
      vertex 2.55757 1.36705 70.014
      vertex 2.41126 1.61115 69.5
      vertex 2.41126 1.61115 70.1603
    endloop
  endfacet
  facet normal 0.857725 0.514108 0
    outer loop
      vertex 2.41126 1.61115 69.5
      vertex 2.55757 1.36705 70.014
      vertex 2.55757 1.36705 69.5
    endloop
  endfacet
  facet normal -0.740954 0.671556 0
    outer loop
      vertex -2.24173 1.83974 69.5
      vertex -2.05061 2.05061 74.5
      vertex -2.05061 2.05061 69.5
    endloop
  endfacet
  facet normal -0.740954 0.671556 0
    outer loop
      vertex -2.05061 2.05061 74.5
      vertex -2.24173 1.83974 69.5
      vertex -2.24173 1.83974 74.5
    endloop
  endfacet
  facet normal 0.0490878 -0.998794 0
    outer loop
      vertex 0 -2.9 69.5
      vertex 0.284249 -2.88603 74.5
      vertex 0 -2.9 74.5
    endloop
  endfacet
  facet normal 0.0490878 -0.998794 0
    outer loop
      vertex 0.284249 -2.88603 74.5
      vertex 0 -2.9 69.5
      vertex 0.284249 -2.88603 69.5
    endloop
  endfacet
  facet normal 0.427556 0.903989 -0
    outer loop
      vertex 1.36705 2.55757 69.5
      vertex 1.10978 2.67925 74.5
      vertex 1.36705 2.55757 74.5
    endloop
  endfacet
  facet normal 0.427556 0.903989 0
    outer loop
      vertex 1.10978 2.67925 74.5
      vertex 1.36705 2.55757 69.5
      vertex 1.10978 2.67925 69.5
    endloop
  endfacet
  facet normal 0.671556 0.740954 0
    outer loop
      vertex 1.83974 2.24173 69.5
      vertex 2.05061 2.05061 70.521
      vertex 2.05061 2.05061 69.5
    endloop
  endfacet
  facet normal 0.671561 0.740949 -1.9868e-06
    outer loop
      vertex 2.05061 2.05061 70.521
      vertex 1.83974 2.24173 69.5
      vertex 1.98579 2.10936 70.5858
    endloop
  endfacet
  facet normal 0.671543 0.740965 2.50978e-06
    outer loop
      vertex 1.98579 2.10936 70.5858
      vertex 1.83974 2.24173 69.5
      vertex 1.85398 2.22882 70.7312
    endloop
  endfacet
  facet normal 0.671662 0.740857 0
    outer loop
      vertex 1.85398 2.22882 70.7312
      vertex 1.83974 2.24173 69.5
      vertex 1.83974 2.24173 70.7504
    endloop
  endfacet
  facet normal 0.671556 0.740954 -0
    outer loop
      vertex 2.05061 2.05061 73.473
      vertex 1.83974 2.24173 74.5
      vertex 2.05061 2.05061 74.5
    endloop
  endfacet
  facet normal 0.671562 0.740949 2.00885e-06
    outer loop
      vertex 1.98579 2.10936 73.4142
      vertex 1.83974 2.24173 74.5
      vertex 2.05061 2.05061 73.473
    endloop
  endfacet
  facet normal 0.671543 0.740965 -2.50978e-06
    outer loop
      vertex 1.85398 2.22882 73.2688
      vertex 1.83974 2.24173 74.5
      vertex 1.98579 2.10936 73.4142
    endloop
  endfacet
  facet normal 0.671662 0.740857 0
    outer loop
      vertex 1.83974 2.24173 74.5
      vertex 1.85398 2.22882 73.2688
      vertex 1.83974 2.24173 73.2496
    endloop
  endfacet
  facet normal -0.59569 -0.803214 0
    outer loop
      vertex -1.83974 -2.24173 69.5
      vertex -1.61115 -2.41126 74.5
      vertex -1.83974 -2.24173 74.5
    endloop
  endfacet
  facet normal -0.59569 -0.803214 -0
    outer loop
      vertex -1.61115 -2.41126 74.5
      vertex -1.83974 -2.24173 69.5
      vertex -1.61115 -2.41126 69.5
    endloop
  endfacet
  facet normal 0.24298 -0.970031 0
    outer loop
      vertex 0.565762 -2.84428 69.5
      vertex 0.841825 -2.77513 74.5
      vertex 0.565762 -2.84428 74.5
    endloop
  endfacet
  facet normal 0.24298 -0.970031 0
    outer loop
      vertex 0.841825 -2.77513 74.5
      vertex 0.565762 -2.84428 69.5
      vertex 0.841825 -2.77513 69.5
    endloop
  endfacet
  facet normal 0.989181 -0.146701 0
    outer loop
      vertex 2.84428 -0.565762 74.5
      vertex 2.88603 -0.284249 73.9306
      vertex 2.88603 -0.284249 74.5
    endloop
  endfacet
  facet normal 0.989181 -0.146701 0
    outer loop
      vertex 2.88603 -0.284249 73.9306
      vertex 2.84428 -0.565762 74.5
      vertex 2.84428 -0.565762 73.9201
    endloop
  endfacet
  facet normal 0.989181 -0.146701 0
    outer loop
      vertex 2.84428 -0.565762 69.5
      vertex 2.88603 -0.284249 69.6855
      vertex 2.84428 -0.565762 69.7273
    endloop
  endfacet
  facet normal 0.989181 -0.146701 0
    outer loop
      vertex 2.88603 -0.284249 69.6855
      vertex 2.84428 -0.565762 69.5
      vertex 2.88603 -0.284249 69.5
    endloop
  endfacet
  facet normal 0.514108 -0.857725 0
    outer loop
      vertex 1.36705 -2.55757 74.5
      vertex 1.61115 -2.41126 72.8899
      vertex 1.61115 -2.41126 74.5
    endloop
  endfacet
  facet normal 0.51411 -0.857724 3.34895e-07
    outer loop
      vertex 1.36705 -2.55757 74.5
      vertex 1.55224 -2.44657 72.7654
      vertex 1.61115 -2.41126 72.8899
    endloop
  endfacet
  facet normal 0.514098 -0.857731 -1.3841e-06
    outer loop
      vertex 1.36705 -2.55757 74.5
      vertex 1.48612 -2.4862 72.5806
      vertex 1.55224 -2.44657 72.7654
    endloop
  endfacet
  facet normal 0.514166 -0.857691 4.32574e-06
    outer loop
      vertex 1.36705 -2.55757 74.5
      vertex 1.43843 -2.51479 72.3902
      vertex 1.48612 -2.4862 72.5806
    endloop
  endfacet
  facet normal 0.51406 -0.857754 -5.19543e-07
    outer loop
      vertex 1.36705 -2.55757 74.5
      vertex 1.40963 -2.53205 72.196
      vertex 1.43843 -2.51479 72.3902
    endloop
  endfacet
  facet normal 0.514002 -0.857789 -1.99465e-06
    outer loop
      vertex 1.36705 -2.55757 74.5
      vertex 1.4 -2.53782 72
      vertex 1.40963 -2.53205 72.196
    endloop
  endfacet
  facet normal 0.514113 -0.857723 0
    outer loop
      vertex 1.36705 -2.55757 69.5
      vertex 1.4 -2.53782 72
      vertex 1.36705 -2.55757 74.5
    endloop
  endfacet
  facet normal 0.514002 -0.857789 1.99465e-06
    outer loop
      vertex 1.36705 -2.55757 69.5
      vertex 1.40963 -2.53205 71.804
      vertex 1.4 -2.53782 72
    endloop
  endfacet
  facet normal 0.51406 -0.857754 5.19543e-07
    outer loop
      vertex 1.36705 -2.55757 69.5
      vertex 1.43843 -2.51479 71.6098
      vertex 1.40963 -2.53205 71.804
    endloop
  endfacet
  facet normal 0.514166 -0.857691 -4.32574e-06
    outer loop
      vertex 1.36705 -2.55757 69.5
      vertex 1.48612 -2.4862 71.4194
      vertex 1.43843 -2.51479 71.6098
    endloop
  endfacet
  facet normal 0.514098 -0.857731 1.3841e-06
    outer loop
      vertex 1.36705 -2.55757 69.5
      vertex 1.55224 -2.44657 71.2346
      vertex 1.48612 -2.4862 71.4194
    endloop
  endfacet
  facet normal 0.51411 -0.857724 -3.34895e-07
    outer loop
      vertex 1.36705 -2.55757 69.5
      vertex 1.61115 -2.41126 71.1101
      vertex 1.55224 -2.44657 71.2346
    endloop
  endfacet
  facet normal 0.514108 -0.857725 0
    outer loop
      vertex 1.61115 -2.41126 71.1101
      vertex 1.36705 -2.55757 69.5
      vertex 1.61115 -2.41126 69.5
    endloop
  endfacet
  facet normal -0.24298 -0.970031 0
    outer loop
      vertex -0.841825 -2.77513 69.5
      vertex -0.565762 -2.84428 74.5
      vertex -0.841825 -2.77513 74.5
    endloop
  endfacet
  facet normal -0.24298 -0.970031 -0
    outer loop
      vertex -0.565762 -2.84428 74.5
      vertex -0.841825 -2.77513 69.5
      vertex -0.565762 -2.84428 69.5
    endloop
  endfacet
  facet normal -0.59569 0.803214 0
    outer loop
      vertex -1.61115 2.41126 69.5
      vertex -1.83974 2.24173 74.5
      vertex -1.61115 2.41126 74.5
    endloop
  endfacet
  facet normal -0.59569 0.803214 0
    outer loop
      vertex -1.83974 2.24173 74.5
      vertex -1.61115 2.41126 69.5
      vertex -1.83974 2.24173 69.5
    endloop
  endfacet
  facet normal -0.998794 -0.0490878 0
    outer loop
      vertex -2.88603 -0.284249 69.5
      vertex -2.9 0 74.5
      vertex -2.9 0 69.5
    endloop
  endfacet
  facet normal -0.998794 -0.0490878 0
    outer loop
      vertex -2.9 0 74.5
      vertex -2.88603 -0.284249 69.5
      vertex -2.88603 -0.284249 74.5
    endloop
  endfacet
  facet normal -0.970031 -0.24298 0
    outer loop
      vertex -2.77513 -0.841825 69.5
      vertex -2.84428 -0.565762 74.5
      vertex -2.84428 -0.565762 69.5
    endloop
  endfacet
  facet normal -0.970031 -0.24298 0
    outer loop
      vertex -2.84428 -0.565762 74.5
      vertex -2.77513 -0.841825 69.5
      vertex -2.77513 -0.841825 74.5
    endloop
  endfacet
  facet normal 0.970022 -0.243017 0
    outer loop
      vertex 2.84428 -0.565762 74.5
      vertex 2.81943 -0.664953 73.9139
      vertex 2.84428 -0.565762 73.9201
    endloop
  endfacet
  facet normal 0.970031 -0.24298 -6.64212e-06
    outer loop
      vertex 2.77513 -0.841825 74.5
      vertex 2.81943 -0.664953 73.9139
      vertex 2.84428 -0.565762 74.5
    endloop
  endfacet
  facet normal 0.970037 -0.242959 0
    outer loop
      vertex 2.81943 -0.664953 73.9139
      vertex 2.77513 -0.841825 74.5
      vertex 2.77513 -0.841825 73.898
    endloop
  endfacet
  facet normal 0.970031 -0.24298 0
    outer loop
      vertex 2.77513 -0.841825 69.5
      vertex 2.84428 -0.565762 69.7273
      vertex 2.77513 -0.841825 69.7964
    endloop
  endfacet
  facet normal 0.970031 -0.24298 0
    outer loop
      vertex 2.84428 -0.565762 69.7273
      vertex 2.77513 -0.841825 69.5
      vertex 2.84428 -0.565762 69.5
    endloop
  endfacet
  facet normal -0.514108 0.857725 0
    outer loop
      vertex -1.36705 2.55757 69.5
      vertex -1.61115 2.41126 74.5
      vertex -1.36705 2.55757 74.5
    endloop
  endfacet
  facet normal -0.514108 0.857725 0
    outer loop
      vertex -1.61115 2.41126 74.5
      vertex -1.36705 2.55757 69.5
      vertex -1.61115 2.41126 69.5
    endloop
  endfacet
  facet normal 0.59569 0.803214 -0
    outer loop
      vertex 1.83974 2.24173 73.2496
      vertex 1.61115 2.41126 74.5
      vertex 1.83974 2.24173 74.5
    endloop
  endfacet
  facet normal 0.595687 0.803217 -1.06342e-06
    outer loop
      vertex 1.73706 2.31788 73.1111
      vertex 1.61115 2.41126 74.5
      vertex 1.83974 2.24173 73.2496
    endloop
  endfacet
  facet normal 0.595732 0.803183 5.28915e-06
    outer loop
      vertex 1.63616 2.39272 72.9428
      vertex 1.61115 2.41126 74.5
      vertex 1.73706 2.31788 73.1111
    endloop
  endfacet
  facet normal 0.595519 0.803341 0
    outer loop
      vertex 1.61115 2.41126 74.5
      vertex 1.63616 2.39272 72.9428
      vertex 1.61115 2.41126 72.8899
    endloop
  endfacet
  facet normal 0.59569 0.803214 0
    outer loop
      vertex 1.61115 2.41126 69.5
      vertex 1.83974 2.24173 70.7504
      vertex 1.83974 2.24173 69.5
    endloop
  endfacet
  facet normal 0.595687 0.803217 1.06342e-06
    outer loop
      vertex 1.83974 2.24173 70.7504
      vertex 1.61115 2.41126 69.5
      vertex 1.73706 2.31788 70.8889
    endloop
  endfacet
  facet normal 0.595732 0.803183 -5.28915e-06
    outer loop
      vertex 1.73706 2.31788 70.8889
      vertex 1.61115 2.41126 69.5
      vertex 1.63616 2.39272 71.0572
    endloop
  endfacet
  facet normal 0.595519 0.803341 0
    outer loop
      vertex 1.63616 2.39272 71.0572
      vertex 1.61115 2.41126 69.5
      vertex 1.61115 2.41126 71.1101
    endloop
  endfacet
  facet normal -0.903989 -0.427556 0
    outer loop
      vertex -2.55757 -1.36705 69.5
      vertex -2.67925 -1.10978 74.5
      vertex -2.67925 -1.10978 69.5
    endloop
  endfacet
  facet normal -0.903989 -0.427556 0
    outer loop
      vertex -2.67925 -1.10978 74.5
      vertex -2.55757 -1.36705 69.5
      vertex -2.55757 -1.36705 74.5
    endloop
  endfacet
  facet normal 0.941539 -0.336903 0
    outer loop
      vertex 2.67925 -1.10978 74.5
      vertex 2.77513 -0.841825 73.898
      vertex 2.77513 -0.841825 74.5
    endloop
  endfacet
  facet normal 0.941539 -0.336903 0
    outer loop
      vertex 2.77513 -0.841825 73.898
      vertex 2.67925 -1.10978 74.5
      vertex 2.67925 -1.10978 73.8637
    endloop
  endfacet
  facet normal 0.941539 -0.336903 0
    outer loop
      vertex 2.67925 -1.10978 69.5
      vertex 2.77513 -0.841825 69.7964
      vertex 2.67925 -1.10978 69.8923
    endloop
  endfacet
  facet normal 0.941539 -0.336903 0
    outer loop
      vertex 2.77513 -0.841825 69.7964
      vertex 2.67925 -1.10978 69.5
      vertex 2.77513 -0.841825 69.5
    endloop
  endfacet
  facet normal -0.427556 0.903989 0
    outer loop
      vertex -1.10978 2.67925 69.5
      vertex -1.36705 2.55757 74.5
      vertex -1.10978 2.67925 74.5
    endloop
  endfacet
  facet normal -0.427556 0.903989 0
    outer loop
      vertex -1.36705 2.55757 74.5
      vertex -1.10978 2.67925 69.5
      vertex -1.36705 2.55757 69.5
    endloop
  endfacet
  facet normal 0.514108 0.857725 -0
    outer loop
      vertex 1.61115 2.41126 72.8899
      vertex 1.36705 2.55757 74.5
      vertex 1.61115 2.41126 74.5
    endloop
  endfacet
  facet normal 0.51411 0.857724 3.34895e-07
    outer loop
      vertex 1.55224 2.44657 72.7654
      vertex 1.36705 2.55757 74.5
      vertex 1.61115 2.41126 72.8899
    endloop
  endfacet
  facet normal 0.514098 0.857731 -1.3841e-06
    outer loop
      vertex 1.48612 2.4862 72.5806
      vertex 1.36705 2.55757 74.5
      vertex 1.55224 2.44657 72.7654
    endloop
  endfacet
  facet normal 0.514166 0.857691 4.32574e-06
    outer loop
      vertex 1.43843 2.51479 72.3902
      vertex 1.36705 2.55757 74.5
      vertex 1.48612 2.4862 72.5806
    endloop
  endfacet
  facet normal 0.51406 0.857754 -5.19543e-07
    outer loop
      vertex 1.40963 2.53205 72.196
      vertex 1.36705 2.55757 74.5
      vertex 1.43843 2.51479 72.3902
    endloop
  endfacet
  facet normal 0.514002 0.857789 -1.99465e-06
    outer loop
      vertex 1.4 2.53782 72
      vertex 1.36705 2.55757 74.5
      vertex 1.40963 2.53205 72.196
    endloop
  endfacet
  facet normal 0.514108 0.857725 0
    outer loop
      vertex 1.36705 2.55757 69.5
      vertex 1.61115 2.41126 71.1101
      vertex 1.61115 2.41126 69.5
    endloop
  endfacet
  facet normal 0.51411 0.857724 -3.34895e-07
    outer loop
      vertex 1.61115 2.41126 71.1101
      vertex 1.36705 2.55757 69.5
      vertex 1.55224 2.44657 71.2346
    endloop
  endfacet
  facet normal 0.514098 0.857731 1.3841e-06
    outer loop
      vertex 1.55224 2.44657 71.2346
      vertex 1.36705 2.55757 69.5
      vertex 1.48612 2.4862 71.4194
    endloop
  endfacet
  facet normal 0.514166 0.857691 -4.32574e-06
    outer loop
      vertex 1.48612 2.4862 71.4194
      vertex 1.36705 2.55757 69.5
      vertex 1.43843 2.51479 71.6098
    endloop
  endfacet
  facet normal 0.514113 0.857723 0
    outer loop
      vertex 1.4 2.53782 72
      vertex 1.36705 2.55757 69.5
      vertex 1.36705 2.55757 74.5
    endloop
  endfacet
  facet normal 0.514002 0.857789 1.99465e-06
    outer loop
      vertex 1.40963 2.53205 71.804
      vertex 1.36705 2.55757 69.5
      vertex 1.4 2.53782 72
    endloop
  endfacet
  facet normal 0.51406 0.857754 5.19543e-07
    outer loop
      vertex 1.43843 2.51479 71.6098
      vertex 1.36705 2.55757 69.5
      vertex 1.40963 2.53205 71.804
    endloop
  endfacet
  facet normal 0.427556 -0.903989 0
    outer loop
      vertex 1.10978 -2.67925 69.5
      vertex 1.36705 -2.55757 74.5
      vertex 1.10978 -2.67925 74.5
    endloop
  endfacet
  facet normal 0.427556 -0.903989 0
    outer loop
      vertex 1.36705 -2.55757 74.5
      vertex 1.10978 -2.67925 69.5
      vertex 1.36705 -2.55757 69.5
    endloop
  endfacet
  facet normal -0.941539 -0.336903 0
    outer loop
      vertex -2.67925 -1.10978 69.5
      vertex -2.77513 -0.841825 74.5
      vertex -2.77513 -0.841825 69.5
    endloop
  endfacet
  facet normal -0.941539 -0.336903 0
    outer loop
      vertex -2.77513 -0.841825 74.5
      vertex -2.67925 -1.10978 69.5
      vertex -2.67925 -1.10978 74.5
    endloop
  endfacet
  facet normal 0.857725 -0.514108 0
    outer loop
      vertex 2.41126 -1.61115 69.5
      vertex 2.55757 -1.36705 70.014
      vertex 2.41126 -1.61115 70.1603
    endloop
  endfacet
  facet normal 0.857725 -0.514108 0
    outer loop
      vertex 2.55757 -1.36705 70.014
      vertex 2.41126 -1.61115 69.5
      vertex 2.55757 -1.36705 69.5
    endloop
  endfacet
  facet normal 0.857725 -0.514108 0
    outer loop
      vertex 2.41126 -1.61115 74.5
      vertex 2.55757 -1.36705 73.8113
      vertex 2.55757 -1.36705 74.5
    endloop
  endfacet
  facet normal 0.85774 -0.514084 1.17154e-05
    outer loop
      vertex 2.55757 -1.36705 73.8113
      vertex 2.41126 -1.61115 74.5
      vertex 2.45721 -1.5345 73.7638
    endloop
  endfacet
  facet normal 0.85769 -0.514167 0
    outer loop
      vertex 2.45721 -1.5345 73.7638
      vertex 2.41126 -1.61115 74.5
      vertex 2.41126 -1.61115 73.7363
    endloop
  endfacet
  facet normal 0.903989 -0.427556 0
    outer loop
      vertex 2.55757 -1.36705 69.5
      vertex 2.67925 -1.10978 69.8923
      vertex 2.55757 -1.36705 70.014
    endloop
  endfacet
  facet normal 0.903989 -0.427556 0
    outer loop
      vertex 2.67925 -1.10978 69.8923
      vertex 2.55757 -1.36705 69.5
      vertex 2.67925 -1.10978 69.5
    endloop
  endfacet
  facet normal 0.903987 -0.427559 0
    outer loop
      vertex 2.67925 -1.10978 74.5
      vertex 2.63463 -1.20412 73.8478
      vertex 2.67925 -1.10978 73.8637
    endloop
  endfacet
  facet normal 0.903989 -0.427556 -5.18284e-07
    outer loop
      vertex 2.55757 -1.36705 74.5
      vertex 2.63463 -1.20412 73.8478
      vertex 2.67925 -1.10978 74.5
    endloop
  endfacet
  facet normal 0.90399 -0.427554 0
    outer loop
      vertex 2.63463 -1.20412 73.8478
      vertex 2.55757 -1.36705 74.5
      vertex 2.55757 -1.36705 73.8113
    endloop
  endfacet
  facet normal 0.998794 -0.0490878 0
    outer loop
      vertex 2.88603 -0.284249 69.5
      vertex 2.9 0 69.6716
      vertex 2.88603 -0.284249 69.6855
    endloop
  endfacet
  facet normal 0.998794 -0.0490878 0
    outer loop
      vertex 2.9 0 69.6716
      vertex 2.88603 -0.284249 69.5
      vertex 2.9 0 69.5
    endloop
  endfacet
  facet normal 0.998794 -0.0490878 0
    outer loop
      vertex 2.88603 -0.284249 74.5
      vertex 2.9 0 73.9341
      vertex 2.9 0 74.5
    endloop
  endfacet
  facet normal 0.998794 -0.0490878 0
    outer loop
      vertex 2.9 0 73.9341
      vertex 2.88603 -0.284249 74.5
      vertex 2.88603 -0.284249 73.9306
    endloop
  endfacet
  facet normal 0.146701 -0.989181 0
    outer loop
      vertex 0.284249 -2.88603 69.5
      vertex 0.565762 -2.84428 74.5
      vertex 0.284249 -2.88603 74.5
    endloop
  endfacet
  facet normal 0.146701 -0.989181 0
    outer loop
      vertex 0.565762 -2.84428 74.5
      vertex 0.284249 -2.88603 69.5
      vertex 0.565762 -2.84428 69.5
    endloop
  endfacet
  facet normal 0.941539 0.336903 -0
    outer loop
      vertex 2.77513 0.841825 73.898
      vertex 2.67925 1.10978 74.5
      vertex 2.77513 0.841825 74.5
    endloop
  endfacet
  facet normal 0.941539 0.336903 0
    outer loop
      vertex 2.67925 1.10978 74.5
      vertex 2.77513 0.841825 73.898
      vertex 2.67925 1.10978 73.8637
    endloop
  endfacet
  facet normal 0.941539 0.336903 0
    outer loop
      vertex 2.77513 0.841825 69.7964
      vertex 2.67925 1.10978 69.5
      vertex 2.67925 1.10978 69.8923
    endloop
  endfacet
  facet normal 0.941539 0.336903 0
    outer loop
      vertex 2.67925 1.10978 69.5
      vertex 2.77513 0.841825 69.7964
      vertex 2.77513 0.841825 69.5
    endloop
  endfacet
  facet normal 0.740954 -0.671556 0
    outer loop
      vertex 2.05061 -2.05061 69.5
      vertex 2.24173 -1.83974 70.3298
      vertex 2.05061 -2.05061 70.521
    endloop
  endfacet
  facet normal 0.740954 -0.671556 0
    outer loop
      vertex 2.24173 -1.83974 70.3298
      vertex 2.05061 -2.05061 69.5
      vertex 2.24173 -1.83974 69.5
    endloop
  endfacet
  facet normal 0.740954 -0.671556 0
    outer loop
      vertex 2.05061 -2.05061 74.5
      vertex 2.24173 -1.83974 73.628
      vertex 2.24173 -1.83974 74.5
    endloop
  endfacet
  facet normal 0.740951 -0.671559 -1.07646e-06
    outer loop
      vertex 2.24173 -1.83974 73.628
      vertex 2.05061 -2.05061 74.5
      vertex 2.13121 -1.96168 73.546
    endloop
  endfacet
  facet normal 0.740957 -0.671552 0
    outer loop
      vertex 2.13121 -1.96168 73.546
      vertex 2.05061 -2.05061 74.5
      vertex 2.05061 -2.05061 73.473
    endloop
  endfacet
  facet normal 0.803214 -0.59569 0
    outer loop
      vertex 2.24173 -1.83974 74.5
      vertex 2.41126 -1.61115 73.7363
      vertex 2.41126 -1.61115 74.5
    endloop
  endfacet
  facet normal 0.803212 -0.595693 -1.03931e-06
    outer loop
      vertex 2.41126 -1.61115 73.7363
      vertex 2.24173 -1.83974 74.5
      vertex 2.28886 -1.77619 73.6629
    endloop
  endfacet
  facet normal 0.803219 -0.595684 0
    outer loop
      vertex 2.28886 -1.77619 73.6629
      vertex 2.24173 -1.83974 74.5
      vertex 2.24173 -1.83974 73.628
    endloop
  endfacet
  facet normal 0.803214 -0.59569 0
    outer loop
      vertex 2.24173 -1.83974 69.5
      vertex 2.41126 -1.61115 70.1603
      vertex 2.24173 -1.83974 70.3298
    endloop
  endfacet
  facet normal 0.803214 -0.59569 0
    outer loop
      vertex 2.41126 -1.61115 70.1603
      vertex 2.24173 -1.83974 69.5
      vertex 2.41126 -1.61115 69.5
    endloop
  endfacet
  facet normal 0.803219 0.595684 0
    outer loop
      vertex 2.24173 1.83974 74.5
      vertex 2.28886 1.77619 73.6629
      vertex 2.24173 1.83974 73.628
    endloop
  endfacet
  facet normal 0.803214 0.59569 -0
    outer loop
      vertex 2.41126 1.61115 73.7363
      vertex 2.24173 1.83974 74.5
      vertex 2.41126 1.61115 74.5
    endloop
  endfacet
  facet normal 0.803212 0.595693 -1.03931e-06
    outer loop
      vertex 2.24173 1.83974 74.5
      vertex 2.41126 1.61115 73.7363
      vertex 2.28886 1.77619 73.6629
    endloop
  endfacet
  facet normal 0.803214 0.59569 0
    outer loop
      vertex 2.41126 1.61115 70.1603
      vertex 2.24173 1.83974 69.5
      vertex 2.24173 1.83974 70.3298
    endloop
  endfacet
  facet normal 0.803214 0.59569 0
    outer loop
      vertex 2.24173 1.83974 69.5
      vertex 2.41126 1.61115 70.1603
      vertex 2.41126 1.61115 69.5
    endloop
  endfacet
  facet normal 0.90399 0.427554 0
    outer loop
      vertex 2.55757 1.36705 74.5
      vertex 2.63463 1.20412 73.8478
      vertex 2.55757 1.36705 73.8113
    endloop
  endfacet
  facet normal 0.903989 0.427556 -5.18284e-07
    outer loop
      vertex 2.67925 1.10978 74.5
      vertex 2.63463 1.20412 73.8478
      vertex 2.55757 1.36705 74.5
    endloop
  endfacet
  facet normal 0.903987 0.427559 0
    outer loop
      vertex 2.63463 1.20412 73.8478
      vertex 2.67925 1.10978 74.5
      vertex 2.67925 1.10978 73.8637
    endloop
  endfacet
  facet normal 0.903989 0.427556 0
    outer loop
      vertex 2.67925 1.10978 69.8923
      vertex 2.55757 1.36705 69.5
      vertex 2.55757 1.36705 70.014
    endloop
  endfacet
  facet normal 0.903989 0.427556 0
    outer loop
      vertex 2.55757 1.36705 69.5
      vertex 2.67925 1.10978 69.8923
      vertex 2.67925 1.10978 69.5
    endloop
  endfacet
  facet normal -0.857725 0.514108 0
    outer loop
      vertex -2.55757 1.36705 69.5
      vertex -2.41126 1.61115 74.5
      vertex -2.41126 1.61115 69.5
    endloop
  endfacet
  facet normal -0.857725 0.514108 0
    outer loop
      vertex -2.41126 1.61115 74.5
      vertex -2.55757 1.36705 69.5
      vertex -2.55757 1.36705 74.5
    endloop
  endfacet
  facet normal -0.671556 0.740954 0
    outer loop
      vertex -1.83974 2.24173 69.5
      vertex -2.05061 2.05061 74.5
      vertex -1.83974 2.24173 74.5
    endloop
  endfacet
  facet normal -0.671556 0.740954 0
    outer loop
      vertex -2.05061 2.05061 74.5
      vertex -1.83974 2.24173 69.5
      vertex -2.05061 2.05061 69.5
    endloop
  endfacet
  facet normal -0.857725 -0.514108 0
    outer loop
      vertex -2.41126 -1.61115 69.5
      vertex -2.55757 -1.36705 74.5
      vertex -2.55757 -1.36705 69.5
    endloop
  endfacet
  facet normal -0.857725 -0.514108 0
    outer loop
      vertex -2.55757 -1.36705 74.5
      vertex -2.41126 -1.61115 69.5
      vertex -2.41126 -1.61115 74.5
    endloop
  endfacet
  facet normal -0.427556 -0.903989 0
    outer loop
      vertex -1.36705 -2.55757 69.5
      vertex -1.10978 -2.67925 74.5
      vertex -1.36705 -2.55757 74.5
    endloop
  endfacet
  facet normal -0.427556 -0.903989 -0
    outer loop
      vertex -1.10978 -2.67925 74.5
      vertex -1.36705 -2.55757 69.5
      vertex -1.10978 -2.67925 69.5
    endloop
  endfacet
  facet normal -0.740954 -0.671556 0
    outer loop
      vertex -2.05061 -2.05061 69.5
      vertex -2.24173 -1.83974 74.5
      vertex -2.24173 -1.83974 69.5
    endloop
  endfacet
  facet normal -0.740954 -0.671556 0
    outer loop
      vertex -2.24173 -1.83974 74.5
      vertex -2.05061 -2.05061 69.5
      vertex -2.05061 -2.05061 74.5
    endloop
  endfacet
  facet normal -0.336886 0.941545 0
    outer loop
      vertex -0.849999 2.7722 69.5
      vertex -1.10978 2.67925 74.5
      vertex -0.849999 2.7722 74.5
    endloop
  endfacet
  facet normal -0.336886 0.941545 0
    outer loop
      vertex -1.10978 2.67925 74.5
      vertex -0.849999 2.7722 69.5
      vertex -1.10978 2.67925 69.5
    endloop
  endfacet
  facet normal -0.514108 -0.857725 0
    outer loop
      vertex -1.61115 -2.41126 69.5
      vertex -1.36705 -2.55757 74.5
      vertex -1.61115 -2.41126 74.5
    endloop
  endfacet
  facet normal -0.514108 -0.857725 -0
    outer loop
      vertex -1.36705 -2.55757 74.5
      vertex -1.61115 -2.41126 69.5
      vertex -1.36705 -2.55757 69.5
    endloop
  endfacet
  facet normal 0.595519 -0.803341 0
    outer loop
      vertex 1.61115 -2.41126 69.5
      vertex 1.63616 -2.39272 71.0572
      vertex 1.61115 -2.41126 71.1101
    endloop
  endfacet
  facet normal 0.595732 -0.803183 -5.28915e-06
    outer loop
      vertex 1.61115 -2.41126 69.5
      vertex 1.73706 -2.31788 70.8889
      vertex 1.63616 -2.39272 71.0572
    endloop
  endfacet
  facet normal 0.595687 -0.803217 1.06342e-06
    outer loop
      vertex 1.61115 -2.41126 69.5
      vertex 1.83974 -2.24173 70.7504
      vertex 1.73706 -2.31788 70.8889
    endloop
  endfacet
  facet normal 0.59569 -0.803214 0
    outer loop
      vertex 1.83974 -2.24173 70.7504
      vertex 1.61115 -2.41126 69.5
      vertex 1.83974 -2.24173 69.5
    endloop
  endfacet
  facet normal 0.59569 -0.803214 0
    outer loop
      vertex 1.61115 -2.41126 74.5
      vertex 1.83974 -2.24173 73.2496
      vertex 1.83974 -2.24173 74.5
    endloop
  endfacet
  facet normal 0.595687 -0.803217 -1.06342e-06
    outer loop
      vertex 1.61115 -2.41126 74.5
      vertex 1.73706 -2.31788 73.1111
      vertex 1.83974 -2.24173 73.2496
    endloop
  endfacet
  facet normal 0.595732 -0.803183 5.28915e-06
    outer loop
      vertex 1.61115 -2.41126 74.5
      vertex 1.63616 -2.39272 72.9428
      vertex 1.73706 -2.31788 73.1111
    endloop
  endfacet
  facet normal 0.595519 -0.803341 0
    outer loop
      vertex 1.63616 -2.39272 72.9428
      vertex 1.61115 -2.41126 74.5
      vertex 1.61115 -2.41126 72.8899
    endloop
  endfacet
  facet normal -0.970031 0.24298 0
    outer loop
      vertex -2.84428 0.565762 69.5
      vertex -2.77513 0.841825 74.5
      vertex -2.77513 0.841825 69.5
    endloop
  endfacet
  facet normal -0.970031 0.24298 0
    outer loop
      vertex -2.77513 0.841825 74.5
      vertex -2.84428 0.565762 69.5
      vertex -2.84428 0.565762 74.5
    endloop
  endfacet
  facet normal -0.941539 0.336903 0
    outer loop
      vertex -2.77513 0.841825 69.5
      vertex -2.67925 1.10978 74.5
      vertex -2.67925 1.10978 69.5
    endloop
  endfacet
  facet normal -0.941539 0.336903 0
    outer loop
      vertex -2.67925 1.10978 74.5
      vertex -2.77513 0.841825 69.5
      vertex -2.77513 0.841825 74.5
    endloop
  endfacet
  facet normal 0.336886 0.941545 -0
    outer loop
      vertex 1.10978 2.67925 69.5
      vertex 0.849999 2.7722 74.5
      vertex 1.10978 2.67925 74.5
    endloop
  endfacet
  facet normal 0.336886 0.941545 0
    outer loop
      vertex 0.849999 2.7722 74.5
      vertex 1.10978 2.67925 69.5
      vertex 0.849999 2.7722 69.5
    endloop
  endfacet
  facet normal -0.803214 -0.59569 0
    outer loop
      vertex -2.24173 -1.83974 69.5
      vertex -2.41126 -1.61115 74.5
      vertex -2.41126 -1.61115 69.5
    endloop
  endfacet
  facet normal -0.803214 -0.59569 0
    outer loop
      vertex -2.41126 -1.61115 74.5
      vertex -2.24173 -1.83974 69.5
      vertex -2.24173 -1.83974 74.5
    endloop
  endfacet
  facet normal -0.989181 -0.146701 0
    outer loop
      vertex -2.84428 -0.565762 69.5
      vertex -2.88603 -0.284249 74.5
      vertex -2.88603 -0.284249 69.5
    endloop
  endfacet
  facet normal -0.989181 -0.146701 0
    outer loop
      vertex -2.88603 -0.284249 74.5
      vertex -2.84428 -0.565762 69.5
      vertex -2.84428 -0.565762 74.5
    endloop
  endfacet
  facet normal -0.903989 0.427556 0
    outer loop
      vertex -2.67925 1.10978 69.5
      vertex -2.55757 1.36705 74.5
      vertex -2.55757 1.36705 69.5
    endloop
  endfacet
  facet normal -0.903989 0.427556 0
    outer loop
      vertex -2.55757 1.36705 74.5
      vertex -2.67925 1.10978 69.5
      vertex -2.67925 1.10978 74.5
    endloop
  endfacet
  facet normal 0 0 -1
    outer loop
      vertex 1.1 0 69.5
      vertex 2.9 0 69.5
      vertex 2.88603 -0.284249 69.5
    endloop
  endfacet
  facet normal 0 0 -1
    outer loop
      vertex 1.07886 -0.214599 69.5
      vertex 2.88603 -0.284249 69.5
      vertex 2.84428 -0.565762 69.5
    endloop
  endfacet
  facet normal 0 0 -1
    outer loop
      vertex 2.9 0 69.5
      vertex 1.1 0 69.5
      vertex 2.88603 0.284249 69.5
    endloop
  endfacet
  facet normal 0 0 -1
    outer loop
      vertex 1.07886 -0.214599 69.5
      vertex 2.84428 -0.565762 69.5
      vertex 2.77513 -0.841825 69.5
    endloop
  endfacet
  facet normal 0 0 -1
    outer loop
      vertex 1.07886 0.214599 69.5
      vertex 2.88603 0.284249 69.5
      vertex 1.1 0 69.5
    endloop
  endfacet
  facet normal 0 0 -1
    outer loop
      vertex 1.01627 -0.420951 69.5
      vertex 2.77513 -0.841825 69.5
      vertex 2.67925 -1.10978 69.5
    endloop
  endfacet
  facet normal -0 0 -1
    outer loop
      vertex 2.88603 0.284249 69.5
      vertex 1.07886 0.214599 69.5
      vertex 2.84428 0.565762 69.5
    endloop
  endfacet
  facet normal 0 0 -1
    outer loop
      vertex 1.01627 -0.420951 69.5
      vertex 2.67925 -1.10978 69.5
      vertex 2.55757 -1.36705 69.5
    endloop
  endfacet
  facet normal -0 0 -1
    outer loop
      vertex 2.84428 0.565762 69.5
      vertex 1.07886 0.214599 69.5
      vertex 2.77513 0.841825 69.5
    endloop
  endfacet
  facet normal 0 0 -1
    outer loop
      vertex 0.914616 -0.611127 69.5
      vertex 2.55757 -1.36705 69.5
      vertex 2.41126 -1.61115 69.5
    endloop
  endfacet
  facet normal 0 0 -1
    outer loop
      vertex 1.01627 0.420951 69.5
      vertex 2.77513 0.841825 69.5
      vertex 1.07886 0.214599 69.5
    endloop
  endfacet
  facet normal 0 0 -1
    outer loop
      vertex 0.914616 -0.611127 69.5
      vertex 2.41126 -1.61115 69.5
      vertex 2.24173 -1.83974 69.5
    endloop
  endfacet
  facet normal -0 0 -1
    outer loop
      vertex 2.77513 0.841825 69.5
      vertex 1.01627 0.420951 69.5
      vertex 2.67925 1.10978 69.5
    endloop
  endfacet
  facet normal 0 0 -1
    outer loop
      vertex 0.777817 -0.777817 69.5
      vertex 2.24173 -1.83974 69.5
      vertex 2.05061 -2.05061 69.5
    endloop
  endfacet
  facet normal -0 0 -1
    outer loop
      vertex 2.67925 1.10978 69.5
      vertex 1.01627 0.420951 69.5
      vertex 2.55757 1.36705 69.5
    endloop
  endfacet
  facet normal 0 0 -1
    outer loop
      vertex 0.777817 -0.777817 69.5
      vertex 2.05061 -2.05061 69.5
      vertex 1.83974 -2.24173 69.5
    endloop
  endfacet
  facet normal 0 0 -1
    outer loop
      vertex 0.914616 0.611127 69.5
      vertex 2.55757 1.36705 69.5
      vertex 1.01627 0.420951 69.5
    endloop
  endfacet
  facet normal 0 0 -1
    outer loop
      vertex 0.611127 -0.914616 69.5
      vertex 1.83974 -2.24173 69.5
      vertex 1.61115 -2.41126 69.5
    endloop
  endfacet
  facet normal -0 0 -1
    outer loop
      vertex 2.55757 1.36705 69.5
      vertex 0.914616 0.611127 69.5
      vertex 2.41126 1.61115 69.5
    endloop
  endfacet
  facet normal 0 0 -1
    outer loop
      vertex 0.611127 -0.914616 69.5
      vertex 1.61115 -2.41126 69.5
      vertex 1.36705 -2.55757 69.5
    endloop
  endfacet
  facet normal -0 0 -1
    outer loop
      vertex 2.41126 1.61115 69.5
      vertex 0.914616 0.611127 69.5
      vertex 2.24173 1.83974 69.5
    endloop
  endfacet
  facet normal 0 0 -1
    outer loop
      vertex 0.420951 -1.01627 69.5
      vertex 1.36705 -2.55757 69.5
      vertex 1.10978 -2.67925 69.5
    endloop
  endfacet
  facet normal 0 0 -1
    outer loop
      vertex 0.849999 0.689862 69.5
      vertex 2.24173 1.83974 69.5
      vertex 0.914616 0.611127 69.5
    endloop
  endfacet
  facet normal -0 0 -1
    outer loop
      vertex 2.24173 1.83974 69.5
      vertex 0.849999 0.689862 69.5
      vertex 2.05061 2.05061 69.5
    endloop
  endfacet
  facet normal 0 0 -1
    outer loop
      vertex 2.88603 -0.284249 69.5
      vertex 1.07886 -0.214599 69.5
      vertex 1.1 0 69.5
    endloop
  endfacet
  facet normal 0 0 -1
    outer loop
      vertex 2.77513 -0.841825 69.5
      vertex 1.01627 -0.420951 69.5
      vertex 1.07886 -0.214599 69.5
    endloop
  endfacet
  facet normal 0 0 -1
    outer loop
      vertex 2.55757 -1.36705 69.5
      vertex 0.914616 -0.611127 69.5
      vertex 1.01627 -0.420951 69.5
    endloop
  endfacet
  facet normal 0 0 -1
    outer loop
      vertex 0.420951 -1.01627 69.5
      vertex 1.10978 -2.67925 69.5
      vertex 0.841825 -2.77513 69.5
    endloop
  endfacet
  facet normal 0 0 -1
    outer loop
      vertex 2.24173 -1.83974 69.5
      vertex 0.777817 -0.777817 69.5
      vertex 0.914616 -0.611127 69.5
    endloop
  endfacet
  facet normal 0 0 -1
    outer loop
      vertex 1.83974 -2.24173 69.5
      vertex 0.611127 -0.914616 69.5
      vertex 0.777817 -0.777817 69.5
    endloop
  endfacet
  facet normal 0 0 -1
    outer loop
      vertex 0.214599 -1.07886 69.5
      vertex 0.841825 -2.77513 69.5
      vertex 0.565762 -2.84428 69.5
    endloop
  endfacet
  facet normal 0 0 -1
    outer loop
      vertex 1.36705 -2.55757 69.5
      vertex 0.420951 -1.01627 69.5
      vertex 0.611127 -0.914616 69.5
    endloop
  endfacet
  facet normal 0 0 -1
    outer loop
      vertex 0.214599 -1.07886 69.5
      vertex 0.565762 -2.84428 69.5
      vertex 0.284249 -2.88603 69.5
    endloop
  endfacet
  facet normal 0 0 -1
    outer loop
      vertex 0.841825 -2.77513 69.5
      vertex 0.214599 -1.07886 69.5
      vertex 0.420951 -1.01627 69.5
    endloop
  endfacet
  facet normal 0 0 -1
    outer loop
      vertex 0 -1.1 69.5
      vertex 0.284249 -2.88603 69.5
      vertex 0 -2.9 69.5
    endloop
  endfacet
  facet normal 0 0 -1
    outer loop
      vertex 0.284249 -2.88603 69.5
      vertex 0 -1.1 69.5
      vertex 0.214599 -1.07886 69.5
    endloop
  endfacet
  facet normal 0 0 -1
    outer loop
      vertex -0.284249 -2.88603 69.5
      vertex 0 -1.1 69.5
      vertex 0 -2.9 69.5
    endloop
  endfacet
  facet normal -0 0 -1
    outer loop
      vertex 0 -1.1 69.5
      vertex -0.284249 -2.88603 69.5
      vertex -0.214599 -1.07886 69.5
    endloop
  endfacet
  facet normal 0 0 -1
    outer loop
      vertex -0.565762 -2.84428 69.5
      vertex -0.214599 -1.07886 69.5
      vertex -0.284249 -2.88603 69.5
    endloop
  endfacet
  facet normal 0 0 -1
    outer loop
      vertex -0.841825 -2.77513 69.5
      vertex -0.214599 -1.07886 69.5
      vertex -0.565762 -2.84428 69.5
    endloop
  endfacet
  facet normal -0 0 -1
    outer loop
      vertex -0.214599 -1.07886 69.5
      vertex -0.841825 -2.77513 69.5
      vertex -0.420951 -1.01627 69.5
    endloop
  endfacet
  facet normal 0 0 -1
    outer loop
      vertex -1.10978 -2.67925 69.5
      vertex -0.420951 -1.01627 69.5
      vertex -0.841825 -2.77513 69.5
    endloop
  endfacet
  facet normal 0 0 -1
    outer loop
      vertex -1.36705 -2.55757 69.5
      vertex -0.420951 -1.01627 69.5
      vertex -1.10978 -2.67925 69.5
    endloop
  endfacet
  facet normal -0 0 -1
    outer loop
      vertex -0.420951 -1.01627 69.5
      vertex -1.36705 -2.55757 69.5
      vertex -0.611127 -0.914616 69.5
    endloop
  endfacet
  facet normal 0 0 -1
    outer loop
      vertex -1.61115 -2.41126 69.5
      vertex -0.611127 -0.914616 69.5
      vertex -1.36705 -2.55757 69.5
    endloop
  endfacet
  facet normal 0 0 -1
    outer loop
      vertex -1.83974 -2.24173 69.5
      vertex -0.611127 -0.914616 69.5
      vertex -1.61115 -2.41126 69.5
    endloop
  endfacet
  facet normal -0 0 -1
    outer loop
      vertex -0.611127 -0.914616 69.5
      vertex -1.83974 -2.24173 69.5
      vertex -0.777817 -0.777817 69.5
    endloop
  endfacet
  facet normal 0 0 -1
    outer loop
      vertex -2.05061 -2.05061 69.5
      vertex -0.777817 -0.777817 69.5
      vertex -1.83974 -2.24173 69.5
    endloop
  endfacet
  facet normal -0 0 -1
    outer loop
      vertex 2.05061 2.05061 69.5
      vertex 0.849999 0.689862 69.5
      vertex 1.83974 2.24173 69.5
    endloop
  endfacet
  facet normal -0 0 -1
    outer loop
      vertex 1.83974 2.24173 69.5
      vertex 0.849999 0.689862 69.5
      vertex 1.61115 2.41126 69.5
    endloop
  endfacet
  facet normal -0 0 -1
    outer loop
      vertex 1.61115 2.41126 69.5
      vertex 0.849999 0.689862 69.5
      vertex 1.36705 2.55757 69.5
    endloop
  endfacet
  facet normal -0 0 -1
    outer loop
      vertex 1.36705 2.55757 69.5
      vertex 0.849999 0.689862 69.5
      vertex 1.10978 2.67925 69.5
    endloop
  endfacet
  facet normal -0 0 -1
    outer loop
      vertex 1.10978 2.67925 69.5
      vertex 0.849999 0.689862 69.5
      vertex 0.849999 2.7722 69.5
    endloop
  endfacet
  facet normal 0 0 -1
    outer loop
      vertex -2.24173 1.83974 69.5
      vertex -0.849999 0.689862 69.5
      vertex -0.914616 0.611127 69.5
    endloop
  endfacet
  facet normal 0 0 -1
    outer loop
      vertex -2.55757 1.36705 69.5
      vertex -0.914616 0.611127 69.5
      vertex -1.01627 0.420951 69.5
    endloop
  endfacet
  facet normal 0 0 -1
    outer loop
      vertex -2.77513 0.841825 69.5
      vertex -1.01627 0.420951 69.5
      vertex -1.07886 0.214599 69.5
    endloop
  endfacet
  facet normal 0 0 -1
    outer loop
      vertex -2.88603 0.284249 69.5
      vertex -1.07886 0.214599 69.5
      vertex -1.1 0 69.5
    endloop
  endfacet
  facet normal 0 0 -1
    outer loop
      vertex -0.849999 0.689862 69.5
      vertex -1.10978 2.67925 69.5
      vertex -0.849999 2.7722 69.5
    endloop
  endfacet
  facet normal 0 0 -1
    outer loop
      vertex -2.24173 -1.83974 69.5
      vertex -0.777817 -0.777817 69.5
      vertex -2.05061 -2.05061 69.5
    endloop
  endfacet
  facet normal -0 0 -1
    outer loop
      vertex -0.777817 -0.777817 69.5
      vertex -2.24173 -1.83974 69.5
      vertex -0.914616 -0.611127 69.5
    endloop
  endfacet
  facet normal 0 0 -1
    outer loop
      vertex -0.849999 0.689862 69.5
      vertex -1.36705 2.55757 69.5
      vertex -1.10978 2.67925 69.5
    endloop
  endfacet
  facet normal 0 0 -1
    outer loop
      vertex -2.41126 -1.61115 69.5
      vertex -0.914616 -0.611127 69.5
      vertex -2.24173 -1.83974 69.5
    endloop
  endfacet
  facet normal 0 0 -1
    outer loop
      vertex -0.849999 0.689862 69.5
      vertex -1.61115 2.41126 69.5
      vertex -1.36705 2.55757 69.5
    endloop
  endfacet
  facet normal 0 0 -1
    outer loop
      vertex -2.55757 -1.36705 69.5
      vertex -0.914616 -0.611127 69.5
      vertex -2.41126 -1.61115 69.5
    endloop
  endfacet
  facet normal 0 0 -1
    outer loop
      vertex -0.849999 0.689862 69.5
      vertex -1.83974 2.24173 69.5
      vertex -1.61115 2.41126 69.5
    endloop
  endfacet
  facet normal -0 0 -1
    outer loop
      vertex -0.914616 -0.611127 69.5
      vertex -2.55757 -1.36705 69.5
      vertex -1.01627 -0.420951 69.5
    endloop
  endfacet
  facet normal 0 0 -1
    outer loop
      vertex -0.849999 0.689862 69.5
      vertex -2.05061 2.05061 69.5
      vertex -1.83974 2.24173 69.5
    endloop
  endfacet
  facet normal 0 0 -1
    outer loop
      vertex -2.67925 -1.10978 69.5
      vertex -1.01627 -0.420951 69.5
      vertex -2.55757 -1.36705 69.5
    endloop
  endfacet
  facet normal 0 0 -1
    outer loop
      vertex -0.849999 0.689862 69.5
      vertex -2.24173 1.83974 69.5
      vertex -2.05061 2.05061 69.5
    endloop
  endfacet
  facet normal 0 0 -1
    outer loop
      vertex -2.77513 -0.841825 69.5
      vertex -1.01627 -0.420951 69.5
      vertex -2.67925 -1.10978 69.5
    endloop
  endfacet
  facet normal 0 0 -1
    outer loop
      vertex -0.914616 0.611127 69.5
      vertex -2.41126 1.61115 69.5
      vertex -2.24173 1.83974 69.5
    endloop
  endfacet
  facet normal -0 0 -1
    outer loop
      vertex -1.01627 -0.420951 69.5
      vertex -2.77513 -0.841825 69.5
      vertex -1.07886 -0.214599 69.5
    endloop
  endfacet
  facet normal 0 0 -1
    outer loop
      vertex -0.914616 0.611127 69.5
      vertex -2.55757 1.36705 69.5
      vertex -2.41126 1.61115 69.5
    endloop
  endfacet
  facet normal 0 0 -1
    outer loop
      vertex -2.84428 -0.565762 69.5
      vertex -1.07886 -0.214599 69.5
      vertex -2.77513 -0.841825 69.5
    endloop
  endfacet
  facet normal 0 0 -1
    outer loop
      vertex -1.01627 0.420951 69.5
      vertex -2.67925 1.10978 69.5
      vertex -2.55757 1.36705 69.5
    endloop
  endfacet
  facet normal 0 0 -1
    outer loop
      vertex -2.88603 -0.284249 69.5
      vertex -1.07886 -0.214599 69.5
      vertex -2.84428 -0.565762 69.5
    endloop
  endfacet
  facet normal 0 0 -1
    outer loop
      vertex -1.01627 0.420951 69.5
      vertex -2.77513 0.841825 69.5
      vertex -2.67925 1.10978 69.5
    endloop
  endfacet
  facet normal -0 0 -1
    outer loop
      vertex -1.07886 -0.214599 69.5
      vertex -2.88603 -0.284249 69.5
      vertex -1.1 0 69.5
    endloop
  endfacet
  facet normal 0 0 -1
    outer loop
      vertex -1.07886 0.214599 69.5
      vertex -2.84428 0.565762 69.5
      vertex -2.77513 0.841825 69.5
    endloop
  endfacet
  facet normal 0 0 -1
    outer loop
      vertex -2.9 0 69.5
      vertex -1.1 0 69.5
      vertex -2.88603 -0.284249 69.5
    endloop
  endfacet
  facet normal 0 0 -1
    outer loop
      vertex -1.07886 0.214599 69.5
      vertex -2.88603 0.284249 69.5
      vertex -2.84428 0.565762 69.5
    endloop
  endfacet
  facet normal 0 0 -1
    outer loop
      vertex -1.1 0 69.5
      vertex -2.9 0 69.5
      vertex -2.88603 0.284249 69.5
    endloop
  endfacet
  facet normal -0.671556 -0.740954 0
    outer loop
      vertex -2.05061 -2.05061 69.5
      vertex -1.83974 -2.24173 74.5
      vertex -2.05061 -2.05061 74.5
    endloop
  endfacet
  facet normal -0.671556 -0.740954 -0
    outer loop
      vertex -1.83974 -2.24173 74.5
      vertex -2.05061 -2.05061 69.5
      vertex -1.83974 -2.24173 69.5
    endloop
  endfacet
  facet normal -0.803214 0.59569 0
    outer loop
      vertex -2.41126 1.61115 69.5
      vertex -2.24173 1.83974 74.5
      vertex -2.24173 1.83974 69.5
    endloop
  endfacet
  facet normal -0.803214 0.59569 0
    outer loop
      vertex -2.24173 1.83974 74.5
      vertex -2.41126 1.61115 69.5
      vertex -2.41126 1.61115 74.5
    endloop
  endfacet
  facet normal -0.0490878 -0.998794 0
    outer loop
      vertex -0.284249 -2.88603 69.5
      vertex 0 -2.9 74.5
      vertex -0.284249 -2.88603 74.5
    endloop
  endfacet
  facet normal -0.0490878 -0.998794 -0
    outer loop
      vertex 0 -2.9 74.5
      vertex -0.284249 -2.88603 69.5
      vertex 0 -2.9 69.5
    endloop
  endfacet
  facet normal -0.146701 -0.989181 0
    outer loop
      vertex -0.565762 -2.84428 69.5
      vertex -0.284249 -2.88603 74.5
      vertex -0.565762 -2.84428 74.5
    endloop
  endfacet
  facet normal -0.146701 -0.989181 -0
    outer loop
      vertex -0.284249 -2.88603 74.5
      vertex -0.565762 -2.84428 69.5
      vertex -0.284249 -2.88603 69.5
    endloop
  endfacet
  facet normal -0.989181 0.146701 0
    outer loop
      vertex -2.88603 0.284249 69.5
      vertex -2.84428 0.565762 74.5
      vertex -2.84428 0.565762 69.5
    endloop
  endfacet
  facet normal -0.989181 0.146701 0
    outer loop
      vertex -2.84428 0.565762 74.5
      vertex -2.88603 0.284249 69.5
      vertex -2.88603 0.284249 74.5
    endloop
  endfacet
  facet normal -0.998794 0.0490878 0
    outer loop
      vertex -2.9 0 69.5
      vertex -2.88603 0.284249 74.5
      vertex -2.88603 0.284249 69.5
    endloop
  endfacet
  facet normal -0.998794 0.0490878 0
    outer loop
      vertex -2.88603 0.284249 74.5
      vertex -2.9 0 69.5
      vertex -2.9 0 74.5
    endloop
  endfacet
  facet normal -0.336903 -0.941539 0
    outer loop
      vertex -1.10978 -2.67925 69.5
      vertex -0.841825 -2.77513 74.5
      vertex -1.10978 -2.67925 74.5
    endloop
  endfacet
  facet normal -0.336903 -0.941539 -0
    outer loop
      vertex -0.841825 -2.77513 74.5
      vertex -1.10978 -2.67925 69.5
      vertex -0.841825 -2.77513 69.5
    endloop
  endfacet
  facet normal 0.671662 -0.740857 0
    outer loop
      vertex 1.83974 -2.24173 69.5
      vertex 1.85398 -2.22882 70.7312
      vertex 1.83974 -2.24173 70.7504
    endloop
  endfacet
  facet normal 0.671543 -0.740965 2.50978e-06
    outer loop
      vertex 1.83974 -2.24173 69.5
      vertex 1.98579 -2.10936 70.5858
      vertex 1.85398 -2.22882 70.7312
    endloop
  endfacet
  facet normal 0.671561 -0.740949 -1.9868e-06
    outer loop
      vertex 1.83974 -2.24173 69.5
      vertex 2.05061 -2.05061 70.521
      vertex 1.98579 -2.10936 70.5858
    endloop
  endfacet
  facet normal 0.671556 -0.740954 0
    outer loop
      vertex 2.05061 -2.05061 70.521
      vertex 1.83974 -2.24173 69.5
      vertex 2.05061 -2.05061 69.5
    endloop
  endfacet
  facet normal 0.671556 -0.740954 0
    outer loop
      vertex 1.83974 -2.24173 74.5
      vertex 2.05061 -2.05061 73.473
      vertex 2.05061 -2.05061 74.5
    endloop
  endfacet
  facet normal 0.671562 -0.740949 2.00885e-06
    outer loop
      vertex 1.83974 -2.24173 74.5
      vertex 1.98579 -2.10936 73.4142
      vertex 2.05061 -2.05061 73.473
    endloop
  endfacet
  facet normal 0.671543 -0.740965 -2.50978e-06
    outer loop
      vertex 1.83974 -2.24173 74.5
      vertex 1.85398 -2.22882 73.2688
      vertex 1.98579 -2.10936 73.4142
    endloop
  endfacet
  facet normal 0.671662 -0.740857 0
    outer loop
      vertex 1.85398 -2.22882 73.2688
      vertex 1.83974 -2.24173 74.5
      vertex 1.83974 -2.24173 73.2496
    endloop
  endfacet
  facet normal -0 0 1
    outer loop
      vertex -1.10978 2.67925 74.5
      vertex -0.849999 0.689862 74.5
      vertex -0.849999 2.7722 74.5
    endloop
  endfacet
  facet normal -0 0 1
    outer loop
      vertex -1.36705 2.55757 74.5
      vertex -0.849999 0.689862 74.5
      vertex -1.10978 2.67925 74.5
    endloop
  endfacet
  facet normal -0 0 1
    outer loop
      vertex -1.61115 2.41126 74.5
      vertex -0.849999 0.689862 74.5
      vertex -1.36705 2.55757 74.5
    endloop
  endfacet
  facet normal -0 0 1
    outer loop
      vertex -1.83974 2.24173 74.5
      vertex -0.849999 0.689862 74.5
      vertex -1.61115 2.41126 74.5
    endloop
  endfacet
  facet normal -0 0 1
    outer loop
      vertex -2.05061 2.05061 74.5
      vertex -0.849999 0.689862 74.5
      vertex -1.83974 2.24173 74.5
    endloop
  endfacet
  facet normal 0 0 1
    outer loop
      vertex 1.1 0 74.5
      vertex 2.9 0 74.5
      vertex 2.88603 0.284249 74.5
    endloop
  endfacet
  facet normal 0 0 1
    outer loop
      vertex 1.07886 0.214599 74.5
      vertex 2.88603 0.284249 74.5
      vertex 2.84428 0.565762 74.5
    endloop
  endfacet
  facet normal 0 0 1
    outer loop
      vertex 2.9 0 74.5
      vertex 1.1 0 74.5
      vertex 2.88603 -0.284249 74.5
    endloop
  endfacet
  facet normal 0 0 1
    outer loop
      vertex 1.07886 0.214599 74.5
      vertex 2.84428 0.565762 74.5
      vertex 2.77513 0.841825 74.5
    endloop
  endfacet
  facet normal -0 0 1
    outer loop
      vertex 1.07886 -0.214599 74.5
      vertex 2.88603 -0.284249 74.5
      vertex 1.1 0 74.5
    endloop
  endfacet
  facet normal 0 0 1
    outer loop
      vertex 1.01627 0.420951 74.5
      vertex 2.77513 0.841825 74.5
      vertex 2.67925 1.10978 74.5
    endloop
  endfacet
  facet normal 0 0 1
    outer loop
      vertex 2.88603 -0.284249 74.5
      vertex 1.07886 -0.214599 74.5
      vertex 2.84428 -0.565762 74.5
    endloop
  endfacet
  facet normal 0 0 1
    outer loop
      vertex 1.01627 0.420951 74.5
      vertex 2.67925 1.10978 74.5
      vertex 2.55757 1.36705 74.5
    endloop
  endfacet
  facet normal 0 0 1
    outer loop
      vertex 2.84428 -0.565762 74.5
      vertex 1.07886 -0.214599 74.5
      vertex 2.77513 -0.841825 74.5
    endloop
  endfacet
  facet normal 0 0 1
    outer loop
      vertex 0.914616 0.611127 74.5
      vertex 2.55757 1.36705 74.5
      vertex 2.41126 1.61115 74.5
    endloop
  endfacet
  facet normal -0 0 1
    outer loop
      vertex 1.01627 -0.420951 74.5
      vertex 2.77513 -0.841825 74.5
      vertex 1.07886 -0.214599 74.5
    endloop
  endfacet
  facet normal 0 0 1
    outer loop
      vertex 0.914616 0.611127 74.5
      vertex 2.41126 1.61115 74.5
      vertex 2.24173 1.83974 74.5
    endloop
  endfacet
  facet normal 0 0 1
    outer loop
      vertex 2.77513 -0.841825 74.5
      vertex 1.01627 -0.420951 74.5
      vertex 2.67925 -1.10978 74.5
    endloop
  endfacet
  facet normal 0 0 1
    outer loop
      vertex 0.849999 0.689862 74.5
      vertex 2.24173 1.83974 74.5
      vertex 2.05061 2.05061 74.5
    endloop
  endfacet
  facet normal 0 0 1
    outer loop
      vertex 2.67925 -1.10978 74.5
      vertex 1.01627 -0.420951 74.5
      vertex 2.55757 -1.36705 74.5
    endloop
  endfacet
  facet normal 0 0 1
    outer loop
      vertex 0.849999 0.689862 74.5
      vertex 2.05061 2.05061 74.5
      vertex 1.83974 2.24173 74.5
    endloop
  endfacet
  facet normal -0 0 1
    outer loop
      vertex 0.914616 -0.611127 74.5
      vertex 2.55757 -1.36705 74.5
      vertex 1.01627 -0.420951 74.5
    endloop
  endfacet
  facet normal 0 0 1
    outer loop
      vertex 0.849999 0.689862 74.5
      vertex 1.83974 2.24173 74.5
      vertex 1.61115 2.41126 74.5
    endloop
  endfacet
  facet normal 0 0 1
    outer loop
      vertex 2.55757 -1.36705 74.5
      vertex 0.914616 -0.611127 74.5
      vertex 2.41126 -1.61115 74.5
    endloop
  endfacet
  facet normal 0 0 1
    outer loop
      vertex 0.849999 0.689862 74.5
      vertex 1.61115 2.41126 74.5
      vertex 1.36705 2.55757 74.5
    endloop
  endfacet
  facet normal 0 0 1
    outer loop
      vertex 2.41126 -1.61115 74.5
      vertex 0.914616 -0.611127 74.5
      vertex 2.24173 -1.83974 74.5
    endloop
  endfacet
  facet normal 0 0 1
    outer loop
      vertex 0.849999 0.689862 74.5
      vertex 1.36705 2.55757 74.5
      vertex 1.10978 2.67925 74.5
    endloop
  endfacet
  facet normal -0 0 1
    outer loop
      vertex 0.777817 -0.777817 74.5
      vertex 2.24173 -1.83974 74.5
      vertex 0.914616 -0.611127 74.5
    endloop
  endfacet
  facet normal 0 0 1
    outer loop
      vertex 2.24173 -1.83974 74.5
      vertex 0.777817 -0.777817 74.5
      vertex 2.05061 -2.05061 74.5
    endloop
  endfacet
  facet normal 0 0 1
    outer loop
      vertex 2.88603 0.284249 74.5
      vertex 1.07886 0.214599 74.5
      vertex 1.1 0 74.5
    endloop
  endfacet
  facet normal 0 0 1
    outer loop
      vertex 2.77513 0.841825 74.5
      vertex 1.01627 0.420951 74.5
      vertex 1.07886 0.214599 74.5
    endloop
  endfacet
  facet normal 0 0 1
    outer loop
      vertex 2.55757 1.36705 74.5
      vertex 0.914616 0.611127 74.5
      vertex 1.01627 0.420951 74.5
    endloop
  endfacet
  facet normal 0 0 1
    outer loop
      vertex 0.849999 0.689862 74.5
      vertex 1.10978 2.67925 74.5
      vertex 0.849999 2.7722 74.5
    endloop
  endfacet
  facet normal 0 0 1
    outer loop
      vertex 2.24173 1.83974 74.5
      vertex 0.849999 0.689862 74.5
      vertex 0.914616 0.611127 74.5
    endloop
  endfacet
  facet normal 0 0 1
    outer loop
      vertex 2.05061 -2.05061 74.5
      vertex 0.777817 -0.777817 74.5
      vertex 1.83974 -2.24173 74.5
    endloop
  endfacet
  facet normal -0 0 1
    outer loop
      vertex 0.611127 -0.914616 74.5
      vertex 1.83974 -2.24173 74.5
      vertex 0.777817 -0.777817 74.5
    endloop
  endfacet
  facet normal 0 0 1
    outer loop
      vertex 1.83974 -2.24173 74.5
      vertex 0.611127 -0.914616 74.5
      vertex 1.61115 -2.41126 74.5
    endloop
  endfacet
  facet normal 0 0 1
    outer loop
      vertex 1.61115 -2.41126 74.5
      vertex 0.611127 -0.914616 74.5
      vertex 1.36705 -2.55757 74.5
    endloop
  endfacet
  facet normal -0 0 1
    outer loop
      vertex 0.420951 -1.01627 74.5
      vertex 1.36705 -2.55757 74.5
      vertex 0.611127 -0.914616 74.5
    endloop
  endfacet
  facet normal 0 0 1
    outer loop
      vertex 1.36705 -2.55757 74.5
      vertex 0.420951 -1.01627 74.5
      vertex 1.10978 -2.67925 74.5
    endloop
  endfacet
  facet normal 0 0 1
    outer loop
      vertex 1.10978 -2.67925 74.5
      vertex 0.420951 -1.01627 74.5
      vertex 0.841825 -2.77513 74.5
    endloop
  endfacet
  facet normal -0 0 1
    outer loop
      vertex 0.214599 -1.07886 74.5
      vertex 0.841825 -2.77513 74.5
      vertex 0.420951 -1.01627 74.5
    endloop
  endfacet
  facet normal 0 0 1
    outer loop
      vertex 0.841825 -2.77513 74.5
      vertex 0.214599 -1.07886 74.5
      vertex 0.565762 -2.84428 74.5
    endloop
  endfacet
  facet normal 0 0 1
    outer loop
      vertex 0.565762 -2.84428 74.5
      vertex 0.214599 -1.07886 74.5
      vertex 0.284249 -2.88603 74.5
    endloop
  endfacet
  facet normal -0 0 1
    outer loop
      vertex 0 -1.1 74.5
      vertex 0.284249 -2.88603 74.5
      vertex 0.214599 -1.07886 74.5
    endloop
  endfacet
  facet normal 0 0 1
    outer loop
      vertex 0 -1.1 74.5
      vertex 0 -2.9 74.5
      vertex 0.284249 -2.88603 74.5
    endloop
  endfacet
  facet normal 0 0 1
    outer loop
      vertex -0.284249 -2.88603 74.5
      vertex 0 -1.1 74.5
      vertex -0.214599 -1.07886 74.5
    endloop
  endfacet
  facet normal 0 0 1
    outer loop
      vertex 0 -1.1 74.5
      vertex -0.284249 -2.88603 74.5
      vertex 0 -2.9 74.5
    endloop
  endfacet
  facet normal 0 0 1
    outer loop
      vertex -0.841825 -2.77513 74.5
      vertex -0.214599 -1.07886 74.5
      vertex -0.420951 -1.01627 74.5
    endloop
  endfacet
  facet normal 0 0 1
    outer loop
      vertex -0.214599 -1.07886 74.5
      vertex -0.565762 -2.84428 74.5
      vertex -0.284249 -2.88603 74.5
    endloop
  endfacet
  facet normal 0 0 1
    outer loop
      vertex -1.36705 -2.55757 74.5
      vertex -0.420951 -1.01627 74.5
      vertex -0.611127 -0.914616 74.5
    endloop
  endfacet
  facet normal 0 0 1
    outer loop
      vertex -1.83974 -2.24173 74.5
      vertex -0.611127 -0.914616 74.5
      vertex -0.777817 -0.777817 74.5
    endloop
  endfacet
  facet normal 0 0 1
    outer loop
      vertex -0.214599 -1.07886 74.5
      vertex -0.841825 -2.77513 74.5
      vertex -0.565762 -2.84428 74.5
    endloop
  endfacet
  facet normal 0 0 1
    outer loop
      vertex -2.24173 -1.83974 74.5
      vertex -0.777817 -0.777817 74.5
      vertex -0.914616 -0.611127 74.5
    endloop
  endfacet
  facet normal 0 0 1
    outer loop
      vertex -2.55757 -1.36705 74.5
      vertex -0.914616 -0.611127 74.5
      vertex -1.01627 -0.420951 74.5
    endloop
  endfacet
  facet normal 0 0 1
    outer loop
      vertex -2.77513 -0.841825 74.5
      vertex -1.01627 -0.420951 74.5
      vertex -1.07886 -0.214599 74.5
    endloop
  endfacet
  facet normal 0 0 1
    outer loop
      vertex -2.88603 -0.284249 74.5
      vertex -1.07886 -0.214599 74.5
      vertex -1.1 0 74.5
    endloop
  endfacet
  facet normal 0 0 1
    outer loop
      vertex -0.420951 -1.01627 74.5
      vertex -1.10978 -2.67925 74.5
      vertex -0.841825 -2.77513 74.5
    endloop
  endfacet
  facet normal -0 0 1
    outer loop
      vertex -2.24173 1.83974 74.5
      vertex -0.849999 0.689862 74.5
      vertex -2.05061 2.05061 74.5
    endloop
  endfacet
  facet normal 0 0 1
    outer loop
      vertex -0.849999 0.689862 74.5
      vertex -2.24173 1.83974 74.5
      vertex -0.914616 0.611127 74.5
    endloop
  endfacet
  facet normal 0 0 1
    outer loop
      vertex -0.420951 -1.01627 74.5
      vertex -1.36705 -2.55757 74.5
      vertex -1.10978 -2.67925 74.5
    endloop
  endfacet
  facet normal -0 0 1
    outer loop
      vertex -2.41126 1.61115 74.5
      vertex -0.914616 0.611127 74.5
      vertex -2.24173 1.83974 74.5
    endloop
  endfacet
  facet normal 0 0 1
    outer loop
      vertex -0.611127 -0.914616 74.5
      vertex -1.61115 -2.41126 74.5
      vertex -1.36705 -2.55757 74.5
    endloop
  endfacet
  facet normal -0 0 1
    outer loop
      vertex -2.55757 1.36705 74.5
      vertex -0.914616 0.611127 74.5
      vertex -2.41126 1.61115 74.5
    endloop
  endfacet
  facet normal 0 0 1
    outer loop
      vertex -0.611127 -0.914616 74.5
      vertex -1.83974 -2.24173 74.5
      vertex -1.61115 -2.41126 74.5
    endloop
  endfacet
  facet normal 0 0 1
    outer loop
      vertex -0.914616 0.611127 74.5
      vertex -2.55757 1.36705 74.5
      vertex -1.01627 0.420951 74.5
    endloop
  endfacet
  facet normal 0 0 1
    outer loop
      vertex -0.777817 -0.777817 74.5
      vertex -2.05061 -2.05061 74.5
      vertex -1.83974 -2.24173 74.5
    endloop
  endfacet
  facet normal -0 0 1
    outer loop
      vertex -2.67925 1.10978 74.5
      vertex -1.01627 0.420951 74.5
      vertex -2.55757 1.36705 74.5
    endloop
  endfacet
  facet normal 0 0 1
    outer loop
      vertex -0.777817 -0.777817 74.5
      vertex -2.24173 -1.83974 74.5
      vertex -2.05061 -2.05061 74.5
    endloop
  endfacet
  facet normal -0 0 1
    outer loop
      vertex -2.77513 0.841825 74.5
      vertex -1.01627 0.420951 74.5
      vertex -2.67925 1.10978 74.5
    endloop
  endfacet
  facet normal 0 0 1
    outer loop
      vertex -0.914616 -0.611127 74.5
      vertex -2.41126 -1.61115 74.5
      vertex -2.24173 -1.83974 74.5
    endloop
  endfacet
  facet normal 0 0 1
    outer loop
      vertex -1.01627 0.420951 74.5
      vertex -2.77513 0.841825 74.5
      vertex -1.07886 0.214599 74.5
    endloop
  endfacet
  facet normal 0 0 1
    outer loop
      vertex -0.914616 -0.611127 74.5
      vertex -2.55757 -1.36705 74.5
      vertex -2.41126 -1.61115 74.5
    endloop
  endfacet
  facet normal -0 0 1
    outer loop
      vertex -2.84428 0.565762 74.5
      vertex -1.07886 0.214599 74.5
      vertex -2.77513 0.841825 74.5
    endloop
  endfacet
  facet normal 0 0 1
    outer loop
      vertex -1.01627 -0.420951 74.5
      vertex -2.67925 -1.10978 74.5
      vertex -2.55757 -1.36705 74.5
    endloop
  endfacet
  facet normal -0 0 1
    outer loop
      vertex -2.88603 0.284249 74.5
      vertex -1.07886 0.214599 74.5
      vertex -2.84428 0.565762 74.5
    endloop
  endfacet
  facet normal 0 0 1
    outer loop
      vertex -1.01627 -0.420951 74.5
      vertex -2.77513 -0.841825 74.5
      vertex -2.67925 -1.10978 74.5
    endloop
  endfacet
  facet normal 0 0 1
    outer loop
      vertex -1.07886 0.214599 74.5
      vertex -2.88603 0.284249 74.5
      vertex -1.1 0 74.5
    endloop
  endfacet
  facet normal 0 0 1
    outer loop
      vertex -1.07886 -0.214599 74.5
      vertex -2.84428 -0.565762 74.5
      vertex -2.77513 -0.841825 74.5
    endloop
  endfacet
  facet normal 0 0 1
    outer loop
      vertex -2.9 0 74.5
      vertex -1.1 0 74.5
      vertex -2.88603 0.284249 74.5
    endloop
  endfacet
  facet normal 0 0 1
    outer loop
      vertex -1.07886 -0.214599 74.5
      vertex -2.88603 -0.284249 74.5
      vertex -2.84428 -0.565762 74.5
    endloop
  endfacet
  facet normal 0 0 1
    outer loop
      vertex -1.1 0 74.5
      vertex -2.9 0 74.5
      vertex -2.88603 -0.284249 74.5
    endloop
  endfacet
  facet normal 0.471407 0.881916 -0
    outer loop
      vertex -0.420951 -1.01627 69.5
      vertex -0.611127 -0.914616 74.5
      vertex -0.420951 -1.01627 74.5
    endloop
  endfacet
  facet normal 0.471407 0.881916 0
    outer loop
      vertex -0.611127 -0.914616 74.5
      vertex -0.420951 -1.01627 69.5
      vertex -0.611127 -0.914616 69.5
    endloop
  endfacet
  facet normal -0.0980348 0.995183 0
    outer loop
      vertex 0.214599 -1.07886 69.5
      vertex 0 -1.1 74.5
      vertex 0.214599 -1.07886 74.5
    endloop
  endfacet
  facet normal -0.0980348 0.995183 0
    outer loop
      vertex 0 -1.1 74.5
      vertex 0.214599 -1.07886 69.5
      vertex 0 -1.1 69.5
    endloop
  endfacet
  facet normal -0.956948 -0.290258 0
    outer loop
      vertex 1.07886 0.214599 69.5
      vertex 1.01627 0.420951 74.5
      vertex 1.01627 0.420951 69.5
    endloop
  endfacet
  facet normal -0.956948 -0.290258 0
    outer loop
      vertex 1.01627 0.420951 74.5
      vertex 1.07886 0.214599 69.5
      vertex 1.07886 0.214599 74.5
    endloop
  endfacet
  facet normal -0.995183 -0.0980348 0
    outer loop
      vertex 1.1 0 69.5
      vertex 1.07886 0.214599 74.5
      vertex 1.07886 0.214599 69.5
    endloop
  endfacet
  facet normal -0.995183 -0.0980348 0
    outer loop
      vertex 1.07886 0.214599 74.5
      vertex 1.1 0 69.5
      vertex 1.1 0 74.5
    endloop
  endfacet
  facet normal -0.881916 -0.471407 0
    outer loop
      vertex 1.01627 0.420951 69.5
      vertex 0.914616 0.611127 74.5
      vertex 0.914616 0.611127 69.5
    endloop
  endfacet
  facet normal -0.881916 -0.471407 0
    outer loop
      vertex 0.914616 0.611127 74.5
      vertex 1.01627 0.420951 69.5
      vertex 1.01627 0.420951 74.5
    endloop
  endfacet
  facet normal 0.956948 0.290258 0
    outer loop
      vertex -1.01627 -0.420951 74.5
      vertex -1.07886 -0.214599 69.5
      vertex -1.07886 -0.214599 74.5
    endloop
  endfacet
  facet normal 0.956948 0.290258 0
    outer loop
      vertex -1.07886 -0.214599 69.5
      vertex -1.01627 -0.420951 74.5
      vertex -1.01627 -0.420951 69.5
    endloop
  endfacet
  facet normal -0.471407 0.881916 0
    outer loop
      vertex 0.611127 -0.914616 69.5
      vertex 0.420951 -1.01627 74.5
      vertex 0.611127 -0.914616 74.5
    endloop
  endfacet
  facet normal -0.471407 0.881916 0
    outer loop
      vertex 0.420951 -1.01627 74.5
      vertex 0.611127 -0.914616 69.5
      vertex 0.420951 -1.01627 69.5
    endloop
  endfacet
  facet normal -0.773006 -0.634398 0
    outer loop
      vertex 0.914616 0.611127 69.5
      vertex 0.849999 0.689862 74.5
      vertex 0.849999 0.689862 69.5
    endloop
  endfacet
  facet normal -0.773006 -0.634398 0
    outer loop
      vertex 0.849999 0.689862 74.5
      vertex 0.914616 0.611127 69.5
      vertex 0.914616 0.611127 74.5
    endloop
  endfacet
  facet normal 0.881916 0.471407 0
    outer loop
      vertex -0.914616 -0.611127 74.5
      vertex -1.01627 -0.420951 69.5
      vertex -1.01627 -0.420951 74.5
    endloop
  endfacet
  facet normal 0.881916 0.471407 0
    outer loop
      vertex -1.01627 -0.420951 69.5
      vertex -0.914616 -0.611127 74.5
      vertex -0.914616 -0.611127 69.5
    endloop
  endfacet
  facet normal -0.290258 0.956948 0
    outer loop
      vertex 0.420951 -1.01627 69.5
      vertex 0.214599 -1.07886 74.5
      vertex 0.420951 -1.01627 74.5
    endloop
  endfacet
  facet normal -0.290258 0.956948 0
    outer loop
      vertex 0.214599 -1.07886 74.5
      vertex 0.420951 -1.01627 69.5
      vertex 0.214599 -1.07886 69.5
    endloop
  endfacet
  facet normal 0.995183 -0.0980348 0
    outer loop
      vertex -1.1 0 74.5
      vertex -1.07886 0.214599 69.5
      vertex -1.07886 0.214599 74.5
    endloop
  endfacet
  facet normal 0.995183 -0.0980348 0
    outer loop
      vertex -1.07886 0.214599 69.5
      vertex -1.1 0 74.5
      vertex -1.1 0 69.5
    endloop
  endfacet
  facet normal -0.881916 0.471407 0
    outer loop
      vertex 0.914616 -0.611127 69.5
      vertex 1.01627 -0.420951 74.5
      vertex 1.01627 -0.420951 69.5
    endloop
  endfacet
  facet normal -0.881916 0.471407 0
    outer loop
      vertex 1.01627 -0.420951 74.5
      vertex 0.914616 -0.611127 69.5
      vertex 0.914616 -0.611127 74.5
    endloop
  endfacet
  facet normal -0.77301 0.634393 0
    outer loop
      vertex 0.777817 -0.777817 69.5
      vertex 0.914616 -0.611127 74.5
      vertex 0.914616 -0.611127 69.5
    endloop
  endfacet
  facet normal -0.77301 0.634393 0
    outer loop
      vertex 0.914616 -0.611127 74.5
      vertex 0.777817 -0.777817 69.5
      vertex 0.777817 -0.777817 74.5
    endloop
  endfacet
  facet normal 0.881916 -0.471407 0
    outer loop
      vertex -1.01627 0.420951 74.5
      vertex -0.914616 0.611127 69.5
      vertex -0.914616 0.611127 74.5
    endloop
  endfacet
  facet normal 0.881916 -0.471407 0
    outer loop
      vertex -0.914616 0.611127 69.5
      vertex -1.01627 0.420951 74.5
      vertex -1.01627 0.420951 69.5
    endloop
  endfacet
  facet normal 0.634393 0.77301 -0
    outer loop
      vertex -0.611127 -0.914616 69.5
      vertex -0.777817 -0.777817 74.5
      vertex -0.611127 -0.914616 74.5
    endloop
  endfacet
  facet normal 0.634393 0.77301 0
    outer loop
      vertex -0.777817 -0.777817 74.5
      vertex -0.611127 -0.914616 69.5
      vertex -0.777817 -0.777817 69.5
    endloop
  endfacet
  facet normal 0.956948 -0.290258 0
    outer loop
      vertex -1.07886 0.214599 74.5
      vertex -1.01627 0.420951 69.5
      vertex -1.01627 0.420951 74.5
    endloop
  endfacet
  facet normal 0.956948 -0.290258 0
    outer loop
      vertex -1.01627 0.420951 69.5
      vertex -1.07886 0.214599 74.5
      vertex -1.07886 0.214599 69.5
    endloop
  endfacet
  facet normal -0.956948 0.290258 0
    outer loop
      vertex 1.01627 -0.420951 69.5
      vertex 1.07886 -0.214599 74.5
      vertex 1.07886 -0.214599 69.5
    endloop
  endfacet
  facet normal -0.956948 0.290258 0
    outer loop
      vertex 1.07886 -0.214599 74.5
      vertex 1.01627 -0.420951 69.5
      vertex 1.01627 -0.420951 74.5
    endloop
  endfacet
  facet normal 0.773006 -0.634398 0
    outer loop
      vertex -0.914616 0.611127 74.5
      vertex -0.849999 0.689862 69.5
      vertex -0.849999 0.689862 74.5
    endloop
  endfacet
  facet normal 0.773006 -0.634398 0
    outer loop
      vertex -0.849999 0.689862 69.5
      vertex -0.914616 0.611127 74.5
      vertex -0.914616 0.611127 69.5
    endloop
  endfacet
  facet normal -0.995183 0.0980348 0
    outer loop
      vertex 1.07886 -0.214599 69.5
      vertex 1.1 0 74.5
      vertex 1.1 0 69.5
    endloop
  endfacet
  facet normal -0.995183 0.0980348 0
    outer loop
      vertex 1.1 0 74.5
      vertex 1.07886 -0.214599 69.5
      vertex 1.07886 -0.214599 74.5
    endloop
  endfacet
  facet normal 0.77301 0.634393 0
    outer loop
      vertex -0.777817 -0.777817 74.5
      vertex -0.914616 -0.611127 69.5
      vertex -0.914616 -0.611127 74.5
    endloop
  endfacet
  facet normal 0.77301 0.634393 0
    outer loop
      vertex -0.914616 -0.611127 69.5
      vertex -0.777817 -0.777817 74.5
      vertex -0.777817 -0.777817 69.5
    endloop
  endfacet
  facet normal -0.634393 0.77301 0
    outer loop
      vertex 0.777817 -0.777817 69.5
      vertex 0.611127 -0.914616 74.5
      vertex 0.777817 -0.777817 74.5
    endloop
  endfacet
  facet normal -0.634393 0.77301 0
    outer loop
      vertex 0.611127 -0.914616 74.5
      vertex 0.777817 -0.777817 69.5
      vertex 0.611127 -0.914616 69.5
    endloop
  endfacet
  facet normal 0.995183 0.0980348 0
    outer loop
      vertex -1.07886 -0.214599 74.5
      vertex -1.1 0 69.5
      vertex -1.1 0 74.5
    endloop
  endfacet
  facet normal 0.995183 0.0980348 0
    outer loop
      vertex -1.1 0 69.5
      vertex -1.07886 -0.214599 74.5
      vertex -1.07886 -0.214599 69.5
    endloop
  endfacet
  facet normal 0.0980348 0.995183 -0
    outer loop
      vertex 0 -1.1 69.5
      vertex -0.214599 -1.07886 74.5
      vertex 0 -1.1 74.5
    endloop
  endfacet
  facet normal 0.0980348 0.995183 0
    outer loop
      vertex -0.214599 -1.07886 74.5
      vertex 0 -1.1 69.5
      vertex -0.214599 -1.07886 69.5
    endloop
  endfacet
  facet normal 0.290258 0.956948 -0
    outer loop
      vertex -0.214599 -1.07886 69.5
      vertex -0.420951 -1.01627 74.5
      vertex -0.214599 -1.07886 74.5
    endloop
  endfacet
  facet normal 0.290258 0.956948 0
    outer loop
      vertex -0.420951 -1.01627 74.5
      vertex -0.214599 -1.07886 69.5
      vertex -0.420951 -1.01627 69.5
    endloop
  endfacet
  facet normal -1 0 0
    outer loop
      vertex 0.849999 0.689862 69.5
      vertex 0.849999 2.7722 74.5
      vertex 0.849999 2.7722 69.5
    endloop
  endfacet
  facet normal -1 -0 0
    outer loop
      vertex 0.849999 2.7722 74.5
      vertex 0.849999 0.689862 69.5
      vertex 0.849999 0.689862 74.5
    endloop
  endfacet
  facet normal 1 -0 0
    outer loop
      vertex -0.849999 0.689862 74.5
      vertex -0.849999 2.7722 69.5
      vertex -0.849999 2.7722 74.5
    endloop
  endfacet
  facet normal 1 0 0
    outer loop
      vertex -0.849999 2.7722 69.5
      vertex -0.849999 0.689862 74.5
      vertex -0.849999 0.689862 69.5
    endloop
  endfacet
  facet normal 0.740957 0.671552 0
    outer loop
      vertex 2.05061 2.05061 94.5
      vertex 2.13121 1.96168 93.546
      vertex 2.05061 2.05061 93.473
    endloop
  endfacet
  facet normal 0.740954 0.671556 -0
    outer loop
      vertex 2.24173 1.83974 93.628
      vertex 2.05061 2.05061 94.5
      vertex 2.24173 1.83974 94.5
    endloop
  endfacet
  facet normal 0.740951 0.671559 -1.07646e-06
    outer loop
      vertex 2.05061 2.05061 94.5
      vertex 2.24173 1.83974 93.628
      vertex 2.13121 1.96168 93.546
    endloop
  endfacet
  facet normal 0.740954 0.671556 0
    outer loop
      vertex 2.24173 1.83974 90.3298
      vertex 2.05061 2.05061 89.5
      vertex 2.05061 2.05061 90.521
    endloop
  endfacet
  facet normal 0.740954 0.671556 0
    outer loop
      vertex 2.05061 2.05061 89.5
      vertex 2.24173 1.83974 90.3298
      vertex 2.24173 1.83974 89.5
    endloop
  endfacet
  facet normal 0.989181 0.146701 0
    outer loop
      vertex 2.88603 0.284249 89.6855
      vertex 2.84428 0.565762 89.5
      vertex 2.84428 0.565762 89.7273
    endloop
  endfacet
  facet normal 0.989181 0.146701 0
    outer loop
      vertex 2.84428 0.565762 89.5
      vertex 2.88603 0.284249 89.6855
      vertex 2.88603 0.284249 89.5
    endloop
  endfacet
  facet normal 0.989181 0.146701 -0
    outer loop
      vertex 2.88603 0.284249 93.9306
      vertex 2.84428 0.565762 94.5
      vertex 2.88603 0.284249 94.5
    endloop
  endfacet
  facet normal 0.989181 0.146701 0
    outer loop
      vertex 2.84428 0.565762 94.5
      vertex 2.88603 0.284249 93.9306
      vertex 2.84428 0.565762 93.9201
    endloop
  endfacet
  facet normal 0.998794 0.0490878 0
    outer loop
      vertex 2.9 0 89.6716
      vertex 2.88603 0.284249 89.5
      vertex 2.88603 0.284249 89.6855
    endloop
  endfacet
  facet normal 0.998794 0.0490878 0
    outer loop
      vertex 2.88603 0.284249 89.5
      vertex 2.9 0 89.6716
      vertex 2.9 0 89.5
    endloop
  endfacet
  facet normal 0.998794 0.0490878 -0
    outer loop
      vertex 2.9 0 93.9341
      vertex 2.88603 0.284249 94.5
      vertex 2.9 0 94.5
    endloop
  endfacet
  facet normal 0.998794 0.0490878 0
    outer loop
      vertex 2.88603 0.284249 94.5
      vertex 2.9 0 93.9341
      vertex 2.88603 0.284249 93.9306
    endloop
  endfacet
  facet normal 0.970031 0.24298 0
    outer loop
      vertex 2.84428 0.565762 89.7273
      vertex 2.77513 0.841825 89.5
      vertex 2.77513 0.841825 89.7964
    endloop
  endfacet
  facet normal 0.970031 0.24298 0
    outer loop
      vertex 2.77513 0.841825 89.5
      vertex 2.84428 0.565762 89.7273
      vertex 2.84428 0.565762 89.5
    endloop
  endfacet
  facet normal 0.970037 0.242959 0
    outer loop
      vertex 2.77513 0.841825 94.5
      vertex 2.81943 0.664953 93.9139
      vertex 2.77513 0.841825 93.898
    endloop
  endfacet
  facet normal 0.970031 0.24298 -6.64212e-06
    outer loop
      vertex 2.84428 0.565762 94.5
      vertex 2.81943 0.664953 93.9139
      vertex 2.77513 0.841825 94.5
    endloop
  endfacet
  facet normal 0.970022 0.243017 0
    outer loop
      vertex 2.81943 0.664953 93.9139
      vertex 2.84428 0.565762 94.5
      vertex 2.84428 0.565762 93.9201
    endloop
  endfacet
  facet normal 0.336903 -0.941539 0
    outer loop
      vertex 0.841825 -2.77513 89.5
      vertex 1.10978 -2.67925 94.5
      vertex 0.841825 -2.77513 94.5
    endloop
  endfacet
  facet normal 0.336903 -0.941539 0
    outer loop
      vertex 1.10978 -2.67925 94.5
      vertex 0.841825 -2.77513 89.5
      vertex 1.10978 -2.67925 89.5
    endloop
  endfacet
  facet normal 0.857725 0.514108 0
    outer loop
      vertex 2.55757 1.36705 90.014
      vertex 2.41126 1.61115 89.5
      vertex 2.41126 1.61115 90.1603
    endloop
  endfacet
  facet normal 0.857725 0.514108 0
    outer loop
      vertex 2.41126 1.61115 89.5
      vertex 2.55757 1.36705 90.014
      vertex 2.55757 1.36705 89.5
    endloop
  endfacet
  facet normal 0.85769 0.514167 0
    outer loop
      vertex 2.41126 1.61115 94.5
      vertex 2.45721 1.5345 93.7638
      vertex 2.41126 1.61115 93.7363
    endloop
  endfacet
  facet normal 0.857725 0.514108 -0
    outer loop
      vertex 2.55757 1.36705 93.8113
      vertex 2.41126 1.61115 94.5
      vertex 2.55757 1.36705 94.5
    endloop
  endfacet
  facet normal 0.85774 0.514084 1.17154e-05
    outer loop
      vertex 2.41126 1.61115 94.5
      vertex 2.55757 1.36705 93.8113
      vertex 2.45721 1.5345 93.7638
    endloop
  endfacet
  facet normal 0.941539 0.336903 0
    outer loop
      vertex 2.77513 0.841825 89.7964
      vertex 2.67925 1.10978 89.5
      vertex 2.67925 1.10978 89.8923
    endloop
  endfacet
  facet normal 0.941539 0.336903 0
    outer loop
      vertex 2.67925 1.10978 89.5
      vertex 2.77513 0.841825 89.7964
      vertex 2.77513 0.841825 89.5
    endloop
  endfacet
  facet normal 0.941539 0.336903 -0
    outer loop
      vertex 2.77513 0.841825 93.898
      vertex 2.67925 1.10978 94.5
      vertex 2.77513 0.841825 94.5
    endloop
  endfacet
  facet normal 0.941539 0.336903 0
    outer loop
      vertex 2.67925 1.10978 94.5
      vertex 2.77513 0.841825 93.898
      vertex 2.67925 1.10978 93.8637
    endloop
  endfacet
  facet normal -0.740954 0.671556 0
    outer loop
      vertex -2.24173 1.83974 89.5
      vertex -2.05061 2.05061 94.5
      vertex -2.05061 2.05061 89.5
    endloop
  endfacet
  facet normal -0.740954 0.671556 0
    outer loop
      vertex -2.05061 2.05061 94.5
      vertex -2.24173 1.83974 89.5
      vertex -2.24173 1.83974 94.5
    endloop
  endfacet
  facet normal 0.0490878 -0.998794 0
    outer loop
      vertex 0 -2.9 89.5
      vertex 0.284249 -2.88603 94.5
      vertex 0 -2.9 94.5
    endloop
  endfacet
  facet normal 0.0490878 -0.998794 0
    outer loop
      vertex 0.284249 -2.88603 94.5
      vertex 0 -2.9 89.5
      vertex 0.284249 -2.88603 89.5
    endloop
  endfacet
  facet normal 0.427556 0.903989 -0
    outer loop
      vertex 1.36705 2.55757 89.5
      vertex 1.10978 2.67925 94.5
      vertex 1.36705 2.55757 94.5
    endloop
  endfacet
  facet normal 0.427556 0.903989 0
    outer loop
      vertex 1.10978 2.67925 94.5
      vertex 1.36705 2.55757 89.5
      vertex 1.10978 2.67925 89.5
    endloop
  endfacet
  facet normal 0.671556 0.740954 0
    outer loop
      vertex 1.83974 2.24173 89.5
      vertex 2.05061 2.05061 90.521
      vertex 2.05061 2.05061 89.5
    endloop
  endfacet
  facet normal 0.671561 0.740949 -1.9868e-06
    outer loop
      vertex 2.05061 2.05061 90.521
      vertex 1.83974 2.24173 89.5
      vertex 1.98579 2.10936 90.5858
    endloop
  endfacet
  facet normal 0.671543 0.740965 2.50978e-06
    outer loop
      vertex 1.98579 2.10936 90.5858
      vertex 1.83974 2.24173 89.5
      vertex 1.85398 2.22882 90.7312
    endloop
  endfacet
  facet normal 0.671662 0.740857 0
    outer loop
      vertex 1.85398 2.22882 90.7312
      vertex 1.83974 2.24173 89.5
      vertex 1.83974 2.24173 90.7504
    endloop
  endfacet
  facet normal 0.671556 0.740954 -0
    outer loop
      vertex 2.05061 2.05061 93.473
      vertex 1.83974 2.24173 94.5
      vertex 2.05061 2.05061 94.5
    endloop
  endfacet
  facet normal 0.671562 0.740949 2.00885e-06
    outer loop
      vertex 1.98579 2.10936 93.4142
      vertex 1.83974 2.24173 94.5
      vertex 2.05061 2.05061 93.473
    endloop
  endfacet
  facet normal 0.671543 0.740965 -2.50978e-06
    outer loop
      vertex 1.85398 2.22882 93.2688
      vertex 1.83974 2.24173 94.5
      vertex 1.98579 2.10936 93.4142
    endloop
  endfacet
  facet normal 0.671662 0.740857 0
    outer loop
      vertex 1.83974 2.24173 94.5
      vertex 1.85398 2.22882 93.2688
      vertex 1.83974 2.24173 93.2496
    endloop
  endfacet
  facet normal -0.59569 -0.803214 0
    outer loop
      vertex -1.83974 -2.24173 89.5
      vertex -1.61115 -2.41126 94.5
      vertex -1.83974 -2.24173 94.5
    endloop
  endfacet
  facet normal -0.59569 -0.803214 -0
    outer loop
      vertex -1.61115 -2.41126 94.5
      vertex -1.83974 -2.24173 89.5
      vertex -1.61115 -2.41126 89.5
    endloop
  endfacet
  facet normal 0.24298 -0.970031 0
    outer loop
      vertex 0.565762 -2.84428 89.5
      vertex 0.841825 -2.77513 94.5
      vertex 0.565762 -2.84428 94.5
    endloop
  endfacet
  facet normal 0.24298 -0.970031 0
    outer loop
      vertex 0.841825 -2.77513 94.5
      vertex 0.565762 -2.84428 89.5
      vertex 0.841825 -2.77513 89.5
    endloop
  endfacet
  facet normal 0.989181 -0.146701 0
    outer loop
      vertex 2.84428 -0.565762 94.5
      vertex 2.88603 -0.284249 93.9306
      vertex 2.88603 -0.284249 94.5
    endloop
  endfacet
  facet normal 0.989181 -0.146701 0
    outer loop
      vertex 2.88603 -0.284249 93.9306
      vertex 2.84428 -0.565762 94.5
      vertex 2.84428 -0.565762 93.9201
    endloop
  endfacet
  facet normal 0.989181 -0.146701 0
    outer loop
      vertex 2.84428 -0.565762 89.5
      vertex 2.88603 -0.284249 89.6855
      vertex 2.84428 -0.565762 89.7273
    endloop
  endfacet
  facet normal 0.989181 -0.146701 0
    outer loop
      vertex 2.88603 -0.284249 89.6855
      vertex 2.84428 -0.565762 89.5
      vertex 2.88603 -0.284249 89.5
    endloop
  endfacet
  facet normal 0.514108 -0.857725 0
    outer loop
      vertex 1.36705 -2.55757 94.5
      vertex 1.61115 -2.41126 92.8899
      vertex 1.61115 -2.41126 94.5
    endloop
  endfacet
  facet normal 0.51411 -0.857724 3.34895e-07
    outer loop
      vertex 1.36705 -2.55757 94.5
      vertex 1.55224 -2.44657 92.7654
      vertex 1.61115 -2.41126 92.8899
    endloop
  endfacet
  facet normal 0.514098 -0.857731 -1.3841e-06
    outer loop
      vertex 1.36705 -2.55757 94.5
      vertex 1.48612 -2.4862 92.5806
      vertex 1.55224 -2.44657 92.7654
    endloop
  endfacet
  facet normal 0.514166 -0.857691 4.32574e-06
    outer loop
      vertex 1.36705 -2.55757 94.5
      vertex 1.43843 -2.51479 92.3902
      vertex 1.48612 -2.4862 92.5806
    endloop
  endfacet
  facet normal 0.51406 -0.857754 -5.19543e-07
    outer loop
      vertex 1.36705 -2.55757 94.5
      vertex 1.40963 -2.53205 92.196
      vertex 1.43843 -2.51479 92.3902
    endloop
  endfacet
  facet normal 0.514002 -0.857789 -1.99465e-06
    outer loop
      vertex 1.36705 -2.55757 94.5
      vertex 1.4 -2.53782 92
      vertex 1.40963 -2.53205 92.196
    endloop
  endfacet
  facet normal 0.514113 -0.857723 0
    outer loop
      vertex 1.36705 -2.55757 89.5
      vertex 1.4 -2.53782 92
      vertex 1.36705 -2.55757 94.5
    endloop
  endfacet
  facet normal 0.514002 -0.857789 1.99465e-06
    outer loop
      vertex 1.36705 -2.55757 89.5
      vertex 1.40963 -2.53205 91.804
      vertex 1.4 -2.53782 92
    endloop
  endfacet
  facet normal 0.51406 -0.857754 5.19543e-07
    outer loop
      vertex 1.36705 -2.55757 89.5
      vertex 1.43843 -2.51479 91.6098
      vertex 1.40963 -2.53205 91.804
    endloop
  endfacet
  facet normal 0.514166 -0.857691 -4.32574e-06
    outer loop
      vertex 1.36705 -2.55757 89.5
      vertex 1.48612 -2.4862 91.4194
      vertex 1.43843 -2.51479 91.6098
    endloop
  endfacet
  facet normal 0.514098 -0.857731 1.3841e-06
    outer loop
      vertex 1.36705 -2.55757 89.5
      vertex 1.55224 -2.44657 91.2346
      vertex 1.48612 -2.4862 91.4194
    endloop
  endfacet
  facet normal 0.51411 -0.857724 -3.34895e-07
    outer loop
      vertex 1.36705 -2.55757 89.5
      vertex 1.61115 -2.41126 91.1101
      vertex 1.55224 -2.44657 91.2346
    endloop
  endfacet
  facet normal 0.514108 -0.857725 0
    outer loop
      vertex 1.61115 -2.41126 91.1101
      vertex 1.36705 -2.55757 89.5
      vertex 1.61115 -2.41126 89.5
    endloop
  endfacet
  facet normal -0.24298 -0.970031 0
    outer loop
      vertex -0.841825 -2.77513 89.5
      vertex -0.565762 -2.84428 94.5
      vertex -0.841825 -2.77513 94.5
    endloop
  endfacet
  facet normal -0.24298 -0.970031 -0
    outer loop
      vertex -0.565762 -2.84428 94.5
      vertex -0.841825 -2.77513 89.5
      vertex -0.565762 -2.84428 89.5
    endloop
  endfacet
  facet normal -0.59569 0.803214 0
    outer loop
      vertex -1.61115 2.41126 89.5
      vertex -1.83974 2.24173 94.5
      vertex -1.61115 2.41126 94.5
    endloop
  endfacet
  facet normal -0.59569 0.803214 0
    outer loop
      vertex -1.83974 2.24173 94.5
      vertex -1.61115 2.41126 89.5
      vertex -1.83974 2.24173 89.5
    endloop
  endfacet
  facet normal -0.998794 -0.0490878 0
    outer loop
      vertex -2.88603 -0.284249 89.5
      vertex -2.9 0 94.5
      vertex -2.9 0 89.5
    endloop
  endfacet
  facet normal -0.998794 -0.0490878 0
    outer loop
      vertex -2.9 0 94.5
      vertex -2.88603 -0.284249 89.5
      vertex -2.88603 -0.284249 94.5
    endloop
  endfacet
  facet normal -0.970031 -0.24298 0
    outer loop
      vertex -2.77513 -0.841825 89.5
      vertex -2.84428 -0.565762 94.5
      vertex -2.84428 -0.565762 89.5
    endloop
  endfacet
  facet normal -0.970031 -0.24298 0
    outer loop
      vertex -2.84428 -0.565762 94.5
      vertex -2.77513 -0.841825 89.5
      vertex -2.77513 -0.841825 94.5
    endloop
  endfacet
  facet normal 0.970022 -0.243017 0
    outer loop
      vertex 2.84428 -0.565762 94.5
      vertex 2.81943 -0.664953 93.9139
      vertex 2.84428 -0.565762 93.9201
    endloop
  endfacet
  facet normal 0.970031 -0.24298 -6.64212e-06
    outer loop
      vertex 2.77513 -0.841825 94.5
      vertex 2.81943 -0.664953 93.9139
      vertex 2.84428 -0.565762 94.5
    endloop
  endfacet
  facet normal 0.970037 -0.242959 0
    outer loop
      vertex 2.81943 -0.664953 93.9139
      vertex 2.77513 -0.841825 94.5
      vertex 2.77513 -0.841825 93.898
    endloop
  endfacet
  facet normal 0.970031 -0.24298 0
    outer loop
      vertex 2.77513 -0.841825 89.5
      vertex 2.84428 -0.565762 89.7273
      vertex 2.77513 -0.841825 89.7964
    endloop
  endfacet
  facet normal 0.970031 -0.24298 0
    outer loop
      vertex 2.84428 -0.565762 89.7273
      vertex 2.77513 -0.841825 89.5
      vertex 2.84428 -0.565762 89.5
    endloop
  endfacet
  facet normal -0.514108 0.857725 0
    outer loop
      vertex -1.36705 2.55757 89.5
      vertex -1.61115 2.41126 94.5
      vertex -1.36705 2.55757 94.5
    endloop
  endfacet
  facet normal -0.514108 0.857725 0
    outer loop
      vertex -1.61115 2.41126 94.5
      vertex -1.36705 2.55757 89.5
      vertex -1.61115 2.41126 89.5
    endloop
  endfacet
  facet normal 0.59569 0.803214 0
    outer loop
      vertex 1.61115 2.41126 89.5
      vertex 1.83974 2.24173 90.7504
      vertex 1.83974 2.24173 89.5
    endloop
  endfacet
  facet normal 0.595687 0.803217 1.06342e-06
    outer loop
      vertex 1.83974 2.24173 90.7504
      vertex 1.61115 2.41126 89.5
      vertex 1.73706 2.31788 90.8889
    endloop
  endfacet
  facet normal 0.595732 0.803183 -5.28915e-06
    outer loop
      vertex 1.73706 2.31788 90.8889
      vertex 1.61115 2.41126 89.5
      vertex 1.63616 2.39272 91.0572
    endloop
  endfacet
  facet normal 0.595519 0.803341 0
    outer loop
      vertex 1.63616 2.39272 91.0572
      vertex 1.61115 2.41126 89.5
      vertex 1.61115 2.41126 91.1101
    endloop
  endfacet
  facet normal 0.59569 0.803214 -0
    outer loop
      vertex 1.83974 2.24173 93.2496
      vertex 1.61115 2.41126 94.5
      vertex 1.83974 2.24173 94.5
    endloop
  endfacet
  facet normal 0.595687 0.803217 -1.06342e-06
    outer loop
      vertex 1.73706 2.31788 93.1111
      vertex 1.61115 2.41126 94.5
      vertex 1.83974 2.24173 93.2496
    endloop
  endfacet
  facet normal 0.595732 0.803183 5.28915e-06
    outer loop
      vertex 1.63616 2.39272 92.9428
      vertex 1.61115 2.41126 94.5
      vertex 1.73706 2.31788 93.1111
    endloop
  endfacet
  facet normal 0.595519 0.803341 0
    outer loop
      vertex 1.61115 2.41126 94.5
      vertex 1.63616 2.39272 92.9428
      vertex 1.61115 2.41126 92.8899
    endloop
  endfacet
  facet normal -0.903989 -0.427556 0
    outer loop
      vertex -2.55757 -1.36705 89.5
      vertex -2.67925 -1.10978 94.5
      vertex -2.67925 -1.10978 89.5
    endloop
  endfacet
  facet normal -0.903989 -0.427556 0
    outer loop
      vertex -2.67925 -1.10978 94.5
      vertex -2.55757 -1.36705 89.5
      vertex -2.55757 -1.36705 94.5
    endloop
  endfacet
  facet normal 0.941539 -0.336903 0
    outer loop
      vertex 2.67925 -1.10978 94.5
      vertex 2.77513 -0.841825 93.898
      vertex 2.77513 -0.841825 94.5
    endloop
  endfacet
  facet normal 0.941539 -0.336903 0
    outer loop
      vertex 2.77513 -0.841825 93.898
      vertex 2.67925 -1.10978 94.5
      vertex 2.67925 -1.10978 93.8637
    endloop
  endfacet
  facet normal 0.941539 -0.336903 0
    outer loop
      vertex 2.67925 -1.10978 89.5
      vertex 2.77513 -0.841825 89.7964
      vertex 2.67925 -1.10978 89.8923
    endloop
  endfacet
  facet normal 0.941539 -0.336903 0
    outer loop
      vertex 2.77513 -0.841825 89.7964
      vertex 2.67925 -1.10978 89.5
      vertex 2.77513 -0.841825 89.5
    endloop
  endfacet
  facet normal -0.427556 0.903989 0
    outer loop
      vertex -1.10978 2.67925 89.5
      vertex -1.36705 2.55757 94.5
      vertex -1.10978 2.67925 94.5
    endloop
  endfacet
  facet normal -0.427556 0.903989 0
    outer loop
      vertex -1.36705 2.55757 94.5
      vertex -1.10978 2.67925 89.5
      vertex -1.36705 2.55757 89.5
    endloop
  endfacet
  facet normal 0.514108 0.857725 -0
    outer loop
      vertex 1.61115 2.41126 92.8899
      vertex 1.36705 2.55757 94.5
      vertex 1.61115 2.41126 94.5
    endloop
  endfacet
  facet normal 0.51411 0.857724 3.34895e-07
    outer loop
      vertex 1.55224 2.44657 92.7654
      vertex 1.36705 2.55757 94.5
      vertex 1.61115 2.41126 92.8899
    endloop
  endfacet
  facet normal 0.514098 0.857731 -1.3841e-06
    outer loop
      vertex 1.48612 2.4862 92.5806
      vertex 1.36705 2.55757 94.5
      vertex 1.55224 2.44657 92.7654
    endloop
  endfacet
  facet normal 0.514166 0.857691 4.32574e-06
    outer loop
      vertex 1.43843 2.51479 92.3902
      vertex 1.36705 2.55757 94.5
      vertex 1.48612 2.4862 92.5806
    endloop
  endfacet
  facet normal 0.51406 0.857754 -5.19543e-07
    outer loop
      vertex 1.40963 2.53205 92.196
      vertex 1.36705 2.55757 94.5
      vertex 1.43843 2.51479 92.3902
    endloop
  endfacet
  facet normal 0.514002 0.857789 -1.99465e-06
    outer loop
      vertex 1.4 2.53782 92
      vertex 1.36705 2.55757 94.5
      vertex 1.40963 2.53205 92.196
    endloop
  endfacet
  facet normal 0.514108 0.857725 0
    outer loop
      vertex 1.36705 2.55757 89.5
      vertex 1.61115 2.41126 91.1101
      vertex 1.61115 2.41126 89.5
    endloop
  endfacet
  facet normal 0.51411 0.857724 -3.34895e-07
    outer loop
      vertex 1.61115 2.41126 91.1101
      vertex 1.36705 2.55757 89.5
      vertex 1.55224 2.44657 91.2346
    endloop
  endfacet
  facet normal 0.514098 0.857731 1.3841e-06
    outer loop
      vertex 1.55224 2.44657 91.2346
      vertex 1.36705 2.55757 89.5
      vertex 1.48612 2.4862 91.4194
    endloop
  endfacet
  facet normal 0.514166 0.857691 -4.32574e-06
    outer loop
      vertex 1.48612 2.4862 91.4194
      vertex 1.36705 2.55757 89.5
      vertex 1.43843 2.51479 91.6098
    endloop
  endfacet
  facet normal 0.514113 0.857723 0
    outer loop
      vertex 1.4 2.53782 92
      vertex 1.36705 2.55757 89.5
      vertex 1.36705 2.55757 94.5
    endloop
  endfacet
  facet normal 0.514002 0.857789 1.99465e-06
    outer loop
      vertex 1.40963 2.53205 91.804
      vertex 1.36705 2.55757 89.5
      vertex 1.4 2.53782 92
    endloop
  endfacet
  facet normal 0.51406 0.857754 5.19543e-07
    outer loop
      vertex 1.43843 2.51479 91.6098
      vertex 1.36705 2.55757 89.5
      vertex 1.40963 2.53205 91.804
    endloop
  endfacet
  facet normal 0.427556 -0.903989 0
    outer loop
      vertex 1.10978 -2.67925 89.5
      vertex 1.36705 -2.55757 94.5
      vertex 1.10978 -2.67925 94.5
    endloop
  endfacet
  facet normal 0.427556 -0.903989 0
    outer loop
      vertex 1.36705 -2.55757 94.5
      vertex 1.10978 -2.67925 89.5
      vertex 1.36705 -2.55757 89.5
    endloop
  endfacet
  facet normal -0.941539 -0.336903 0
    outer loop
      vertex -2.67925 -1.10978 89.5
      vertex -2.77513 -0.841825 94.5
      vertex -2.77513 -0.841825 89.5
    endloop
  endfacet
  facet normal -0.941539 -0.336903 0
    outer loop
      vertex -2.77513 -0.841825 94.5
      vertex -2.67925 -1.10978 89.5
      vertex -2.67925 -1.10978 94.5
    endloop
  endfacet
  facet normal 0.857725 -0.514108 0
    outer loop
      vertex 2.41126 -1.61115 89.5
      vertex 2.55757 -1.36705 90.014
      vertex 2.41126 -1.61115 90.1603
    endloop
  endfacet
  facet normal 0.857725 -0.514108 0
    outer loop
      vertex 2.55757 -1.36705 90.014
      vertex 2.41126 -1.61115 89.5
      vertex 2.55757 -1.36705 89.5
    endloop
  endfacet
  facet normal 0.857725 -0.514108 0
    outer loop
      vertex 2.41126 -1.61115 94.5
      vertex 2.55757 -1.36705 93.8113
      vertex 2.55757 -1.36705 94.5
    endloop
  endfacet
  facet normal 0.85774 -0.514084 1.17154e-05
    outer loop
      vertex 2.55757 -1.36705 93.8113
      vertex 2.41126 -1.61115 94.5
      vertex 2.45721 -1.5345 93.7638
    endloop
  endfacet
  facet normal 0.85769 -0.514167 0
    outer loop
      vertex 2.45721 -1.5345 93.7638
      vertex 2.41126 -1.61115 94.5
      vertex 2.41126 -1.61115 93.7363
    endloop
  endfacet
  facet normal 0.903989 -0.427556 0
    outer loop
      vertex 2.55757 -1.36705 89.5
      vertex 2.67925 -1.10978 89.8923
      vertex 2.55757 -1.36705 90.014
    endloop
  endfacet
  facet normal 0.903989 -0.427556 0
    outer loop
      vertex 2.67925 -1.10978 89.8923
      vertex 2.55757 -1.36705 89.5
      vertex 2.67925 -1.10978 89.5
    endloop
  endfacet
  facet normal 0.903987 -0.427559 0
    outer loop
      vertex 2.67925 -1.10978 94.5
      vertex 2.63463 -1.20412 93.8478
      vertex 2.67925 -1.10978 93.8637
    endloop
  endfacet
  facet normal 0.903989 -0.427556 -5.18284e-07
    outer loop
      vertex 2.55757 -1.36705 94.5
      vertex 2.63463 -1.20412 93.8478
      vertex 2.67925 -1.10978 94.5
    endloop
  endfacet
  facet normal 0.90399 -0.427554 0
    outer loop
      vertex 2.63463 -1.20412 93.8478
      vertex 2.55757 -1.36705 94.5
      vertex 2.55757 -1.36705 93.8113
    endloop
  endfacet
  facet normal 0.998794 -0.0490878 0
    outer loop
      vertex 2.88603 -0.284249 94.5
      vertex 2.9 0 93.9341
      vertex 2.9 0 94.5
    endloop
  endfacet
  facet normal 0.998794 -0.0490878 0
    outer loop
      vertex 2.9 0 93.9341
      vertex 2.88603 -0.284249 94.5
      vertex 2.88603 -0.284249 93.9306
    endloop
  endfacet
  facet normal 0.998794 -0.0490878 0
    outer loop
      vertex 2.88603 -0.284249 89.5
      vertex 2.9 0 89.6716
      vertex 2.88603 -0.284249 89.6855
    endloop
  endfacet
  facet normal 0.998794 -0.0490878 0
    outer loop
      vertex 2.9 0 89.6716
      vertex 2.88603 -0.284249 89.5
      vertex 2.9 0 89.5
    endloop
  endfacet
  facet normal 0.146701 -0.989181 0
    outer loop
      vertex 0.284249 -2.88603 89.5
      vertex 0.565762 -2.84428 94.5
      vertex 0.284249 -2.88603 94.5
    endloop
  endfacet
  facet normal 0.146701 -0.989181 0
    outer loop
      vertex 0.565762 -2.84428 94.5
      vertex 0.284249 -2.88603 89.5
      vertex 0.565762 -2.84428 89.5
    endloop
  endfacet
  facet normal 0.740954 -0.671556 0
    outer loop
      vertex 2.05061 -2.05061 94.5
      vertex 2.24173 -1.83974 93.628
      vertex 2.24173 -1.83974 94.5
    endloop
  endfacet
  facet normal 0.740951 -0.671559 -1.07646e-06
    outer loop
      vertex 2.24173 -1.83974 93.628
      vertex 2.05061 -2.05061 94.5
      vertex 2.13121 -1.96168 93.546
    endloop
  endfacet
  facet normal 0.740957 -0.671552 0
    outer loop
      vertex 2.13121 -1.96168 93.546
      vertex 2.05061 -2.05061 94.5
      vertex 2.05061 -2.05061 93.473
    endloop
  endfacet
  facet normal 0.740954 -0.671556 0
    outer loop
      vertex 2.05061 -2.05061 89.5
      vertex 2.24173 -1.83974 90.3298
      vertex 2.05061 -2.05061 90.521
    endloop
  endfacet
  facet normal 0.740954 -0.671556 0
    outer loop
      vertex 2.24173 -1.83974 90.3298
      vertex 2.05061 -2.05061 89.5
      vertex 2.24173 -1.83974 89.5
    endloop
  endfacet
  facet normal 0.803214 -0.59569 0
    outer loop
      vertex 2.24173 -1.83974 94.5
      vertex 2.41126 -1.61115 93.7363
      vertex 2.41126 -1.61115 94.5
    endloop
  endfacet
  facet normal 0.803212 -0.595693 -1.03931e-06
    outer loop
      vertex 2.41126 -1.61115 93.7363
      vertex 2.24173 -1.83974 94.5
      vertex 2.28886 -1.77619 93.6629
    endloop
  endfacet
  facet normal 0.803219 -0.595684 0
    outer loop
      vertex 2.28886 -1.77619 93.6629
      vertex 2.24173 -1.83974 94.5
      vertex 2.24173 -1.83974 93.628
    endloop
  endfacet
  facet normal 0.803214 -0.59569 0
    outer loop
      vertex 2.24173 -1.83974 89.5
      vertex 2.41126 -1.61115 90.1603
      vertex 2.24173 -1.83974 90.3298
    endloop
  endfacet
  facet normal 0.803214 -0.59569 0
    outer loop
      vertex 2.41126 -1.61115 90.1603
      vertex 2.24173 -1.83974 89.5
      vertex 2.41126 -1.61115 89.5
    endloop
  endfacet
  facet normal 0.803214 0.59569 0
    outer loop
      vertex 2.41126 1.61115 90.1603
      vertex 2.24173 1.83974 89.5
      vertex 2.24173 1.83974 90.3298
    endloop
  endfacet
  facet normal 0.803214 0.59569 0
    outer loop
      vertex 2.24173 1.83974 89.5
      vertex 2.41126 1.61115 90.1603
      vertex 2.41126 1.61115 89.5
    endloop
  endfacet
  facet normal 0.803219 0.595684 0
    outer loop
      vertex 2.24173 1.83974 94.5
      vertex 2.28886 1.77619 93.6629
      vertex 2.24173 1.83974 93.628
    endloop
  endfacet
  facet normal 0.803214 0.59569 -0
    outer loop
      vertex 2.41126 1.61115 93.7363
      vertex 2.24173 1.83974 94.5
      vertex 2.41126 1.61115 94.5
    endloop
  endfacet
  facet normal 0.803212 0.595693 -1.03931e-06
    outer loop
      vertex 2.24173 1.83974 94.5
      vertex 2.41126 1.61115 93.7363
      vertex 2.28886 1.77619 93.6629
    endloop
  endfacet
  facet normal 0.90399 0.427554 0
    outer loop
      vertex 2.55757 1.36705 94.5
      vertex 2.63463 1.20412 93.8478
      vertex 2.55757 1.36705 93.8113
    endloop
  endfacet
  facet normal 0.903989 0.427556 -5.18284e-07
    outer loop
      vertex 2.67925 1.10978 94.5
      vertex 2.63463 1.20412 93.8478
      vertex 2.55757 1.36705 94.5
    endloop
  endfacet
  facet normal 0.903987 0.427559 0
    outer loop
      vertex 2.63463 1.20412 93.8478
      vertex 2.67925 1.10978 94.5
      vertex 2.67925 1.10978 93.8637
    endloop
  endfacet
  facet normal 0.903989 0.427556 0
    outer loop
      vertex 2.67925 1.10978 89.8923
      vertex 2.55757 1.36705 89.5
      vertex 2.55757 1.36705 90.014
    endloop
  endfacet
  facet normal 0.903989 0.427556 0
    outer loop
      vertex 2.55757 1.36705 89.5
      vertex 2.67925 1.10978 89.8923
      vertex 2.67925 1.10978 89.5
    endloop
  endfacet
  facet normal -0.857725 0.514108 0
    outer loop
      vertex -2.55757 1.36705 89.5
      vertex -2.41126 1.61115 94.5
      vertex -2.41126 1.61115 89.5
    endloop
  endfacet
  facet normal -0.857725 0.514108 0
    outer loop
      vertex -2.41126 1.61115 94.5
      vertex -2.55757 1.36705 89.5
      vertex -2.55757 1.36705 94.5
    endloop
  endfacet
  facet normal -0.671556 0.740954 0
    outer loop
      vertex -1.83974 2.24173 89.5
      vertex -2.05061 2.05061 94.5
      vertex -1.83974 2.24173 94.5
    endloop
  endfacet
  facet normal -0.671556 0.740954 0
    outer loop
      vertex -2.05061 2.05061 94.5
      vertex -1.83974 2.24173 89.5
      vertex -2.05061 2.05061 89.5
    endloop
  endfacet
  facet normal -0.857725 -0.514108 0
    outer loop
      vertex -2.41126 -1.61115 89.5
      vertex -2.55757 -1.36705 94.5
      vertex -2.55757 -1.36705 89.5
    endloop
  endfacet
  facet normal -0.857725 -0.514108 0
    outer loop
      vertex -2.55757 -1.36705 94.5
      vertex -2.41126 -1.61115 89.5
      vertex -2.41126 -1.61115 94.5
    endloop
  endfacet
  facet normal -0.427556 -0.903989 0
    outer loop
      vertex -1.36705 -2.55757 89.5
      vertex -1.10978 -2.67925 94.5
      vertex -1.36705 -2.55757 94.5
    endloop
  endfacet
  facet normal -0.427556 -0.903989 -0
    outer loop
      vertex -1.10978 -2.67925 94.5
      vertex -1.36705 -2.55757 89.5
      vertex -1.10978 -2.67925 89.5
    endloop
  endfacet
  facet normal -0.740954 -0.671556 0
    outer loop
      vertex -2.05061 -2.05061 89.5
      vertex -2.24173 -1.83974 94.5
      vertex -2.24173 -1.83974 89.5
    endloop
  endfacet
  facet normal -0.740954 -0.671556 0
    outer loop
      vertex -2.24173 -1.83974 94.5
      vertex -2.05061 -2.05061 89.5
      vertex -2.05061 -2.05061 94.5
    endloop
  endfacet
  facet normal -0.336886 0.941545 0
    outer loop
      vertex -0.849999 2.7722 89.5
      vertex -1.10978 2.67925 94.5
      vertex -0.849999 2.7722 94.5
    endloop
  endfacet
  facet normal -0.336886 0.941545 0
    outer loop
      vertex -1.10978 2.67925 94.5
      vertex -0.849999 2.7722 89.5
      vertex -1.10978 2.67925 89.5
    endloop
  endfacet
  facet normal -0.514108 -0.857725 0
    outer loop
      vertex -1.61115 -2.41126 89.5
      vertex -1.36705 -2.55757 94.5
      vertex -1.61115 -2.41126 94.5
    endloop
  endfacet
  facet normal -0.514108 -0.857725 -0
    outer loop
      vertex -1.36705 -2.55757 94.5
      vertex -1.61115 -2.41126 89.5
      vertex -1.36705 -2.55757 89.5
    endloop
  endfacet
  facet normal 0.595519 -0.803341 0
    outer loop
      vertex 1.61115 -2.41126 89.5
      vertex 1.63616 -2.39272 91.0572
      vertex 1.61115 -2.41126 91.1101
    endloop
  endfacet
  facet normal 0.595732 -0.803183 -5.28915e-06
    outer loop
      vertex 1.61115 -2.41126 89.5
      vertex 1.73706 -2.31788 90.8889
      vertex 1.63616 -2.39272 91.0572
    endloop
  endfacet
  facet normal 0.595687 -0.803217 1.06342e-06
    outer loop
      vertex 1.61115 -2.41126 89.5
      vertex 1.83974 -2.24173 90.7504
      vertex 1.73706 -2.31788 90.8889
    endloop
  endfacet
  facet normal 0.59569 -0.803214 0
    outer loop
      vertex 1.83974 -2.24173 90.7504
      vertex 1.61115 -2.41126 89.5
      vertex 1.83974 -2.24173 89.5
    endloop
  endfacet
  facet normal 0.59569 -0.803214 0
    outer loop
      vertex 1.61115 -2.41126 94.5
      vertex 1.83974 -2.24173 93.2496
      vertex 1.83974 -2.24173 94.5
    endloop
  endfacet
  facet normal 0.595687 -0.803217 -1.06342e-06
    outer loop
      vertex 1.61115 -2.41126 94.5
      vertex 1.73706 -2.31788 93.1111
      vertex 1.83974 -2.24173 93.2496
    endloop
  endfacet
  facet normal 0.595732 -0.803183 5.28915e-06
    outer loop
      vertex 1.61115 -2.41126 94.5
      vertex 1.63616 -2.39272 92.9428
      vertex 1.73706 -2.31788 93.1111
    endloop
  endfacet
  facet normal 0.595519 -0.803341 0
    outer loop
      vertex 1.63616 -2.39272 92.9428
      vertex 1.61115 -2.41126 94.5
      vertex 1.61115 -2.41126 92.8899
    endloop
  endfacet
  facet normal -0.970031 0.24298 0
    outer loop
      vertex -2.84428 0.565762 89.5
      vertex -2.77513 0.841825 94.5
      vertex -2.77513 0.841825 89.5
    endloop
  endfacet
  facet normal -0.970031 0.24298 0
    outer loop
      vertex -2.77513 0.841825 94.5
      vertex -2.84428 0.565762 89.5
      vertex -2.84428 0.565762 94.5
    endloop
  endfacet
  facet normal -0.941539 0.336903 0
    outer loop
      vertex -2.77513 0.841825 89.5
      vertex -2.67925 1.10978 94.5
      vertex -2.67925 1.10978 89.5
    endloop
  endfacet
  facet normal -0.941539 0.336903 0
    outer loop
      vertex -2.67925 1.10978 94.5
      vertex -2.77513 0.841825 89.5
      vertex -2.77513 0.841825 94.5
    endloop
  endfacet
  facet normal 0.336886 0.941545 -0
    outer loop
      vertex 1.10978 2.67925 89.5
      vertex 0.849999 2.7722 94.5
      vertex 1.10978 2.67925 94.5
    endloop
  endfacet
  facet normal 0.336886 0.941545 0
    outer loop
      vertex 0.849999 2.7722 94.5
      vertex 1.10978 2.67925 89.5
      vertex 0.849999 2.7722 89.5
    endloop
  endfacet
  facet normal -0.803214 -0.59569 0
    outer loop
      vertex -2.24173 -1.83974 89.5
      vertex -2.41126 -1.61115 94.5
      vertex -2.41126 -1.61115 89.5
    endloop
  endfacet
  facet normal -0.803214 -0.59569 0
    outer loop
      vertex -2.41126 -1.61115 94.5
      vertex -2.24173 -1.83974 89.5
      vertex -2.24173 -1.83974 94.5
    endloop
  endfacet
  facet normal -0.989181 -0.146701 0
    outer loop
      vertex -2.84428 -0.565762 89.5
      vertex -2.88603 -0.284249 94.5
      vertex -2.88603 -0.284249 89.5
    endloop
  endfacet
  facet normal -0.989181 -0.146701 0
    outer loop
      vertex -2.88603 -0.284249 94.5
      vertex -2.84428 -0.565762 89.5
      vertex -2.84428 -0.565762 94.5
    endloop
  endfacet
  facet normal -0.903989 0.427556 0
    outer loop
      vertex -2.67925 1.10978 89.5
      vertex -2.55757 1.36705 94.5
      vertex -2.55757 1.36705 89.5
    endloop
  endfacet
  facet normal -0.903989 0.427556 0
    outer loop
      vertex -2.55757 1.36705 94.5
      vertex -2.67925 1.10978 89.5
      vertex -2.67925 1.10978 94.5
    endloop
  endfacet
  facet normal 0 0 -1
    outer loop
      vertex 1.1 0 89.5
      vertex 2.9 0 89.5
      vertex 2.88603 -0.284249 89.5
    endloop
  endfacet
  facet normal 0 0 -1
    outer loop
      vertex 1.07886 -0.214599 89.5
      vertex 2.88603 -0.284249 89.5
      vertex 2.84428 -0.565762 89.5
    endloop
  endfacet
  facet normal 0 0 -1
    outer loop
      vertex 2.9 0 89.5
      vertex 1.1 0 89.5
      vertex 2.88603 0.284249 89.5
    endloop
  endfacet
  facet normal 0 0 -1
    outer loop
      vertex 1.07886 -0.214599 89.5
      vertex 2.84428 -0.565762 89.5
      vertex 2.77513 -0.841825 89.5
    endloop
  endfacet
  facet normal 0 0 -1
    outer loop
      vertex 1.07886 0.214599 89.5
      vertex 2.88603 0.284249 89.5
      vertex 1.1 0 89.5
    endloop
  endfacet
  facet normal 0 0 -1
    outer loop
      vertex 1.01627 -0.420951 89.5
      vertex 2.77513 -0.841825 89.5
      vertex 2.67925 -1.10978 89.5
    endloop
  endfacet
  facet normal -0 0 -1
    outer loop
      vertex 2.88603 0.284249 89.5
      vertex 1.07886 0.214599 89.5
      vertex 2.84428 0.565762 89.5
    endloop
  endfacet
  facet normal 0 0 -1
    outer loop
      vertex 1.01627 -0.420951 89.5
      vertex 2.67925 -1.10978 89.5
      vertex 2.55757 -1.36705 89.5
    endloop
  endfacet
  facet normal -0 0 -1
    outer loop
      vertex 2.84428 0.565762 89.5
      vertex 1.07886 0.214599 89.5
      vertex 2.77513 0.841825 89.5
    endloop
  endfacet
  facet normal 0 0 -1
    outer loop
      vertex 0.914616 -0.611127 89.5
      vertex 2.55757 -1.36705 89.5
      vertex 2.41126 -1.61115 89.5
    endloop
  endfacet
  facet normal 0 0 -1
    outer loop
      vertex 1.01627 0.420951 89.5
      vertex 2.77513 0.841825 89.5
      vertex 1.07886 0.214599 89.5
    endloop
  endfacet
  facet normal 0 0 -1
    outer loop
      vertex 0.914616 -0.611127 89.5
      vertex 2.41126 -1.61115 89.5
      vertex 2.24173 -1.83974 89.5
    endloop
  endfacet
  facet normal -0 0 -1
    outer loop
      vertex 2.77513 0.841825 89.5
      vertex 1.01627 0.420951 89.5
      vertex 2.67925 1.10978 89.5
    endloop
  endfacet
  facet normal 0 0 -1
    outer loop
      vertex 0.777817 -0.777817 89.5
      vertex 2.24173 -1.83974 89.5
      vertex 2.05061 -2.05061 89.5
    endloop
  endfacet
  facet normal -0 0 -1
    outer loop
      vertex 2.67925 1.10978 89.5
      vertex 1.01627 0.420951 89.5
      vertex 2.55757 1.36705 89.5
    endloop
  endfacet
  facet normal 0 0 -1
    outer loop
      vertex 0.777817 -0.777817 89.5
      vertex 2.05061 -2.05061 89.5
      vertex 1.83974 -2.24173 89.5
    endloop
  endfacet
  facet normal 0 0 -1
    outer loop
      vertex 0.914616 0.611127 89.5
      vertex 2.55757 1.36705 89.5
      vertex 1.01627 0.420951 89.5
    endloop
  endfacet
  facet normal 0 0 -1
    outer loop
      vertex 0.611127 -0.914616 89.5
      vertex 1.83974 -2.24173 89.5
      vertex 1.61115 -2.41126 89.5
    endloop
  endfacet
  facet normal -0 0 -1
    outer loop
      vertex 2.55757 1.36705 89.5
      vertex 0.914616 0.611127 89.5
      vertex 2.41126 1.61115 89.5
    endloop
  endfacet
  facet normal 0 0 -1
    outer loop
      vertex 0.611127 -0.914616 89.5
      vertex 1.61115 -2.41126 89.5
      vertex 1.36705 -2.55757 89.5
    endloop
  endfacet
  facet normal -0 0 -1
    outer loop
      vertex 2.41126 1.61115 89.5
      vertex 0.914616 0.611127 89.5
      vertex 2.24173 1.83974 89.5
    endloop
  endfacet
  facet normal 0 0 -1
    outer loop
      vertex 0.420951 -1.01627 89.5
      vertex 1.36705 -2.55757 89.5
      vertex 1.10978 -2.67925 89.5
    endloop
  endfacet
  facet normal 0 0 -1
    outer loop
      vertex 0.849999 0.689862 89.5
      vertex 2.24173 1.83974 89.5
      vertex 0.914616 0.611127 89.5
    endloop
  endfacet
  facet normal -0 0 -1
    outer loop
      vertex 2.24173 1.83974 89.5
      vertex 0.849999 0.689862 89.5
      vertex 2.05061 2.05061 89.5
    endloop
  endfacet
  facet normal 0 0 -1
    outer loop
      vertex 2.88603 -0.284249 89.5
      vertex 1.07886 -0.214599 89.5
      vertex 1.1 0 89.5
    endloop
  endfacet
  facet normal 0 0 -1
    outer loop
      vertex 2.77513 -0.841825 89.5
      vertex 1.01627 -0.420951 89.5
      vertex 1.07886 -0.214599 89.5
    endloop
  endfacet
  facet normal 0 0 -1
    outer loop
      vertex 2.55757 -1.36705 89.5
      vertex 0.914616 -0.611127 89.5
      vertex 1.01627 -0.420951 89.5
    endloop
  endfacet
  facet normal 0 0 -1
    outer loop
      vertex 0.420951 -1.01627 89.5
      vertex 1.10978 -2.67925 89.5
      vertex 0.841825 -2.77513 89.5
    endloop
  endfacet
  facet normal 0 0 -1
    outer loop
      vertex 2.24173 -1.83974 89.5
      vertex 0.777817 -0.777817 89.5
      vertex 0.914616 -0.611127 89.5
    endloop
  endfacet
  facet normal 0 0 -1
    outer loop
      vertex 1.83974 -2.24173 89.5
      vertex 0.611127 -0.914616 89.5
      vertex 0.777817 -0.777817 89.5
    endloop
  endfacet
  facet normal 0 0 -1
    outer loop
      vertex 0.214599 -1.07886 89.5
      vertex 0.841825 -2.77513 89.5
      vertex 0.565762 -2.84428 89.5
    endloop
  endfacet
  facet normal 0 0 -1
    outer loop
      vertex 1.36705 -2.55757 89.5
      vertex 0.420951 -1.01627 89.5
      vertex 0.611127 -0.914616 89.5
    endloop
  endfacet
  facet normal 0 0 -1
    outer loop
      vertex 0.214599 -1.07886 89.5
      vertex 0.565762 -2.84428 89.5
      vertex 0.284249 -2.88603 89.5
    endloop
  endfacet
  facet normal 0 0 -1
    outer loop
      vertex 0.841825 -2.77513 89.5
      vertex 0.214599 -1.07886 89.5
      vertex 0.420951 -1.01627 89.5
    endloop
  endfacet
  facet normal 0 0 -1
    outer loop
      vertex 0 -1.1 89.5
      vertex 0.284249 -2.88603 89.5
      vertex 0 -2.9 89.5
    endloop
  endfacet
  facet normal 0 0 -1
    outer loop
      vertex 0.284249 -2.88603 89.5
      vertex 0 -1.1 89.5
      vertex 0.214599 -1.07886 89.5
    endloop
  endfacet
  facet normal 0 0 -1
    outer loop
      vertex -0.284249 -2.88603 89.5
      vertex 0 -1.1 89.5
      vertex 0 -2.9 89.5
    endloop
  endfacet
  facet normal -0 0 -1
    outer loop
      vertex 0 -1.1 89.5
      vertex -0.284249 -2.88603 89.5
      vertex -0.214599 -1.07886 89.5
    endloop
  endfacet
  facet normal 0 0 -1
    outer loop
      vertex -0.565762 -2.84428 89.5
      vertex -0.214599 -1.07886 89.5
      vertex -0.284249 -2.88603 89.5
    endloop
  endfacet
  facet normal 0 0 -1
    outer loop
      vertex -0.841825 -2.77513 89.5
      vertex -0.214599 -1.07886 89.5
      vertex -0.565762 -2.84428 89.5
    endloop
  endfacet
  facet normal -0 0 -1
    outer loop
      vertex -0.214599 -1.07886 89.5
      vertex -0.841825 -2.77513 89.5
      vertex -0.420951 -1.01627 89.5
    endloop
  endfacet
  facet normal 0 0 -1
    outer loop
      vertex -1.10978 -2.67925 89.5
      vertex -0.420951 -1.01627 89.5
      vertex -0.841825 -2.77513 89.5
    endloop
  endfacet
  facet normal 0 0 -1
    outer loop
      vertex -1.36705 -2.55757 89.5
      vertex -0.420951 -1.01627 89.5
      vertex -1.10978 -2.67925 89.5
    endloop
  endfacet
  facet normal -0 0 -1
    outer loop
      vertex -0.420951 -1.01627 89.5
      vertex -1.36705 -2.55757 89.5
      vertex -0.611127 -0.914616 89.5
    endloop
  endfacet
  facet normal 0 0 -1
    outer loop
      vertex -1.61115 -2.41126 89.5
      vertex -0.611127 -0.914616 89.5
      vertex -1.36705 -2.55757 89.5
    endloop
  endfacet
  facet normal 0 0 -1
    outer loop
      vertex -1.83974 -2.24173 89.5
      vertex -0.611127 -0.914616 89.5
      vertex -1.61115 -2.41126 89.5
    endloop
  endfacet
  facet normal -0 0 -1
    outer loop
      vertex -0.611127 -0.914616 89.5
      vertex -1.83974 -2.24173 89.5
      vertex -0.777817 -0.777817 89.5
    endloop
  endfacet
  facet normal 0 0 -1
    outer loop
      vertex -2.05061 -2.05061 89.5
      vertex -0.777817 -0.777817 89.5
      vertex -1.83974 -2.24173 89.5
    endloop
  endfacet
  facet normal -0 0 -1
    outer loop
      vertex 2.05061 2.05061 89.5
      vertex 0.849999 0.689862 89.5
      vertex 1.83974 2.24173 89.5
    endloop
  endfacet
  facet normal -0 0 -1
    outer loop
      vertex 1.83974 2.24173 89.5
      vertex 0.849999 0.689862 89.5
      vertex 1.61115 2.41126 89.5
    endloop
  endfacet
  facet normal -0 0 -1
    outer loop
      vertex 1.61115 2.41126 89.5
      vertex 0.849999 0.689862 89.5
      vertex 1.36705 2.55757 89.5
    endloop
  endfacet
  facet normal -0 0 -1
    outer loop
      vertex 1.36705 2.55757 89.5
      vertex 0.849999 0.689862 89.5
      vertex 1.10978 2.67925 89.5
    endloop
  endfacet
  facet normal -0 0 -1
    outer loop
      vertex 1.10978 2.67925 89.5
      vertex 0.849999 0.689862 89.5
      vertex 0.849999 2.7722 89.5
    endloop
  endfacet
  facet normal 0 0 -1
    outer loop
      vertex -2.24173 1.83974 89.5
      vertex -0.849999 0.689862 89.5
      vertex -0.914616 0.611127 89.5
    endloop
  endfacet
  facet normal 0 0 -1
    outer loop
      vertex -2.55757 1.36705 89.5
      vertex -0.914616 0.611127 89.5
      vertex -1.01627 0.420951 89.5
    endloop
  endfacet
  facet normal 0 0 -1
    outer loop
      vertex -2.77513 0.841825 89.5
      vertex -1.01627 0.420951 89.5
      vertex -1.07886 0.214599 89.5
    endloop
  endfacet
  facet normal 0 0 -1
    outer loop
      vertex -2.88603 0.284249 89.5
      vertex -1.07886 0.214599 89.5
      vertex -1.1 0 89.5
    endloop
  endfacet
  facet normal 0 0 -1
    outer loop
      vertex -0.849999 0.689862 89.5
      vertex -1.10978 2.67925 89.5
      vertex -0.849999 2.7722 89.5
    endloop
  endfacet
  facet normal 0 0 -1
    outer loop
      vertex -2.24173 -1.83974 89.5
      vertex -0.777817 -0.777817 89.5
      vertex -2.05061 -2.05061 89.5
    endloop
  endfacet
  facet normal -0 0 -1
    outer loop
      vertex -0.777817 -0.777817 89.5
      vertex -2.24173 -1.83974 89.5
      vertex -0.914616 -0.611127 89.5
    endloop
  endfacet
  facet normal 0 0 -1
    outer loop
      vertex -0.849999 0.689862 89.5
      vertex -1.36705 2.55757 89.5
      vertex -1.10978 2.67925 89.5
    endloop
  endfacet
  facet normal 0 0 -1
    outer loop
      vertex -2.41126 -1.61115 89.5
      vertex -0.914616 -0.611127 89.5
      vertex -2.24173 -1.83974 89.5
    endloop
  endfacet
  facet normal 0 0 -1
    outer loop
      vertex -0.849999 0.689862 89.5
      vertex -1.61115 2.41126 89.5
      vertex -1.36705 2.55757 89.5
    endloop
  endfacet
  facet normal 0 0 -1
    outer loop
      vertex -2.55757 -1.36705 89.5
      vertex -0.914616 -0.611127 89.5
      vertex -2.41126 -1.61115 89.5
    endloop
  endfacet
  facet normal 0 0 -1
    outer loop
      vertex -0.849999 0.689862 89.5
      vertex -1.83974 2.24173 89.5
      vertex -1.61115 2.41126 89.5
    endloop
  endfacet
  facet normal -0 0 -1
    outer loop
      vertex -0.914616 -0.611127 89.5
      vertex -2.55757 -1.36705 89.5
      vertex -1.01627 -0.420951 89.5
    endloop
  endfacet
  facet normal 0 0 -1
    outer loop
      vertex -0.849999 0.689862 89.5
      vertex -2.05061 2.05061 89.5
      vertex -1.83974 2.24173 89.5
    endloop
  endfacet
  facet normal 0 0 -1
    outer loop
      vertex -2.67925 -1.10978 89.5
      vertex -1.01627 -0.420951 89.5
      vertex -2.55757 -1.36705 89.5
    endloop
  endfacet
  facet normal 0 0 -1
    outer loop
      vertex -0.849999 0.689862 89.5
      vertex -2.24173 1.83974 89.5
      vertex -2.05061 2.05061 89.5
    endloop
  endfacet
  facet normal 0 0 -1
    outer loop
      vertex -2.77513 -0.841825 89.5
      vertex -1.01627 -0.420951 89.5
      vertex -2.67925 -1.10978 89.5
    endloop
  endfacet
  facet normal 0 0 -1
    outer loop
      vertex -0.914616 0.611127 89.5
      vertex -2.41126 1.61115 89.5
      vertex -2.24173 1.83974 89.5
    endloop
  endfacet
  facet normal -0 0 -1
    outer loop
      vertex -1.01627 -0.420951 89.5
      vertex -2.77513 -0.841825 89.5
      vertex -1.07886 -0.214599 89.5
    endloop
  endfacet
  facet normal 0 0 -1
    outer loop
      vertex -0.914616 0.611127 89.5
      vertex -2.55757 1.36705 89.5
      vertex -2.41126 1.61115 89.5
    endloop
  endfacet
  facet normal 0 0 -1
    outer loop
      vertex -2.84428 -0.565762 89.5
      vertex -1.07886 -0.214599 89.5
      vertex -2.77513 -0.841825 89.5
    endloop
  endfacet
  facet normal 0 0 -1
    outer loop
      vertex -1.01627 0.420951 89.5
      vertex -2.67925 1.10978 89.5
      vertex -2.55757 1.36705 89.5
    endloop
  endfacet
  facet normal 0 0 -1
    outer loop
      vertex -2.88603 -0.284249 89.5
      vertex -1.07886 -0.214599 89.5
      vertex -2.84428 -0.565762 89.5
    endloop
  endfacet
  facet normal 0 0 -1
    outer loop
      vertex -1.01627 0.420951 89.5
      vertex -2.77513 0.841825 89.5
      vertex -2.67925 1.10978 89.5
    endloop
  endfacet
  facet normal -0 0 -1
    outer loop
      vertex -1.07886 -0.214599 89.5
      vertex -2.88603 -0.284249 89.5
      vertex -1.1 0 89.5
    endloop
  endfacet
  facet normal 0 0 -1
    outer loop
      vertex -1.07886 0.214599 89.5
      vertex -2.84428 0.565762 89.5
      vertex -2.77513 0.841825 89.5
    endloop
  endfacet
  facet normal 0 0 -1
    outer loop
      vertex -2.9 0 89.5
      vertex -1.1 0 89.5
      vertex -2.88603 -0.284249 89.5
    endloop
  endfacet
  facet normal 0 0 -1
    outer loop
      vertex -1.07886 0.214599 89.5
      vertex -2.88603 0.284249 89.5
      vertex -2.84428 0.565762 89.5
    endloop
  endfacet
  facet normal 0 0 -1
    outer loop
      vertex -1.1 0 89.5
      vertex -2.9 0 89.5
      vertex -2.88603 0.284249 89.5
    endloop
  endfacet
  facet normal -0.671556 -0.740954 0
    outer loop
      vertex -2.05061 -2.05061 89.5
      vertex -1.83974 -2.24173 94.5
      vertex -2.05061 -2.05061 94.5
    endloop
  endfacet
  facet normal -0.671556 -0.740954 -0
    outer loop
      vertex -1.83974 -2.24173 94.5
      vertex -2.05061 -2.05061 89.5
      vertex -1.83974 -2.24173 89.5
    endloop
  endfacet
  facet normal -0.803214 0.59569 0
    outer loop
      vertex -2.41126 1.61115 89.5
      vertex -2.24173 1.83974 94.5
      vertex -2.24173 1.83974 89.5
    endloop
  endfacet
  facet normal -0.803214 0.59569 0
    outer loop
      vertex -2.24173 1.83974 94.5
      vertex -2.41126 1.61115 89.5
      vertex -2.41126 1.61115 94.5
    endloop
  endfacet
  facet normal -0.0490878 -0.998794 0
    outer loop
      vertex -0.284249 -2.88603 89.5
      vertex 0 -2.9 94.5
      vertex -0.284249 -2.88603 94.5
    endloop
  endfacet
  facet normal -0.0490878 -0.998794 -0
    outer loop
      vertex 0 -2.9 94.5
      vertex -0.284249 -2.88603 89.5
      vertex 0 -2.9 89.5
    endloop
  endfacet
  facet normal -0.146701 -0.989181 0
    outer loop
      vertex -0.565762 -2.84428 89.5
      vertex -0.284249 -2.88603 94.5
      vertex -0.565762 -2.84428 94.5
    endloop
  endfacet
  facet normal -0.146701 -0.989181 -0
    outer loop
      vertex -0.284249 -2.88603 94.5
      vertex -0.565762 -2.84428 89.5
      vertex -0.284249 -2.88603 89.5
    endloop
  endfacet
  facet normal -0.989181 0.146701 0
    outer loop
      vertex -2.88603 0.284249 89.5
      vertex -2.84428 0.565762 94.5
      vertex -2.84428 0.565762 89.5
    endloop
  endfacet
  facet normal -0.989181 0.146701 0
    outer loop
      vertex -2.84428 0.565762 94.5
      vertex -2.88603 0.284249 89.5
      vertex -2.88603 0.284249 94.5
    endloop
  endfacet
  facet normal -0.998794 0.0490878 0
    outer loop
      vertex -2.9 0 89.5
      vertex -2.88603 0.284249 94.5
      vertex -2.88603 0.284249 89.5
    endloop
  endfacet
  facet normal -0.998794 0.0490878 0
    outer loop
      vertex -2.88603 0.284249 94.5
      vertex -2.9 0 89.5
      vertex -2.9 0 94.5
    endloop
  endfacet
  facet normal -0.336903 -0.941539 0
    outer loop
      vertex -1.10978 -2.67925 89.5
      vertex -0.841825 -2.77513 94.5
      vertex -1.10978 -2.67925 94.5
    endloop
  endfacet
  facet normal -0.336903 -0.941539 -0
    outer loop
      vertex -0.841825 -2.77513 94.5
      vertex -1.10978 -2.67925 89.5
      vertex -0.841825 -2.77513 89.5
    endloop
  endfacet
  facet normal 0.671662 -0.740857 0
    outer loop
      vertex 1.83974 -2.24173 89.5
      vertex 1.85398 -2.22882 90.7312
      vertex 1.83974 -2.24173 90.7504
    endloop
  endfacet
  facet normal 0.671543 -0.740965 2.50978e-06
    outer loop
      vertex 1.83974 -2.24173 89.5
      vertex 1.98579 -2.10936 90.5858
      vertex 1.85398 -2.22882 90.7312
    endloop
  endfacet
  facet normal 0.671561 -0.740949 -1.9868e-06
    outer loop
      vertex 1.83974 -2.24173 89.5
      vertex 2.05061 -2.05061 90.521
      vertex 1.98579 -2.10936 90.5858
    endloop
  endfacet
  facet normal 0.671556 -0.740954 0
    outer loop
      vertex 2.05061 -2.05061 90.521
      vertex 1.83974 -2.24173 89.5
      vertex 2.05061 -2.05061 89.5
    endloop
  endfacet
  facet normal 0.671556 -0.740954 0
    outer loop
      vertex 1.83974 -2.24173 94.5
      vertex 2.05061 -2.05061 93.473
      vertex 2.05061 -2.05061 94.5
    endloop
  endfacet
  facet normal 0.671562 -0.740949 2.00885e-06
    outer loop
      vertex 1.83974 -2.24173 94.5
      vertex 1.98579 -2.10936 93.4142
      vertex 2.05061 -2.05061 93.473
    endloop
  endfacet
  facet normal 0.671543 -0.740965 -2.50978e-06
    outer loop
      vertex 1.83974 -2.24173 94.5
      vertex 1.85398 -2.22882 93.2688
      vertex 1.98579 -2.10936 93.4142
    endloop
  endfacet
  facet normal 0.671662 -0.740857 0
    outer loop
      vertex 1.85398 -2.22882 93.2688
      vertex 1.83974 -2.24173 94.5
      vertex 1.83974 -2.24173 93.2496
    endloop
  endfacet
  facet normal -0 0 1
    outer loop
      vertex -1.10978 2.67925 94.5
      vertex -0.849999 0.689862 94.5
      vertex -0.849999 2.7722 94.5
    endloop
  endfacet
  facet normal -0 0 1
    outer loop
      vertex -1.36705 2.55757 94.5
      vertex -0.849999 0.689862 94.5
      vertex -1.10978 2.67925 94.5
    endloop
  endfacet
  facet normal -0 0 1
    outer loop
      vertex -1.61115 2.41126 94.5
      vertex -0.849999 0.689862 94.5
      vertex -1.36705 2.55757 94.5
    endloop
  endfacet
  facet normal -0 0 1
    outer loop
      vertex -1.83974 2.24173 94.5
      vertex -0.849999 0.689862 94.5
      vertex -1.61115 2.41126 94.5
    endloop
  endfacet
  facet normal -0 0 1
    outer loop
      vertex -2.05061 2.05061 94.5
      vertex -0.849999 0.689862 94.5
      vertex -1.83974 2.24173 94.5
    endloop
  endfacet
  facet normal 0 0 1
    outer loop
      vertex 1.1 0 94.5
      vertex 2.9 0 94.5
      vertex 2.88603 0.284249 94.5
    endloop
  endfacet
  facet normal 0 0 1
    outer loop
      vertex 1.07886 0.214599 94.5
      vertex 2.88603 0.284249 94.5
      vertex 2.84428 0.565762 94.5
    endloop
  endfacet
  facet normal 0 0 1
    outer loop
      vertex 2.9 0 94.5
      vertex 1.1 0 94.5
      vertex 2.88603 -0.284249 94.5
    endloop
  endfacet
  facet normal 0 0 1
    outer loop
      vertex 1.07886 0.214599 94.5
      vertex 2.84428 0.565762 94.5
      vertex 2.77513 0.841825 94.5
    endloop
  endfacet
  facet normal -0 0 1
    outer loop
      vertex 1.07886 -0.214599 94.5
      vertex 2.88603 -0.284249 94.5
      vertex 1.1 0 94.5
    endloop
  endfacet
  facet normal 0 0 1
    outer loop
      vertex 1.01627 0.420951 94.5
      vertex 2.77513 0.841825 94.5
      vertex 2.67925 1.10978 94.5
    endloop
  endfacet
  facet normal 0 0 1
    outer loop
      vertex 2.88603 -0.284249 94.5
      vertex 1.07886 -0.214599 94.5
      vertex 2.84428 -0.565762 94.5
    endloop
  endfacet
  facet normal 0 0 1
    outer loop
      vertex 1.01627 0.420951 94.5
      vertex 2.67925 1.10978 94.5
      vertex 2.55757 1.36705 94.5
    endloop
  endfacet
  facet normal 0 0 1
    outer loop
      vertex 2.84428 -0.565762 94.5
      vertex 1.07886 -0.214599 94.5
      vertex 2.77513 -0.841825 94.5
    endloop
  endfacet
  facet normal 0 0 1
    outer loop
      vertex 0.914616 0.611127 94.5
      vertex 2.55757 1.36705 94.5
      vertex 2.41126 1.61115 94.5
    endloop
  endfacet
  facet normal -0 0 1
    outer loop
      vertex 1.01627 -0.420951 94.5
      vertex 2.77513 -0.841825 94.5
      vertex 1.07886 -0.214599 94.5
    endloop
  endfacet
  facet normal 0 0 1
    outer loop
      vertex 0.914616 0.611127 94.5
      vertex 2.41126 1.61115 94.5
      vertex 2.24173 1.83974 94.5
    endloop
  endfacet
  facet normal 0 0 1
    outer loop
      vertex 2.77513 -0.841825 94.5
      vertex 1.01627 -0.420951 94.5
      vertex 2.67925 -1.10978 94.5
    endloop
  endfacet
  facet normal 0 0 1
    outer loop
      vertex 0.849999 0.689862 94.5
      vertex 2.24173 1.83974 94.5
      vertex 2.05061 2.05061 94.5
    endloop
  endfacet
  facet normal 0 0 1
    outer loop
      vertex 2.67925 -1.10978 94.5
      vertex 1.01627 -0.420951 94.5
      vertex 2.55757 -1.36705 94.5
    endloop
  endfacet
  facet normal 0 0 1
    outer loop
      vertex 0.849999 0.689862 94.5
      vertex 2.05061 2.05061 94.5
      vertex 1.83974 2.24173 94.5
    endloop
  endfacet
  facet normal -0 0 1
    outer loop
      vertex 0.914616 -0.611127 94.5
      vertex 2.55757 -1.36705 94.5
      vertex 1.01627 -0.420951 94.5
    endloop
  endfacet
  facet normal 0 0 1
    outer loop
      vertex 0.849999 0.689862 94.5
      vertex 1.83974 2.24173 94.5
      vertex 1.61115 2.41126 94.5
    endloop
  endfacet
  facet normal 0 0 1
    outer loop
      vertex 2.55757 -1.36705 94.5
      vertex 0.914616 -0.611127 94.5
      vertex 2.41126 -1.61115 94.5
    endloop
  endfacet
  facet normal 0 0 1
    outer loop
      vertex 0.849999 0.689862 94.5
      vertex 1.61115 2.41126 94.5
      vertex 1.36705 2.55757 94.5
    endloop
  endfacet
  facet normal 0 0 1
    outer loop
      vertex 2.41126 -1.61115 94.5
      vertex 0.914616 -0.611127 94.5
      vertex 2.24173 -1.83974 94.5
    endloop
  endfacet
  facet normal 0 0 1
    outer loop
      vertex 0.849999 0.689862 94.5
      vertex 1.36705 2.55757 94.5
      vertex 1.10978 2.67925 94.5
    endloop
  endfacet
  facet normal -0 0 1
    outer loop
      vertex 0.777817 -0.777817 94.5
      vertex 2.24173 -1.83974 94.5
      vertex 0.914616 -0.611127 94.5
    endloop
  endfacet
  facet normal 0 0 1
    outer loop
      vertex 2.24173 -1.83974 94.5
      vertex 0.777817 -0.777817 94.5
      vertex 2.05061 -2.05061 94.5
    endloop
  endfacet
  facet normal 0 0 1
    outer loop
      vertex 2.88603 0.284249 94.5
      vertex 1.07886 0.214599 94.5
      vertex 1.1 0 94.5
    endloop
  endfacet
  facet normal 0 0 1
    outer loop
      vertex 2.77513 0.841825 94.5
      vertex 1.01627 0.420951 94.5
      vertex 1.07886 0.214599 94.5
    endloop
  endfacet
  facet normal 0 0 1
    outer loop
      vertex 2.55757 1.36705 94.5
      vertex 0.914616 0.611127 94.5
      vertex 1.01627 0.420951 94.5
    endloop
  endfacet
  facet normal 0 0 1
    outer loop
      vertex 0.849999 0.689862 94.5
      vertex 1.10978 2.67925 94.5
      vertex 0.849999 2.7722 94.5
    endloop
  endfacet
  facet normal 0 0 1
    outer loop
      vertex 2.24173 1.83974 94.5
      vertex 0.849999 0.689862 94.5
      vertex 0.914616 0.611127 94.5
    endloop
  endfacet
  facet normal 0 0 1
    outer loop
      vertex 2.05061 -2.05061 94.5
      vertex 0.777817 -0.777817 94.5
      vertex 1.83974 -2.24173 94.5
    endloop
  endfacet
  facet normal -0 0 1
    outer loop
      vertex 0.611127 -0.914616 94.5
      vertex 1.83974 -2.24173 94.5
      vertex 0.777817 -0.777817 94.5
    endloop
  endfacet
  facet normal 0 0 1
    outer loop
      vertex 1.83974 -2.24173 94.5
      vertex 0.611127 -0.914616 94.5
      vertex 1.61115 -2.41126 94.5
    endloop
  endfacet
  facet normal 0 0 1
    outer loop
      vertex 1.61115 -2.41126 94.5
      vertex 0.611127 -0.914616 94.5
      vertex 1.36705 -2.55757 94.5
    endloop
  endfacet
  facet normal -0 0 1
    outer loop
      vertex 0.420951 -1.01627 94.5
      vertex 1.36705 -2.55757 94.5
      vertex 0.611127 -0.914616 94.5
    endloop
  endfacet
  facet normal 0 0 1
    outer loop
      vertex 1.36705 -2.55757 94.5
      vertex 0.420951 -1.01627 94.5
      vertex 1.10978 -2.67925 94.5
    endloop
  endfacet
  facet normal 0 0 1
    outer loop
      vertex 1.10978 -2.67925 94.5
      vertex 0.420951 -1.01627 94.5
      vertex 0.841825 -2.77513 94.5
    endloop
  endfacet
  facet normal -0 0 1
    outer loop
      vertex 0.214599 -1.07886 94.5
      vertex 0.841825 -2.77513 94.5
      vertex 0.420951 -1.01627 94.5
    endloop
  endfacet
  facet normal 0 0 1
    outer loop
      vertex 0.841825 -2.77513 94.5
      vertex 0.214599 -1.07886 94.5
      vertex 0.565762 -2.84428 94.5
    endloop
  endfacet
  facet normal 0 0 1
    outer loop
      vertex 0.565762 -2.84428 94.5
      vertex 0.214599 -1.07886 94.5
      vertex 0.284249 -2.88603 94.5
    endloop
  endfacet
  facet normal -0 0 1
    outer loop
      vertex 0 -1.1 94.5
      vertex 0.284249 -2.88603 94.5
      vertex 0.214599 -1.07886 94.5
    endloop
  endfacet
  facet normal 0 0 1
    outer loop
      vertex 0 -1.1 94.5
      vertex 0 -2.9 94.5
      vertex 0.284249 -2.88603 94.5
    endloop
  endfacet
  facet normal 0 0 1
    outer loop
      vertex -0.284249 -2.88603 94.5
      vertex 0 -1.1 94.5
      vertex -0.214599 -1.07886 94.5
    endloop
  endfacet
  facet normal 0 0 1
    outer loop
      vertex 0 -1.1 94.5
      vertex -0.284249 -2.88603 94.5
      vertex 0 -2.9 94.5
    endloop
  endfacet
  facet normal 0 0 1
    outer loop
      vertex -0.841825 -2.77513 94.5
      vertex -0.214599 -1.07886 94.5
      vertex -0.420951 -1.01627 94.5
    endloop
  endfacet
  facet normal 0 0 1
    outer loop
      vertex -0.214599 -1.07886 94.5
      vertex -0.565762 -2.84428 94.5
      vertex -0.284249 -2.88603 94.5
    endloop
  endfacet
  facet normal 0 0 1
    outer loop
      vertex -1.36705 -2.55757 94.5
      vertex -0.420951 -1.01627 94.5
      vertex -0.611127 -0.914616 94.5
    endloop
  endfacet
  facet normal 0 0 1
    outer loop
      vertex -1.83974 -2.24173 94.5
      vertex -0.611127 -0.914616 94.5
      vertex -0.777817 -0.777817 94.5
    endloop
  endfacet
  facet normal 0 0 1
    outer loop
      vertex -0.214599 -1.07886 94.5
      vertex -0.841825 -2.77513 94.5
      vertex -0.565762 -2.84428 94.5
    endloop
  endfacet
  facet normal 0 0 1
    outer loop
      vertex -2.24173 -1.83974 94.5
      vertex -0.777817 -0.777817 94.5
      vertex -0.914616 -0.611127 94.5
    endloop
  endfacet
  facet normal 0 0 1
    outer loop
      vertex -2.55757 -1.36705 94.5
      vertex -0.914616 -0.611127 94.5
      vertex -1.01627 -0.420951 94.5
    endloop
  endfacet
  facet normal 0 0 1
    outer loop
      vertex -2.77513 -0.841825 94.5
      vertex -1.01627 -0.420951 94.5
      vertex -1.07886 -0.214599 94.5
    endloop
  endfacet
  facet normal 0 0 1
    outer loop
      vertex -2.88603 -0.284249 94.5
      vertex -1.07886 -0.214599 94.5
      vertex -1.1 0 94.5
    endloop
  endfacet
  facet normal 0 0 1
    outer loop
      vertex -0.420951 -1.01627 94.5
      vertex -1.10978 -2.67925 94.5
      vertex -0.841825 -2.77513 94.5
    endloop
  endfacet
  facet normal -0 0 1
    outer loop
      vertex -2.24173 1.83974 94.5
      vertex -0.849999 0.689862 94.5
      vertex -2.05061 2.05061 94.5
    endloop
  endfacet
  facet normal 0 0 1
    outer loop
      vertex -0.849999 0.689862 94.5
      vertex -2.24173 1.83974 94.5
      vertex -0.914616 0.611127 94.5
    endloop
  endfacet
  facet normal 0 0 1
    outer loop
      vertex -0.420951 -1.01627 94.5
      vertex -1.36705 -2.55757 94.5
      vertex -1.10978 -2.67925 94.5
    endloop
  endfacet
  facet normal -0 0 1
    outer loop
      vertex -2.41126 1.61115 94.5
      vertex -0.914616 0.611127 94.5
      vertex -2.24173 1.83974 94.5
    endloop
  endfacet
  facet normal 0 0 1
    outer loop
      vertex -0.611127 -0.914616 94.5
      vertex -1.61115 -2.41126 94.5
      vertex -1.36705 -2.55757 94.5
    endloop
  endfacet
  facet normal -0 0 1
    outer loop
      vertex -2.55757 1.36705 94.5
      vertex -0.914616 0.611127 94.5
      vertex -2.41126 1.61115 94.5
    endloop
  endfacet
  facet normal 0 0 1
    outer loop
      vertex -0.611127 -0.914616 94.5
      vertex -1.83974 -2.24173 94.5
      vertex -1.61115 -2.41126 94.5
    endloop
  endfacet
  facet normal 0 0 1
    outer loop
      vertex -0.914616 0.611127 94.5
      vertex -2.55757 1.36705 94.5
      vertex -1.01627 0.420951 94.5
    endloop
  endfacet
  facet normal 0 0 1
    outer loop
      vertex -0.777817 -0.777817 94.5
      vertex -2.05061 -2.05061 94.5
      vertex -1.83974 -2.24173 94.5
    endloop
  endfacet
  facet normal -0 0 1
    outer loop
      vertex -2.67925 1.10978 94.5
      vertex -1.01627 0.420951 94.5
      vertex -2.55757 1.36705 94.5
    endloop
  endfacet
  facet normal 0 0 1
    outer loop
      vertex -0.777817 -0.777817 94.5
      vertex -2.24173 -1.83974 94.5
      vertex -2.05061 -2.05061 94.5
    endloop
  endfacet
  facet normal -0 0 1
    outer loop
      vertex -2.77513 0.841825 94.5
      vertex -1.01627 0.420951 94.5
      vertex -2.67925 1.10978 94.5
    endloop
  endfacet
  facet normal 0 0 1
    outer loop
      vertex -0.914616 -0.611127 94.5
      vertex -2.41126 -1.61115 94.5
      vertex -2.24173 -1.83974 94.5
    endloop
  endfacet
  facet normal 0 0 1
    outer loop
      vertex -1.01627 0.420951 94.5
      vertex -2.77513 0.841825 94.5
      vertex -1.07886 0.214599 94.5
    endloop
  endfacet
  facet normal 0 0 1
    outer loop
      vertex -0.914616 -0.611127 94.5
      vertex -2.55757 -1.36705 94.5
      vertex -2.41126 -1.61115 94.5
    endloop
  endfacet
  facet normal -0 0 1
    outer loop
      vertex -2.84428 0.565762 94.5
      vertex -1.07886 0.214599 94.5
      vertex -2.77513 0.841825 94.5
    endloop
  endfacet
  facet normal 0 0 1
    outer loop
      vertex -1.01627 -0.420951 94.5
      vertex -2.67925 -1.10978 94.5
      vertex -2.55757 -1.36705 94.5
    endloop
  endfacet
  facet normal -0 0 1
    outer loop
      vertex -2.88603 0.284249 94.5
      vertex -1.07886 0.214599 94.5
      vertex -2.84428 0.565762 94.5
    endloop
  endfacet
  facet normal 0 0 1
    outer loop
      vertex -1.01627 -0.420951 94.5
      vertex -2.77513 -0.841825 94.5
      vertex -2.67925 -1.10978 94.5
    endloop
  endfacet
  facet normal 0 0 1
    outer loop
      vertex -1.07886 0.214599 94.5
      vertex -2.88603 0.284249 94.5
      vertex -1.1 0 94.5
    endloop
  endfacet
  facet normal 0 0 1
    outer loop
      vertex -1.07886 -0.214599 94.5
      vertex -2.84428 -0.565762 94.5
      vertex -2.77513 -0.841825 94.5
    endloop
  endfacet
  facet normal 0 0 1
    outer loop
      vertex -2.9 0 94.5
      vertex -1.1 0 94.5
      vertex -2.88603 0.284249 94.5
    endloop
  endfacet
  facet normal 0 0 1
    outer loop
      vertex -1.07886 -0.214599 94.5
      vertex -2.88603 -0.284249 94.5
      vertex -2.84428 -0.565762 94.5
    endloop
  endfacet
  facet normal 0 0 1
    outer loop
      vertex -1.1 0 94.5
      vertex -2.9 0 94.5
      vertex -2.88603 -0.284249 94.5
    endloop
  endfacet
  facet normal 0.471407 0.881916 -0
    outer loop
      vertex -0.420951 -1.01627 89.5
      vertex -0.611127 -0.914616 94.5
      vertex -0.420951 -1.01627 94.5
    endloop
  endfacet
  facet normal 0.471407 0.881916 0
    outer loop
      vertex -0.611127 -0.914616 94.5
      vertex -0.420951 -1.01627 89.5
      vertex -0.611127 -0.914616 89.5
    endloop
  endfacet
  facet normal -0.0980348 0.995183 0
    outer loop
      vertex 0.214599 -1.07886 89.5
      vertex 0 -1.1 94.5
      vertex 0.214599 -1.07886 94.5
    endloop
  endfacet
  facet normal -0.0980348 0.995183 0
    outer loop
      vertex 0 -1.1 94.5
      vertex 0.214599 -1.07886 89.5
      vertex 0 -1.1 89.5
    endloop
  endfacet
  facet normal -0.956948 -0.290258 0
    outer loop
      vertex 1.07886 0.214599 89.5
      vertex 1.01627 0.420951 94.5
      vertex 1.01627 0.420951 89.5
    endloop
  endfacet
  facet normal -0.956948 -0.290258 0
    outer loop
      vertex 1.01627 0.420951 94.5
      vertex 1.07886 0.214599 89.5
      vertex 1.07886 0.214599 94.5
    endloop
  endfacet
  facet normal -0.995183 -0.0980348 0
    outer loop
      vertex 1.1 0 89.5
      vertex 1.07886 0.214599 94.5
      vertex 1.07886 0.214599 89.5
    endloop
  endfacet
  facet normal -0.995183 -0.0980348 0
    outer loop
      vertex 1.07886 0.214599 94.5
      vertex 1.1 0 89.5
      vertex 1.1 0 94.5
    endloop
  endfacet
  facet normal -0.881916 -0.471407 0
    outer loop
      vertex 1.01627 0.420951 89.5
      vertex 0.914616 0.611127 94.5
      vertex 0.914616 0.611127 89.5
    endloop
  endfacet
  facet normal -0.881916 -0.471407 0
    outer loop
      vertex 0.914616 0.611127 94.5
      vertex 1.01627 0.420951 89.5
      vertex 1.01627 0.420951 94.5
    endloop
  endfacet
  facet normal 0.956948 0.290258 0
    outer loop
      vertex -1.01627 -0.420951 94.5
      vertex -1.07886 -0.214599 89.5
      vertex -1.07886 -0.214599 94.5
    endloop
  endfacet
  facet normal 0.956948 0.290258 0
    outer loop
      vertex -1.07886 -0.214599 89.5
      vertex -1.01627 -0.420951 94.5
      vertex -1.01627 -0.420951 89.5
    endloop
  endfacet
  facet normal -0.471407 0.881916 0
    outer loop
      vertex 0.611127 -0.914616 89.5
      vertex 0.420951 -1.01627 94.5
      vertex 0.611127 -0.914616 94.5
    endloop
  endfacet
  facet normal -0.471407 0.881916 0
    outer loop
      vertex 0.420951 -1.01627 94.5
      vertex 0.611127 -0.914616 89.5
      vertex 0.420951 -1.01627 89.5
    endloop
  endfacet
  facet normal -0.773006 -0.634398 0
    outer loop
      vertex 0.914616 0.611127 89.5
      vertex 0.849999 0.689862 94.5
      vertex 0.849999 0.689862 89.5
    endloop
  endfacet
  facet normal -0.773006 -0.634398 0
    outer loop
      vertex 0.849999 0.689862 94.5
      vertex 0.914616 0.611127 89.5
      vertex 0.914616 0.611127 94.5
    endloop
  endfacet
  facet normal 0.881916 0.471407 0
    outer loop
      vertex -0.914616 -0.611127 94.5
      vertex -1.01627 -0.420951 89.5
      vertex -1.01627 -0.420951 94.5
    endloop
  endfacet
  facet normal 0.881916 0.471407 0
    outer loop
      vertex -1.01627 -0.420951 89.5
      vertex -0.914616 -0.611127 94.5
      vertex -0.914616 -0.611127 89.5
    endloop
  endfacet
  facet normal -0.290258 0.956948 0
    outer loop
      vertex 0.420951 -1.01627 89.5
      vertex 0.214599 -1.07886 94.5
      vertex 0.420951 -1.01627 94.5
    endloop
  endfacet
  facet normal -0.290258 0.956948 0
    outer loop
      vertex 0.214599 -1.07886 94.5
      vertex 0.420951 -1.01627 89.5
      vertex 0.214599 -1.07886 89.5
    endloop
  endfacet
  facet normal 0.995183 -0.0980348 0
    outer loop
      vertex -1.1 0 94.5
      vertex -1.07886 0.214599 89.5
      vertex -1.07886 0.214599 94.5
    endloop
  endfacet
  facet normal 0.995183 -0.0980348 0
    outer loop
      vertex -1.07886 0.214599 89.5
      vertex -1.1 0 94.5
      vertex -1.1 0 89.5
    endloop
  endfacet
  facet normal -0.881916 0.471407 0
    outer loop
      vertex 0.914616 -0.611127 89.5
      vertex 1.01627 -0.420951 94.5
      vertex 1.01627 -0.420951 89.5
    endloop
  endfacet
  facet normal -0.881916 0.471407 0
    outer loop
      vertex 1.01627 -0.420951 94.5
      vertex 0.914616 -0.611127 89.5
      vertex 0.914616 -0.611127 94.5
    endloop
  endfacet
  facet normal -0.77301 0.634393 0
    outer loop
      vertex 0.777817 -0.777817 89.5
      vertex 0.914616 -0.611127 94.5
      vertex 0.914616 -0.611127 89.5
    endloop
  endfacet
  facet normal -0.77301 0.634393 0
    outer loop
      vertex 0.914616 -0.611127 94.5
      vertex 0.777817 -0.777817 89.5
      vertex 0.777817 -0.777817 94.5
    endloop
  endfacet
  facet normal 0.881916 -0.471407 0
    outer loop
      vertex -1.01627 0.420951 94.5
      vertex -0.914616 0.611127 89.5
      vertex -0.914616 0.611127 94.5
    endloop
  endfacet
  facet normal 0.881916 -0.471407 0
    outer loop
      vertex -0.914616 0.611127 89.5
      vertex -1.01627 0.420951 94.5
      vertex -1.01627 0.420951 89.5
    endloop
  endfacet
  facet normal 0.634393 0.77301 -0
    outer loop
      vertex -0.611127 -0.914616 89.5
      vertex -0.777817 -0.777817 94.5
      vertex -0.611127 -0.914616 94.5
    endloop
  endfacet
  facet normal 0.634393 0.77301 0
    outer loop
      vertex -0.777817 -0.777817 94.5
      vertex -0.611127 -0.914616 89.5
      vertex -0.777817 -0.777817 89.5
    endloop
  endfacet
  facet normal 0.956948 -0.290258 0
    outer loop
      vertex -1.07886 0.214599 94.5
      vertex -1.01627 0.420951 89.5
      vertex -1.01627 0.420951 94.5
    endloop
  endfacet
  facet normal 0.956948 -0.290258 0
    outer loop
      vertex -1.01627 0.420951 89.5
      vertex -1.07886 0.214599 94.5
      vertex -1.07886 0.214599 89.5
    endloop
  endfacet
  facet normal -0.956948 0.290258 0
    outer loop
      vertex 1.01627 -0.420951 89.5
      vertex 1.07886 -0.214599 94.5
      vertex 1.07886 -0.214599 89.5
    endloop
  endfacet
  facet normal -0.956948 0.290258 0
    outer loop
      vertex 1.07886 -0.214599 94.5
      vertex 1.01627 -0.420951 89.5
      vertex 1.01627 -0.420951 94.5
    endloop
  endfacet
  facet normal 0.773006 -0.634398 0
    outer loop
      vertex -0.914616 0.611127 94.5
      vertex -0.849999 0.689862 89.5
      vertex -0.849999 0.689862 94.5
    endloop
  endfacet
  facet normal 0.773006 -0.634398 0
    outer loop
      vertex -0.849999 0.689862 89.5
      vertex -0.914616 0.611127 94.5
      vertex -0.914616 0.611127 89.5
    endloop
  endfacet
  facet normal -0.995183 0.0980348 0
    outer loop
      vertex 1.07886 -0.214599 89.5
      vertex 1.1 0 94.5
      vertex 1.1 0 89.5
    endloop
  endfacet
  facet normal -0.995183 0.0980348 0
    outer loop
      vertex 1.1 0 94.5
      vertex 1.07886 -0.214599 89.5
      vertex 1.07886 -0.214599 94.5
    endloop
  endfacet
  facet normal 0.77301 0.634393 0
    outer loop
      vertex -0.777817 -0.777817 94.5
      vertex -0.914616 -0.611127 89.5
      vertex -0.914616 -0.611127 94.5
    endloop
  endfacet
  facet normal 0.77301 0.634393 0
    outer loop
      vertex -0.914616 -0.611127 89.5
      vertex -0.777817 -0.777817 94.5
      vertex -0.777817 -0.777817 89.5
    endloop
  endfacet
  facet normal -0.634393 0.77301 0
    outer loop
      vertex 0.777817 -0.777817 89.5
      vertex 0.611127 -0.914616 94.5
      vertex 0.777817 -0.777817 94.5
    endloop
  endfacet
  facet normal -0.634393 0.77301 0
    outer loop
      vertex 0.611127 -0.914616 94.5
      vertex 0.777817 -0.777817 89.5
      vertex 0.611127 -0.914616 89.5
    endloop
  endfacet
  facet normal 0.995183 0.0980348 0
    outer loop
      vertex -1.07886 -0.214599 94.5
      vertex -1.1 0 89.5
      vertex -1.1 0 94.5
    endloop
  endfacet
  facet normal 0.995183 0.0980348 0
    outer loop
      vertex -1.1 0 89.5
      vertex -1.07886 -0.214599 94.5
      vertex -1.07886 -0.214599 89.5
    endloop
  endfacet
  facet normal 0.0980348 0.995183 -0
    outer loop
      vertex 0 -1.1 89.5
      vertex -0.214599 -1.07886 94.5
      vertex 0 -1.1 94.5
    endloop
  endfacet
  facet normal 0.0980348 0.995183 0
    outer loop
      vertex -0.214599 -1.07886 94.5
      vertex 0 -1.1 89.5
      vertex -0.214599 -1.07886 89.5
    endloop
  endfacet
  facet normal 0.290258 0.956948 -0
    outer loop
      vertex -0.214599 -1.07886 89.5
      vertex -0.420951 -1.01627 94.5
      vertex -0.214599 -1.07886 94.5
    endloop
  endfacet
  facet normal 0.290258 0.956948 0
    outer loop
      vertex -0.420951 -1.01627 94.5
      vertex -0.214599 -1.07886 89.5
      vertex -0.420951 -1.01627 89.5
    endloop
  endfacet
  facet normal -1 0 0
    outer loop
      vertex 0.849999 0.689862 89.5
      vertex 0.849999 2.7722 94.5
      vertex 0.849999 2.7722 89.5
    endloop
  endfacet
  facet normal -1 -0 0
    outer loop
      vertex 0.849999 2.7722 94.5
      vertex 0.849999 0.689862 89.5
      vertex 0.849999 0.689862 94.5
    endloop
  endfacet
  facet normal 1 -0 0
    outer loop
      vertex -0.849999 0.689862 94.5
      vertex -0.849999 2.7722 89.5
      vertex -0.849999 2.7722 94.5
    endloop
  endfacet
  facet normal 1 0 0
    outer loop
      vertex -0.849999 2.7722 89.5
      vertex -0.849999 0.689862 94.5
      vertex -0.849999 0.689862 89.5
    endloop
  endfacet
endsolid OpenSCAD_Model
